nohup: ignoring input

> nestjs-realworld-example-app@1.0.0 start
> ts-node-dev --respawn -r tsconfig-paths/register src/main.ts

[INFO] 19:07:56 ts-node-dev ver. 2.0.0 (using ts-node ver. 10.9.2, typescript ver. 5.1.6)
[32m[Nest] 43261  - [39m10/15/2025, 7:08:01 PM [32m    LOG[39m [38;5;3m[NestFactory] [39m[32mStarting Nest application...[39m
[32m[Nest] 43261  - [39m10/15/2025, 7:08:01 PM [32m    LOG[39m [38;5;3m[InstanceLoader] [39m[32mMikroOrmModule dependencies initialized[39m[38;5;3m +16ms[39m
[90m[info] [39mMikroORM version: [32m5.7.14[39m
[90m[discovery] [39mORM entity discovery started, using [36mReflectMetadataProvider[39m
[90m[discovery] [39m- processing entity [36mUser[39m[90m[39m
[90m[discovery] [39m- processing entity [36mTag[39m[90m[39m
[90m[discovery] [39m- processing entity [36mArticle[39m[90m[39m
[90m[discovery] [39m- processing entity [36mComment[39m[90m[39m
[90m[discovery] [39m- entity discovery finished, found [32m6[39m entities, took [32m38 ms[39m
[90m[info] [39mMikroORM successfully connected to database [32mconduit on mysql://conduit:*****@db:3306[39m
[90m[query] [39m[37m[1mselect[22m[39m [32m1[39m [37m[1mfrom[22m[39m information_schema[0m.[0mschemata [37m[1mwhere[22m[39m schema_name [0m=[0m [33m'conduit'[39m[90m [took 1 ms, 1 result][39m
[90m[query] [39m[37m[1mshow[22m[39m [37m[1mvariables[22m[39m [37m[1mlike[22m[39m [33m'auto_increment_increment'[39m[90m [took 3 ms, 1 result][39m
[32m[Nest] 43261  - [39m10/15/2025, 7:08:01 PM [32m    LOG[39m [38;5;3m[InstanceLoader] [39m[32mMikroOrmCoreModule dependencies initialized[39m[38;5;3m +125ms[39m
[32m[Nest] 43261  - [39m10/15/2025, 7:08:01 PM [32m    LOG[39m [38;5;3m[InstanceLoader] [39m[32mAppModule dependencies initialized[39m[38;5;3m +0ms[39m
[32m[Nest] 43261  - [39m10/15/2025, 7:08:01 PM [32m    LOG[39m [38;5;3m[InstanceLoader] [39m[32mMikroOrmModule dependencies initialized[39m[38;5;3m +0ms[39m
[32m[Nest] 43261  - [39m10/15/2025, 7:08:01 PM [32m    LOG[39m [38;5;3m[InstanceLoader] [39m[32mMikroOrmModule dependencies initialized[39m[38;5;3m +0ms[39m
[32m[Nest] 43261  - [39m10/15/2025, 7:08:01 PM [32m    LOG[39m [38;5;3m[InstanceLoader] [39m[32mMikroOrmModule dependencies initialized[39m[38;5;3m +0ms[39m
[32m[Nest] 43261  - [39m10/15/2025, 7:08:01 PM [32m    LOG[39m [38;5;3m[InstanceLoader] [39m[32mArticleModule dependencies initialized[39m[38;5;3m +1ms[39m
[32m[Nest] 43261  - [39m10/15/2025, 7:08:01 PM [32m    LOG[39m [38;5;3m[InstanceLoader] [39m[32mProfileModule dependencies initialized[39m[38;5;3m +0ms[39m
[32m[Nest] 43261  - [39m10/15/2025, 7:08:01 PM [32m    LOG[39m [38;5;3m[InstanceLoader] [39m[32mUserModule dependencies initialized[39m[38;5;3m +1ms[39m
[32m[Nest] 43261  - [39m10/15/2025, 7:08:01 PM [32m    LOG[39m [38;5;3m[InstanceLoader] [39m[32mTagModule dependencies initialized[39m[38;5;3m +0ms[39m
[32m[Nest] 43261  - [39m10/15/2025, 7:08:01 PM [32m    LOG[39m [38;5;3m[RoutesResolver] [39m[32mAppController {/api/api}:[39m[38;5;3m +24ms[39m
[32m[Nest] 43261  - [39m10/15/2025, 7:08:01 PM [32m    LOG[39m [38;5;3m[RouterExplorer] [39m[32mMapped {/api/api, GET} route[39m[38;5;3m +2ms[39m
[32m[Nest] 43261  - [39m10/15/2025, 7:08:01 PM [32m    LOG[39m [38;5;3m[RoutesResolver] [39m[32mArticleController {/api/articles}:[39m[38;5;3m +0ms[39m
[32m[Nest] 43261  - [39m10/15/2025, 7:08:01 PM [32m    LOG[39m [38;5;3m[RouterExplorer] [39m[32mMapped {/api/articles, GET} route[39m[38;5;3m +0ms[39m
[32m[Nest] 43261  - [39m10/15/2025, 7:08:01 PM [32m    LOG[39m [38;5;3m[RouterExplorer] [39m[32mMapped {/api/articles/feed, GET} route[39m[38;5;3m +1ms[39m
[32m[Nest] 43261  - [39m10/15/2025, 7:08:01 PM [32m    LOG[39m [38;5;3m[RouterExplorer] [39m[32mMapped {/api/articles/:slug, GET} route[39m[38;5;3m +0ms[39m
[32m[Nest] 43261  - [39m10/15/2025, 7:08:01 PM [32m    LOG[39m [38;5;3m[RouterExplorer] [39m[32mMapped {/api/articles/:slug/comments, GET} route[39m[38;5;3m +0ms[39m
[32m[Nest] 43261  - [39m10/15/2025, 7:08:01 PM [32m    LOG[39m [38;5;3m[RouterExplorer] [39m[32mMapped {/api/articles, POST} route[39m[38;5;3m +1ms[39m
[32m[Nest] 43261  - [39m10/15/2025, 7:08:01 PM [32m    LOG[39m [38;5;3m[RouterExplorer] [39m[32mMapped {/api/articles/:slug, PUT} route[39m[38;5;3m +0ms[39m
[32m[Nest] 43261  - [39m10/15/2025, 7:08:01 PM [32m    LOG[39m [38;5;3m[RouterExplorer] [39m[32mMapped {/api/articles/:slug, DELETE} route[39m[38;5;3m +0ms[39m
[32m[Nest] 43261  - [39m10/15/2025, 7:08:01 PM [32m    LOG[39m [38;5;3m[RouterExplorer] [39m[32mMapped {/api/articles/:slug/comments, POST} route[39m[38;5;3m +0ms[39m
[32m[Nest] 43261  - [39m10/15/2025, 7:08:01 PM [32m    LOG[39m [38;5;3m[RouterExplorer] [39m[32mMapped {/api/articles/:slug/comments/:id, DELETE} route[39m[38;5;3m +1ms[39m
[32m[Nest] 43261  - [39m10/15/2025, 7:08:01 PM [32m    LOG[39m [38;5;3m[RouterExplorer] [39m[32mMapped {/api/articles/:slug/favorite, POST} route[39m[38;5;3m +0ms[39m
[32m[Nest] 43261  - [39m10/15/2025, 7:08:01 PM [32m    LOG[39m [38;5;3m[RouterExplorer] [39m[32mMapped {/api/articles/:slug/favorite, DELETE} route[39m[38;5;3m +0ms[39m
[32m[Nest] 43261  - [39m10/15/2025, 7:08:01 PM [32m    LOG[39m [38;5;3m[RoutesResolver] [39m[32mUserController {/api}:[39m[38;5;3m +0ms[39m
[32m[Nest] 43261  - [39m10/15/2025, 7:08:01 PM [32m    LOG[39m [38;5;3m[RouterExplorer] [39m[32mMapped {/api/user, GET} route[39m[38;5;3m +1ms[39m
[32m[Nest] 43261  - [39m10/15/2025, 7:08:01 PM [32m    LOG[39m [38;5;3m[RouterExplorer] [39m[32mMapped {/api/user, PUT} route[39m[38;5;3m +0ms[39m
[32m[Nest] 43261  - [39m10/15/2025, 7:08:01 PM [32m    LOG[39m [38;5;3m[RouterExplorer] [39m[32mMapped {/api/users, POST} route[39m[38;5;3m +0ms[39m
[32m[Nest] 43261  - [39m10/15/2025, 7:08:01 PM [32m    LOG[39m [38;5;3m[RouterExplorer] [39m[32mMapped {/api/users/:slug, DELETE} route[39m[38;5;3m +0ms[39m
[32m[Nest] 43261  - [39m10/15/2025, 7:08:01 PM [32m    LOG[39m [38;5;3m[RouterExplorer] [39m[32mMapped {/api/users/login, POST} route[39m[38;5;3m +1ms[39m
[32m[Nest] 43261  - [39m10/15/2025, 7:08:01 PM [32m    LOG[39m [38;5;3m[RouterExplorer] [39m[32mMapped {/api/users, GET} route[39m[38;5;3m +0ms[39m
[32m[Nest] 43261  - [39m10/15/2025, 7:08:01 PM [32m    LOG[39m [38;5;3m[RoutesResolver] [39m[32mProfileController {/api/profiles}:[39m[38;5;3m +0ms[39m
[32m[Nest] 43261  - [39m10/15/2025, 7:08:01 PM [32m    LOG[39m [38;5;3m[RouterExplorer] [39m[32mMapped {/api/profiles/:username, GET} route[39m[38;5;3m +0ms[39m
[32m[Nest] 43261  - [39m10/15/2025, 7:08:01 PM [32m    LOG[39m [38;5;3m[RouterExplorer] [39m[32mMapped {/api/profiles/:username/follow, POST} route[39m[38;5;3m +0ms[39m
[32m[Nest] 43261  - [39m10/15/2025, 7:08:01 PM [32m    LOG[39m [38;5;3m[RouterExplorer] [39m[32mMapped {/api/profiles/:username/follow, DELETE} route[39m[38;5;3m +0ms[39m
[32m[Nest] 43261  - [39m10/15/2025, 7:08:01 PM [32m    LOG[39m [38;5;3m[RoutesResolver] [39m[32mTagController {/api/tags}:[39m[38;5;3m +1ms[39m
[32m[Nest] 43261  - [39m10/15/2025, 7:08:01 PM [32m    LOG[39m [38;5;3m[RouterExplorer] [39m[32mMapped {/api/tags, GET} route[39m[38;5;3m +0ms[39m
[90m[query] [39m[37m[1mselect[22m[39m [32m1[39m [37m[1mfrom[22m[39m information_schema[0m.[0mschemata [37m[1mwhere[22m[39m schema_name [0m=[0m [33m'conduit'[39m[90m [took 1 ms, 1 result][39m
[90m[query] [39m[37m[1mselect[22m[39m table_name [37m[1mas[22m[39m table_name[0m,[0m [37m[1mnullif[22m[39m(table_schema[0m,[0m [37m[1mschema[22m[39m()) [37m[1mas[22m[39m schema_name[0m,[0m table_comment [37m[1mas[22m[39m table_comment [37m[1mfrom[22m[39m information_schema[0m.[0mtables [37m[1mwhere[22m[39m table_type [0m=[0m [33m'BASE TABLE'[39m [37m[1mand[22m[39m table_schema [0m=[0m [37m[1mschema[22m[39m()[90m [took 2 ms, 7 results][39m
[90m[query] [39m[37m[1mbegin[22m[39m
[90m[query] [39m[37m[1mselect[22m[39m [0m*[0m [37m[1mfrom[22m[39m [33m`mikro_orm_migrations`[39m [37m[1morder by[22m[39m [33m`id`[39m [37m[1masc[22m[39m[90m [took 4 ms, 1 result][39m
[90m[query] [39m[37m[1mcommit[22m[39m
[32m[Nest] 43261  - [39m10/15/2025, 7:08:01 PM [32m    LOG[39m [38;5;3m[NestApplication] [39m[32mNest application successfully started[39m[38;5;3m +17ms[39m
Application is running on: http://localhost:3000
[90m[query] [39m[37m[1mselect[22m[39m [37m[1mcount[22m[39m([37m[1mdistinct[22m[39m [33m`a`[39m[0m.[0m[33m`id`[39m) [37m[1mas[22m[39m [33m`count`[39m [37m[1mfrom[22m[39m [33m`article`[39m [37m[1mas[22m[39m [33m`a`[39m [37m[1mleft join[22m[39m [33m`user`[39m [37m[1mas[22m[39m [33m`u`[39m [37m[1mon[22m[39m [33m`a`[39m[0m.[0m[33m`author_id`[39m [0m=[0m [33m`u`[39m[0m.[0m[33m`id`[39m [37m[1morder by[22m[39m [33m`a`[39m[0m.[0m[33m`created_at`[39m [37m[1mdesc[22m[39m[90m [took 2 ms][39m
[90m[query] [39m[37m[1mselect[22m[39m [33m`a`[39m[0m.[0m[0m*[0m [37m[1mfrom[22m[39m [33m`article`[39m [37m[1mas[22m[39m [33m`a`[39m [37m[1mleft join[22m[39m [33m`user`[39m [37m[1mas[22m[39m [33m`u`[39m [37m[1mon[22m[39m [33m`a`[39m[0m.[0m[33m`author_id`[39m [0m=[0m [33m`u`[39m[0m.[0m[33m`id`[39m [37m[1morder by[22m[39m [33m`a`[39m[0m.[0m[33m`created_at`[39m [37m[1mdesc[22m[39m [37m[1mlimit[22m[39m [32m10[39m[90m [took 2 ms, 2 results][39m
[90m[query] [39m[37m[1mselect[22m[39m [33m`a0`[39m[0m.[0m[33m`id`[39m[0m,[0m [33m`a0`[39m[0m.[0m[33m`slug`[39m[0m,[0m [33m`a0`[39m[0m.[0m[33m`title`[39m[0m,[0m [33m`a0`[39m[0m.[0m[33m`description`[39m[0m,[0m [33m`a0`[39m[0m.[0m[33m`body`[39m[0m,[0m [33m`a0`[39m[0m.[0m[33m`created_at`[39m[0m,[0m [33m`a0`[39m[0m.[0m[33m`updated_at`[39m[0m,[0m [33m`a0`[39m[0m.[0m[33m`tag_list`[39m[0m,[0m [33m`a0`[39m[0m.[0m[33m`author_id`[39m[0m,[0m [33m`a0`[39m[0m.[0m[33m`favorites_count`[39m[0m,[0m [33m`a1`[39m[0m.[0m[33m`id`[39m [37m[1mas[22m[39m [33m`a1__id`[39m[0m,[0m [33m`a1`[39m[0m.[0m[33m`username`[39m [37m[1mas[22m[39m [33m`a1__username`[39m[0m,[0m [33m`a1`[39m[0m.[0m[33m`email`[39m [37m[1mas[22m[39m [33m`a1__email`[39m[0m,[0m [33m`a1`[39m[0m.[0m[33m`bio`[39m [37m[1mas[22m[39m [33m`a1__bio`[39m[0m,[0m [33m`a1`[39m[0m.[0m[33m`image`[39m [37m[1mas[22m[39m [33m`a1__image`[39m[0m,[0m [33m`a1`[39m[0m.[0m[33m`password`[39m [37m[1mas[22m[39m [33m`a1__password`[39m[0m,[0m [33m`c2`[39m[0m.[0m[33m`id`[39m [37m[1mas[22m[39m [33m`c2__id`[39m[0m,[0m [33m`c2`[39m[0m.[0m[33m`created_at`[39m [37m[1mas[22m[39m [33m`c2__created_at`[39m[0m,[0m [33m`c2`[39m[0m.[0m[33m`updated_at`[39m [37m[1mas[22m[39m [33m`c2__updated_at`[39m[0m,[0m [33m`c2`[39m[0m.[0m[33m`body`[39m [37m[1mas[22m[39m [33m`c2__body`[39m[0m,[0m [33m`c2`[39m[0m.[0m[33m`article_id`[39m [37m[1mas[22m[39m [33m`c2__article_id`[39m[0m,[0m [33m`c2`[39m[0m.[0m[33m`author_id`[39m [37m[1mas[22m[39m [33m`c2__author_id`[39m [37m[1mfrom[22m[39m [33m`article`[39m [37m[1mas[22m[39m [33m`a0`[39m [37m[1mleft join[22m[39m [33m`user`[39m [37m[1mas[22m[39m [33m`a1`[39m [37m[1mon[22m[39m [33m`a0`[39m[0m.[0m[33m`author_id`[39m [0m=[0m [33m`a1`[39m[0m.[0m[33m`id`[39m [37m[1mleft join[22m[39m [33m`comment`[39m [37m[1mas[22m[39m [33m`c2`[39m [37m[1mon[22m[39m [33m`a0`[39m[0m.[0m[33m`id`[39m [0m=[0m [33m`c2`[39m[0m.[0m[33m`article_id`[39m [37m[1mwhere[22m[39m [33m`a0`[39m[0m.[0m[33m`id`[39m [37m[1min[22m[39m ([32m1[39m[0m,[0m [32m2[39m)[90m [took 2 ms, 2 results][39m
[90m[query] [39m[37m[1mselect[22m[39m [33m`t0`[39m[0m.[0m[0m*[0m [37m[1mfrom[22m[39m [33m`tag`[39m [37m[1mas[22m[39m [33m`t0`[39m[90m [took 1 ms, 4 results][39m
[90m[query] [39m[37m[1mselect[22m[39m [37m[1mcount[22m[39m([37m[1mdistinct[22m[39m [33m`a`[39m[0m.[0m[33m`id`[39m) [37m[1mas[22m[39m [33m`count`[39m [37m[1mfrom[22m[39m [33m`article`[39m [37m[1mas[22m[39m [33m`a`[39m [37m[1mleft join[22m[39m [33m`user`[39m [37m[1mas[22m[39m [33m`u`[39m [37m[1mon[22m[39m [33m`a`[39m[0m.[0m[33m`author_id`[39m [0m=[0m [33m`u`[39m[0m.[0m[33m`id`[39m [37m[1morder by[22m[39m [33m`a`[39m[0m.[0m[33m`created_at`[39m [37m[1mdesc[22m[39m[90m [took 1 ms][39m
[90m[query] [39m[37m[1mselect[22m[39m [33m`a`[39m[0m.[0m[0m*[0m [37m[1mfrom[22m[39m [33m`article`[39m [37m[1mas[22m[39m [33m`a`[39m [37m[1mleft join[22m[39m [33m`user`[39m [37m[1mas[22m[39m [33m`u`[39m [37m[1mon[22m[39m [33m`a`[39m[0m.[0m[33m`author_id`[39m [0m=[0m [33m`u`[39m[0m.[0m[33m`id`[39m [37m[1morder by[22m[39m [33m`a`[39m[0m.[0m[33m`created_at`[39m [37m[1mdesc[22m[39m[90m [took 1 ms, 2 results][39m
[90m[query] [39m[37m[1mselect[22m[39m [33m`a0`[39m[0m.[0m[33m`id`[39m[0m,[0m [33m`a0`[39m[0m.[0m[33m`slug`[39m[0m,[0m [33m`a0`[39m[0m.[0m[33m`title`[39m[0m,[0m [33m`a0`[39m[0m.[0m[33m`description`[39m[0m,[0m [33m`a0`[39m[0m.[0m[33m`body`[39m[0m,[0m [33m`a0`[39m[0m.[0m[33m`created_at`[39m[0m,[0m [33m`a0`[39m[0m.[0m[33m`updated_at`[39m[0m,[0m [33m`a0`[39m[0m.[0m[33m`tag_list`[39m[0m,[0m [33m`a0`[39m[0m.[0m[33m`author_id`[39m[0m,[0m [33m`a0`[39m[0m.[0m[33m`favorites_count`[39m[0m,[0m [33m`a1`[39m[0m.[0m[33m`id`[39m [37m[1mas[22m[39m [33m`a1__id`[39m[0m,[0m [33m`a1`[39m[0m.[0m[33m`username`[39m [37m[1mas[22m[39m [33m`a1__username`[39m[0m,[0m [33m`a1`[39m[0m.[0m[33m`email`[39m [37m[1mas[22m[39m [33m`a1__email`[39m[0m,[0m [33m`a1`[39m[0m.[0m[33m`bio`[39m [37m[1mas[22m[39m [33m`a1__bio`[39m[0m,[0m [33m`a1`[39m[0m.[0m[33m`image`[39m [37m[1mas[22m[39m [33m`a1__image`[39m[0m,[0m [33m`a1`[39m[0m.[0m[33m`password`[39m [37m[1mas[22m[39m [33m`a1__password`[39m[0m,[0m [33m`c2`[39m[0m.[0m[33m`id`[39m [37m[1mas[22m[39m [33m`c2__id`[39m[0m,[0m [33m`c2`[39m[0m.[0m[33m`created_at`[39m [37m[1mas[22m[39m [33m`c2__created_at`[39m[0m,[0m [33m`c2`[39m[0m.[0m[33m`updated_at`[39m [37m[1mas[22m[39m [33m`c2__updated_at`[39m[0m,[0m [33m`c2`[39m[0m.[0m[33m`body`[39m [37m[1mas[22m[39m [33m`c2__body`[39m[0m,[0m [33m`c2`[39m[0m.[0m[33m`article_id`[39m [37m[1mas[22m[39m [33m`c2__article_id`[39m[0m,[0m [33m`c2`[39m[0m.[0m[33m`author_id`[39m [37m[1mas[22m[39m [33m`c2__author_id`[39m [37m[1mfrom[22m[39m [33m`article`[39m [37m[1mas[22m[39m [33m`a0`[39m [37m[1mleft join[22m[39m [33m`user`[39m [37m[1mas[22m[39m [33m`a1`[39m [37m[1mon[22m[39m [33m`a0`[39m[0m.[0m[33m`author_id`[39m [0m=[0m [33m`a1`[39m[0m.[0m[33m`id`[39m [37m[1mleft join[22m[39m [33m`comment`[39m [37m[1mas[22m[39m [33m`c2`[39m [37m[1mon[22m[39m [33m`a0`[39m[0m.[0m[33m`id`[39m [0m=[0m [33m`c2`[39m[0m.[0m[33m`article_id`[39m [37m[1mwhere[22m[39m [33m`a0`[39m[0m.[0m[33m`id`[39m [37m[1min[22m[39m ([32m1[39m[0m,[0m [32m2[39m)[90m [took 1 ms, 2 results][39m
[90m[query] [39m[37m[1mselect[22m[39m [33m`t0`[39m[0m.[0m[0m*[0m [37m[1mfrom[22m[39m [33m`tag`[39m [37m[1mas[22m[39m [33m`t0`[39m[90m [took 1 ms, 4 results][39m
[90m[query] [39m[37m[1mselect[22m[39m [37m[1mcount[22m[39m([37m[1mdistinct[22m[39m [33m`a`[39m[0m.[0m[33m`id`[39m) [37m[1mas[22m[39m [33m`count`[39m [37m[1mfrom[22m[39m [33m`article`[39m [37m[1mas[22m[39m [33m`a`[39m [37m[1mleft join[22m[39m [33m`user`[39m [37m[1mas[22m[39m [33m`u`[39m [37m[1mon[22m[39m [33m`a`[39m[0m.[0m[33m`author_id`[39m [0m=[0m [33m`u`[39m[0m.[0m[33m`id`[39m [37m[1morder by[22m[39m [33m`a`[39m[0m.[0m[33m`created_at`[39m [37m[1mdesc[22m[39m[90m [took 0 ms][39m
[90m[query] [39m[37m[1mselect[22m[39m [33m`a`[39m[0m.[0m[0m*[0m [37m[1mfrom[22m[39m [33m`article`[39m [37m[1mas[22m[39m [33m`a`[39m [37m[1mleft join[22m[39m [33m`user`[39m [37m[1mas[22m[39m [33m`u`[39m [37m[1mon[22m[39m [33m`a`[39m[0m.[0m[33m`author_id`[39m [0m=[0m [33m`u`[39m[0m.[0m[33m`id`[39m [37m[1morder by[22m[39m [33m`a`[39m[0m.[0m[33m`created_at`[39m [37m[1mdesc[22m[39m [37m[1mlimit[22m[39m [32m10[39m[90m [took 1 ms, 2 results][39m
[90m[query] [39m[37m[1mselect[22m[39m [33m`a0`[39m[0m.[0m[33m`id`[39m[0m,[0m [33m`a0`[39m[0m.[0m[33m`slug`[39m[0m,[0m [33m`a0`[39m[0m.[0m[33m`title`[39m[0m,[0m [33m`a0`[39m[0m.[0m[33m`description`[39m[0m,[0m [33m`a0`[39m[0m.[0m[33m`body`[39m[0m,[0m [33m`a0`[39m[0m.[0m[33m`created_at`[39m[0m,[0m [33m`a0`[39m[0m.[0m[33m`updated_at`[39m[0m,[0m [33m`a0`[39m[0m.[0m[33m`tag_list`[39m[0m,[0m [33m`a0`[39m[0m.[0m[33m`author_id`[39m[0m,[0m [33m`a0`[39m[0m.[0m[33m`favorites_count`[39m[0m,[0m [33m`a1`[39m[0m.[0m[33m`id`[39m [37m[1mas[22m[39m [33m`a1__id`[39m[0m,[0m [33m`a1`[39m[0m.[0m[33m`username`[39m [37m[1mas[22m[39m [33m`a1__username`[39m[0m,[0m [33m`a1`[39m[0m.[0m[33m`email`[39m [37m[1mas[22m[39m [33m`a1__email`[39m[0m,[0m [33m`a1`[39m[0m.[0m[33m`bio`[39m [37m[1mas[22m[39m [33m`a1__bio`[39m[0m,[0m [33m`a1`[39m[0m.[0m[33m`image`[39m [37m[1mas[22m[39m [33m`a1__image`[39m[0m,[0m [33m`a1`[39m[0m.[0m[33m`password`[39m [37m[1mas[22m[39m [33m`a1__password`[39m[0m,[0m [33m`c2`[39m[0m.[0m[33m`id`[39m [37m[1mas[22m[39m [33m`c2__id`[39m[0m,[0m [33m`c2`[39m[0m.[0m[33m`created_at`[39m [37m[1mas[22m[39m [33m`c2__created_at`[39m[0m,[0m [33m`c2`[39m[0m.[0m[33m`updated_at`[39m [37m[1mas[22m[39m [33m`c2__updated_at`[39m[0m,[0m [33m`c2`[39m[0m.[0m[33m`body`[39m [37m[1mas[22m[39m [33m`c2__body`[39m[0m,[0m [33m`c2`[39m[0m.[0m[33m`article_id`[39m [37m[1mas[22m[39m [33m`c2__article_id`[39m[0m,[0m [33m`c2`[39m[0m.[0m[33m`author_id`[39m [37m[1mas[22m[39m [33m`c2__author_id`[39m [37m[1mfrom[22m[39m [33m`article`[39m [37m[1mas[22m[39m [33m`a0`[39m [37m[1mleft join[22m[39m [33m`user`[39m [37m[1mas[22m[39m [33m`a1`[39m [37m[1mon[22m[39m [33m`a0`[39m[0m.[0m[33m`author_id`[39m [0m=[0m [33m`a1`[39m[0m.[0m[33m`id`[39m [37m[1mleft join[22m[39m [33m`comment`[39m [37m[1mas[22m[39m [33m`c2`[39m [37m[1mon[22m[39m [33m`a0`[39m[0m.[0m[33m`id`[39m [0m=[0m [33m`c2`[39m[0m.[0m[33m`article_id`[39m [37m[1mwhere[22m[39m [33m`a0`[39m[0m.[0m[33m`id`[39m [37m[1min[22m[39m ([32m1[39m[0m,[0m [32m2[39m)[90m [took 3 ms, 2 results][39m
[90m[query] [39m[37m[1mselect[22m[39m [33m`t0`[39m[0m.[0m[0m*[0m [37m[1mfrom[22m[39m [33m`tag`[39m [37m[1mas[22m[39m [33m`t0`[39m[90m [took 0 ms, 4 results][39m
[90m[query] [39m[37m[1mselect[22m[39m [33m`u0`[39m[0m.[0m[0m*[0m [37m[1mfrom[22m[39m [33m`user`[39m [37m[1mas[22m[39m [33m`u0`[39m [37m[1mwhere[22m[39m [33m`u0`[39m[0m.[0m[33m`email`[39m [0m=[0m [33m'jcosten0@purevolume.com'[39m [37m[1mand[22m[39m [33m`u0`[39m[0m.[0m[33m`password`[39m [0m=[0m [33m'e56a207acd1e6714735487c199c6f095844b7cc8e5971d86c003a7b6f36ef51e'[39m [37m[1mlimit[22m[39m [32m1[39m[90m [took 1 ms, 1 result][39m
[90m[query] [39m[37m[1mselect[22m[39m [33m`u0`[39m[0m.[0m[0m*[0m [37m[1mfrom[22m[39m [33m`user`[39m [37m[1mas[22m[39m [33m`u0`[39m [37m[1mwhere[22m[39m [33m`u0`[39m[0m.[0m[33m`id`[39m [0m=[0m [32m3[39m [37m[1mlimit[22m[39m [32m1[39m[90m [took 1 ms, 1 result][39m
[90m[query] [39m[37m[1mselect[22m[39m [33m`u0`[39m[0m.[0m[33m`id`[39m[0m,[0m [33m`u0`[39m[0m.[0m[33m`username`[39m[0m,[0m [33m`u0`[39m[0m.[0m[33m`email`[39m[0m,[0m [33m`u0`[39m[0m.[0m[33m`bio`[39m[0m,[0m [33m`u0`[39m[0m.[0m[33m`image`[39m[0m,[0m [33m`u0`[39m[0m.[0m[33m`password`[39m[0m,[0m [33m`f1`[39m[0m.[0m[33m`id`[39m [37m[1mas[22m[39m [33m`f1__id`[39m[0m,[0m [33m`f1`[39m[0m.[0m[33m`username`[39m [37m[1mas[22m[39m [33m`f1__username`[39m[0m,[0m [33m`f1`[39m[0m.[0m[33m`email`[39m [37m[1mas[22m[39m [33m`f1__email`[39m[0m,[0m [33m`f1`[39m[0m.[0m[33m`bio`[39m [37m[1mas[22m[39m [33m`f1__bio`[39m[0m,[0m [33m`f1`[39m[0m.[0m[33m`image`[39m [37m[1mas[22m[39m [33m`f1__image`[39m[0m,[0m [33m`f1`[39m[0m.[0m[33m`password`[39m [37m[1mas[22m[39m [33m`f1__password`[39m[0m,[0m [33m`f3`[39m[0m.[0m[33m`id`[39m [37m[1mas[22m[39m [33m`f3__id`[39m[0m,[0m [33m`f3`[39m[0m.[0m[33m`slug`[39m [37m[1mas[22m[39m [33m`f3__slug`[39m[0m,[0m [33m`f3`[39m[0m.[0m[33m`title`[39m [37m[1mas[22m[39m [33m`f3__title`[39m[0m,[0m [33m`f3`[39m[0m.[0m[33m`description`[39m [37m[1mas[22m[39m [33m`f3__description`[39m[0m,[0m [33m`f3`[39m[0m.[0m[33m`body`[39m [37m[1mas[22m[39m [33m`f3__body`[39m[0m,[0m [33m`f3`[39m[0m.[0m[33m`created_at`[39m [37m[1mas[22m[39m [33m`f3__created_at`[39m[0m,[0m [33m`f3`[39m[0m.[0m[33m`updated_at`[39m [37m[1mas[22m[39m [33m`f3__updated_at`[39m[0m,[0m [33m`f3`[39m[0m.[0m[33m`tag_list`[39m [37m[1mas[22m[39m [33m`f3__tag_list`[39m[0m,[0m [33m`f3`[39m[0m.[0m[33m`author_id`[39m [37m[1mas[22m[39m [33m`f3__author_id`[39m[0m,[0m [33m`f3`[39m[0m.[0m[33m`favorites_count`[39m [37m[1mas[22m[39m [33m`f3__favorites_count`[39m[0m,[0m [33m`c5`[39m[0m.[0m[33m`id`[39m [37m[1mas[22m[39m [33m`c5__id`[39m[0m,[0m [33m`c5`[39m[0m.[0m[33m`created_at`[39m [37m[1mas[22m[39m [33m`c5__created_at`[39m[0m,[0m [33m`c5`[39m[0m.[0m[33m`updated_at`[39m [37m[1mas[22m[39m [33m`c5__updated_at`[39m[0m,[0m [33m`c5`[39m[0m.[0m[33m`body`[39m [37m[1mas[22m[39m [33m`c5__body`[39m[0m,[0m [33m`c5`[39m[0m.[0m[33m`article_id`[39m [37m[1mas[22m[39m [33m`c5__article_id`[39m[0m,[0m [33m`c5`[39m[0m.[0m[33m`author_id`[39m [37m[1mas[22m[39m [33m`c5__author_id`[39m [37m[1mfrom[22m[39m [33m`user`[39m [37m[1mas[22m[39m [33m`u0`[39m [37m[1mleft join[22m[39m [33m`user_to_follower`[39m [37m[1mas[22m[39m [33m`u2`[39m [37m[1mon[22m[39m [33m`u0`[39m[0m.[0m[33m`id`[39m [0m=[0m [33m`u2`[39m[0m.[0m[33m`follower`[39m [37m[1mleft join[22m[39m [33m`user`[39m [37m[1mas[22m[39m [33m`f1`[39m [37m[1mon[22m[39m [33m`u2`[39m[0m.[0m[33m`following`[39m [0m=[0m [33m`f1`[39m[0m.[0m[33m`id`[39m [37m[1mleft join[22m[39m [33m`user_favorites`[39m [37m[1mas[22m[39m [33m`u4`[39m [37m[1mon[22m[39m [33m`u0`[39m[0m.[0m[33m`id`[39m [0m=[0m [33m`u4`[39m[0m.[0m[33m`user_id`[39m [37m[1mleft join[22m[39m [33m`article`[39m [37m[1mas[22m[39m [33m`f3`[39m [37m[1mon[22m[39m [33m`u4`[39m[0m.[0m[33m`article_id`[39m [0m=[0m [33m`f3`[39m[0m.[0m[33m`id`[39m [37m[1mleft join[22m[39m [33m`comment`[39m [37m[1mas[22m[39m [33m`c5`[39m [37m[1mon[22m[39m [33m`f3`[39m[0m.[0m[33m`id`[39m [0m=[0m [33m`c5`[39m[0m.[0m[33m`article_id`[39m [37m[1mwhere[22m[39m [33m`u0`[39m[0m.[0m[33m`id`[39m [0m=[0m [32m3[39m[90m [took 2 ms, 1 result][39m
[90m[query] [39m[37m[1mselect[22m[39m [37m[1mcount[22m[39m([37m[1mdistinct[22m[39m [33m`a0`[39m[0m.[0m[33m`id`[39m) [37m[1mas[22m[39m [33m`count`[39m [37m[1mfrom[22m[39m [33m`article`[39m [37m[1mas[22m[39m [33m`a0`[39m [37m[1mleft join[22m[39m [33m`user`[39m [37m[1mas[22m[39m [33m`u1`[39m [37m[1mon[22m[39m [33m`a0`[39m[0m.[0m[33m`author_id`[39m [0m=[0m [33m`u1`[39m[0m.[0m[33m`id`[39m [37m[1mleft join[22m[39m [33m`user_to_follower`[39m [37m[1mas[22m[39m [33m`u2`[39m [37m[1mon[22m[39m [33m`u1`[39m[0m.[0m[33m`id`[39m [0m=[0m [33m`u2`[39m[0m.[0m[33m`follower`[39m [37m[1mwhere[22m[39m [33m`u2`[39m[0m.[0m[33m`following`[39m [0m=[0m [32m3[39m[90m [took 2 ms][39m
[90m[query] [39m[37m[1mselect[22m[39m [33m`a0`[39m[0m.[0m[33m`id`[39m[0m,[0m [33m`a0`[39m[0m.[0m[33m`slug`[39m[0m,[0m [33m`a0`[39m[0m.[0m[33m`title`[39m[0m,[0m [33m`a0`[39m[0m.[0m[33m`description`[39m[0m,[0m [33m`a0`[39m[0m.[0m[33m`body`[39m[0m,[0m [33m`a0`[39m[0m.[0m[33m`created_at`[39m[0m,[0m [33m`a0`[39m[0m.[0m[33m`updated_at`[39m[0m,[0m [33m`a0`[39m[0m.[0m[33m`tag_list`[39m[0m,[0m [33m`a0`[39m[0m.[0m[33m`author_id`[39m[0m,[0m [33m`a0`[39m[0m.[0m[33m`favorites_count`[39m[0m,[0m [33m`a1`[39m[0m.[0m[33m`id`[39m [37m[1mas[22m[39m [33m`a1__id`[39m[0m,[0m [33m`a1`[39m[0m.[0m[33m`username`[39m [37m[1mas[22m[39m [33m`a1__username`[39m[0m,[0m [33m`a1`[39m[0m.[0m[33m`email`[39m [37m[1mas[22m[39m [33m`a1__email`[39m[0m,[0m [33m`a1`[39m[0m.[0m[33m`bio`[39m [37m[1mas[22m[39m [33m`a1__bio`[39m[0m,[0m [33m`a1`[39m[0m.[0m[33m`image`[39m [37m[1mas[22m[39m [33m`a1__image`[39m[0m,[0m [33m`a1`[39m[0m.[0m[33m`password`[39m [37m[1mas[22m[39m [33m`a1__password`[39m[0m,[0m [33m`c2`[39m[0m.[0m[33m`id`[39m [37m[1mas[22m[39m [33m`c2__id`[39m[0m,[0m [33m`c2`[39m[0m.[0m[33m`created_at`[39m [37m[1mas[22m[39m [33m`c2__created_at`[39m[0m,[0m [33m`c2`[39m[0m.[0m[33m`updated_at`[39m [37m[1mas[22m[39m [33m`c2__updated_at`[39m[0m,[0m [33m`c2`[39m[0m.[0m[33m`body`[39m [37m[1mas[22m[39m [33m`c2__body`[39m[0m,[0m [33m`c2`[39m[0m.[0m[33m`article_id`[39m [37m[1mas[22m[39m [33m`c2__article_id`[39m[0m,[0m [33m`c2`[39m[0m.[0m[33m`author_id`[39m [37m[1mas[22m[39m [33m`c2__author_id`[39m [37m[1mfrom[22m[39m [33m`article`[39m [37m[1mas[22m[39m [33m`a0`[39m [37m[1mleft join[22m[39m [33m`user`[39m [37m[1mas[22m[39m [33m`a1`[39m [37m[1mon[22m[39m [33m`a0`[39m[0m.[0m[33m`author_id`[39m [0m=[0m [33m`a1`[39m[0m.[0m[33m`id`[39m [37m[1mleft join[22m[39m [33m`comment`[39m [37m[1mas[22m[39m [33m`c2`[39m [37m[1mon[22m[39m [33m`a0`[39m[0m.[0m[33m`id`[39m [0m=[0m [33m`c2`[39m[0m.[0m[33m`article_id`[39m [37m[1mleft join[22m[39m [33m`user_to_follower`[39m [37m[1mas[22m[39m [33m`u3`[39m [37m[1mon[22m[39m [33m`a1`[39m[0m.[0m[33m`id`[39m [0m=[0m [33m`u3`[39m[0m.[0m[33m`follower`[39m [37m[1mwhere[22m[39m [33m`a0`[39m[0m.[0m[33m`id`[39m [37m[1min[22m[39m ([37m[1mselect[22m[39m [33m`a0`[39m[0m.[0m[33m`id`[39m [37m[1mfrom[22m[39m ([37m[1mselect[22m[39m [33m`a0`[39m[0m.[0m[33m`id`[39m [37m[1mfrom[22m[39m [33m`article`[39m [37m[1mas[22m[39m [33m`a0`[39m [37m[1mleft join[22m[39m [33m`user`[39m [37m[1mas[22m[39m [33m`a1`[39m [37m[1mon[22m[39m [33m`a0`[39m[0m.[0m[33m`author_id`[39m [0m=[0m [33m`a1`[39m[0m.[0m[33m`id`[39m [37m[1mleft join[22m[39m [33m`comment`[39m [37m[1mas[22m[39m [33m`c2`[39m [37m[1mon[22m[39m [33m`a0`[39m[0m.[0m[33m`id`[39m [0m=[0m [33m`c2`[39m[0m.[0m[33m`article_id`[39m [37m[1mleft join[22m[39m [33m`user_to_follower`[39m [37m[1mas[22m[39m [33m`u3`[39m [37m[1mon[22m[39m [33m`a1`[39m[0m.[0m[33m`id`[39m [0m=[0m [33m`u3`[39m[0m.[0m[33m`follower`[39m [37m[1mwhere[22m[39m [33m`u3`[39m[0m.[0m[33m`following`[39m [0m=[0m [32m3[39m [37m[1mgroup by[22m[39m [33m`a0`[39m[0m.[0m[33m`id`[39m [37m[1morder by[22m[39m [37m[1mmin[22m[39m([33m`a0`[39m[0m.[0m[33m`created_at`[39m) [37m[1mdesc[22m[39m [37m[1mlimit[22m[39m [32m10[39m) [37m[1mas[22m[39m [33m`a0`[39m) [37m[1morder by[22m[39m [33m`a0`[39m[0m.[0m[33m`created_at`[39m [37m[1mdesc[22m[39m[90m [took 3 ms, 2 results][39m
findFeed {
  articles: [
    Article {
      id: 1,
      slug: 'how-to-do-something',
      title: 'How to do something',
      description: 'Lorem ipsum dolor sit amet',
      body: 'Lorem ipsum dolor sit amet, consectetur adipiscing elit. Sed euismod, diam id aliquam aliquam, nunc ipsum aliquet nunc, vitae aliq',
      createdAt: 2025-10-15T17:52:09.000Z,
      updatedAt: 2025-10-15T17:52:09.000Z,
      tagList: [Array],
      author: [User],
      favoritesCount: 3,
      comments: [Collection<Comment>]
    },
    Article {
      id: 2,
      slug: 'how-to-do-something-else',
      title: 'How to do something else',
      description: 'Sed euismod',
      body: 'Sed euismod, diam id aliquam aliquam, nunc i consectetur adipiscing elit. Sed euismod, diam id aliquam aliquam, nunc ipsum aliquet nunc, vitae aliq',
      createdAt: 2025-10-15T17:52:09.000Z,
      updatedAt: 2025-10-15T17:52:09.000Z,
      tagList: [Array],
      author: [User],
      favoritesCount: 7,
      comments: [Collection<Comment>]
    }
  ],
  articlesCount: 2
}
[90m[query] [39m[37m[1mselect[22m[39m [33m`t0`[39m[0m.[0m[0m*[0m [37m[1mfrom[22m[39m [33m`tag`[39m [37m[1mas[22m[39m [33m`t0`[39m[90m [took 1 ms, 4 results][39m
[90m[query] [39m[37m[1mselect[22m[39m [33m`u0`[39m[0m.[0m[0m*[0m [37m[1mfrom[22m[39m [33m`user`[39m [37m[1mas[22m[39m [33m`u0`[39m [37m[1mwhere[22m[39m [33m`u0`[39m[0m.[0m[33m`id`[39m [0m=[0m [32m3[39m [37m[1mlimit[22m[39m [32m1[39m[90m [took 1 ms, 1 result][39m
[90m[query] [39m[37m[1mselect[22m[39m [33m`u0`[39m[0m.[0m[33m`id`[39m[0m,[0m [33m`u0`[39m[0m.[0m[33m`username`[39m[0m,[0m [33m`u0`[39m[0m.[0m[33m`email`[39m[0m,[0m [33m`u0`[39m[0m.[0m[33m`bio`[39m[0m,[0m [33m`u0`[39m[0m.[0m[33m`image`[39m[0m,[0m [33m`u0`[39m[0m.[0m[33m`password`[39m[0m,[0m [33m`f1`[39m[0m.[0m[33m`id`[39m [37m[1mas[22m[39m [33m`f1__id`[39m[0m,[0m [33m`f1`[39m[0m.[0m[33m`username`[39m [37m[1mas[22m[39m [33m`f1__username`[39m[0m,[0m [33m`f1`[39m[0m.[0m[33m`email`[39m [37m[1mas[22m[39m [33m`f1__email`[39m[0m,[0m [33m`f1`[39m[0m.[0m[33m`bio`[39m [37m[1mas[22m[39m [33m`f1__bio`[39m[0m,[0m [33m`f1`[39m[0m.[0m[33m`image`[39m [37m[1mas[22m[39m [33m`f1__image`[39m[0m,[0m [33m`f1`[39m[0m.[0m[33m`password`[39m [37m[1mas[22m[39m [33m`f1__password`[39m[0m,[0m [33m`f3`[39m[0m.[0m[33m`id`[39m [37m[1mas[22m[39m [33m`f3__id`[39m[0m,[0m [33m`f3`[39m[0m.[0m[33m`slug`[39m [37m[1mas[22m[39m [33m`f3__slug`[39m[0m,[0m [33m`f3`[39m[0m.[0m[33m`title`[39m [37m[1mas[22m[39m [33m`f3__title`[39m[0m,[0m [33m`f3`[39m[0m.[0m[33m`description`[39m [37m[1mas[22m[39m [33m`f3__description`[39m[0m,[0m [33m`f3`[39m[0m.[0m[33m`body`[39m [37m[1mas[22m[39m [33m`f3__body`[39m[0m,[0m [33m`f3`[39m[0m.[0m[33m`created_at`[39m [37m[1mas[22m[39m [33m`f3__created_at`[39m[0m,[0m [33m`f3`[39m[0m.[0m[33m`updated_at`[39m [37m[1mas[22m[39m [33m`f3__updated_at`[39m[0m,[0m [33m`f3`[39m[0m.[0m[33m`tag_list`[39m [37m[1mas[22m[39m [33m`f3__tag_list`[39m[0m,[0m [33m`f3`[39m[0m.[0m[33m`author_id`[39m [37m[1mas[22m[39m [33m`f3__author_id`[39m[0m,[0m [33m`f3`[39m[0m.[0m[33m`favorites_count`[39m [37m[1mas[22m[39m [33m`f3__favorites_count`[39m[0m,[0m [33m`c5`[39m[0m.[0m[33m`id`[39m [37m[1mas[22m[39m [33m`c5__id`[39m[0m,[0m [33m`c5`[39m[0m.[0m[33m`created_at`[39m [37m[1mas[22m[39m [33m`c5__created_at`[39m[0m,[0m [33m`c5`[39m[0m.[0m[33m`updated_at`[39m [37m[1mas[22m[39m [33m`c5__updated_at`[39m[0m,[0m [33m`c5`[39m[0m.[0m[33m`body`[39m [37m[1mas[22m[39m [33m`c5__body`[39m[0m,[0m [33m`c5`[39m[0m.[0m[33m`article_id`[39m [37m[1mas[22m[39m [33m`c5__article_id`[39m[0m,[0m [33m`c5`[39m[0m.[0m[33m`author_id`[39m [37m[1mas[22m[39m [33m`c5__author_id`[39m [37m[1mfrom[22m[39m [33m`user`[39m [37m[1mas[22m[39m [33m`u0`[39m [37m[1mleft join[22m[39m [33m`user_to_follower`[39m [37m[1mas[22m[39m [33m`u2`[39m [37m[1mon[22m[39m [33m`u0`[39m[0m.[0m[33m`id`[39m [0m=[0m [33m`u2`[39m[0m.[0m[33m`follower`[39m [37m[1mleft join[22m[39m [33m`user`[39m [37m[1mas[22m[39m [33m`f1`[39m [37m[1mon[22m[39m [33m`u2`[39m[0m.[0m[33m`following`[39m [0m=[0m [33m`f1`[39m[0m.[0m[33m`id`[39m [37m[1mleft join[22m[39m [33m`user_favorites`[39m [37m[1mas[22m[39m [33m`u4`[39m [37m[1mon[22m[39m [33m`u0`[39m[0m.[0m[33m`id`[39m [0m=[0m [33m`u4`[39m[0m.[0m[33m`user_id`[39m [37m[1mleft join[22m[39m [33m`article`[39m [37m[1mas[22m[39m [33m`f3`[39m [37m[1mon[22m[39m [33m`u4`[39m[0m.[0m[33m`article_id`[39m [0m=[0m [33m`f3`[39m[0m.[0m[33m`id`[39m [37m[1mleft join[22m[39m [33m`comment`[39m [37m[1mas[22m[39m [33m`c5`[39m [37m[1mon[22m[39m [33m`f3`[39m[0m.[0m[33m`id`[39m [0m=[0m [33m`c5`[39m[0m.[0m[33m`article_id`[39m [37m[1mwhere[22m[39m [33m`u0`[39m[0m.[0m[33m`id`[39m [0m=[0m [32m3[39m[90m [took 2 ms, 1 result][39m
[90m[query] [39m[37m[1mselect[22m[39m [37m[1mcount[22m[39m([37m[1mdistinct[22m[39m [33m`a0`[39m[0m.[0m[33m`id`[39m) [37m[1mas[22m[39m [33m`count`[39m [37m[1mfrom[22m[39m [33m`article`[39m [37m[1mas[22m[39m [33m`a0`[39m [37m[1mleft join[22m[39m [33m`user`[39m [37m[1mas[22m[39m [33m`u1`[39m [37m[1mon[22m[39m [33m`a0`[39m[0m.[0m[33m`author_id`[39m [0m=[0m [33m`u1`[39m[0m.[0m[33m`id`[39m [37m[1mleft join[22m[39m [33m`user_to_follower`[39m [37m[1mas[22m[39m [33m`u2`[39m [37m[1mon[22m[39m [33m`u1`[39m[0m.[0m[33m`id`[39m [0m=[0m [33m`u2`[39m[0m.[0m[33m`follower`[39m [37m[1mwhere[22m[39m [33m`u2`[39m[0m.[0m[33m`following`[39m [0m=[0m [32m3[39m[90m [took 4 ms][39m
[90m[query] [39m[37m[1mselect[22m[39m [33m`a0`[39m[0m.[0m[33m`id`[39m[0m,[0m [33m`a0`[39m[0m.[0m[33m`slug`[39m[0m,[0m [33m`a0`[39m[0m.[0m[33m`title`[39m[0m,[0m [33m`a0`[39m[0m.[0m[33m`description`[39m[0m,[0m [33m`a0`[39m[0m.[0m[33m`body`[39m[0m,[0m [33m`a0`[39m[0m.[0m[33m`created_at`[39m[0m,[0m [33m`a0`[39m[0m.[0m[33m`updated_at`[39m[0m,[0m [33m`a0`[39m[0m.[0m[33m`tag_list`[39m[0m,[0m [33m`a0`[39m[0m.[0m[33m`author_id`[39m[0m,[0m [33m`a0`[39m[0m.[0m[33m`favorites_count`[39m[0m,[0m [33m`a1`[39m[0m.[0m[33m`id`[39m [37m[1mas[22m[39m [33m`a1__id`[39m[0m,[0m [33m`a1`[39m[0m.[0m[33m`username`[39m [37m[1mas[22m[39m [33m`a1__username`[39m[0m,[0m [33m`a1`[39m[0m.[0m[33m`email`[39m [37m[1mas[22m[39m [33m`a1__email`[39m[0m,[0m [33m`a1`[39m[0m.[0m[33m`bio`[39m [37m[1mas[22m[39m [33m`a1__bio`[39m[0m,[0m [33m`a1`[39m[0m.[0m[33m`image`[39m [37m[1mas[22m[39m [33m`a1__image`[39m[0m,[0m [33m`a1`[39m[0m.[0m[33m`password`[39m [37m[1mas[22m[39m [33m`a1__password`[39m[0m,[0m [33m`c2`[39m[0m.[0m[33m`id`[39m [37m[1mas[22m[39m [33m`c2__id`[39m[0m,[0m [33m`c2`[39m[0m.[0m[33m`created_at`[39m [37m[1mas[22m[39m [33m`c2__created_at`[39m[0m,[0m [33m`c2`[39m[0m.[0m[33m`updated_at`[39m [37m[1mas[22m[39m [33m`c2__updated_at`[39m[0m,[0m [33m`c2`[39m[0m.[0m[33m`body`[39m [37m[1mas[22m[39m [33m`c2__body`[39m[0m,[0m [33m`c2`[39m[0m.[0m[33m`article_id`[39m [37m[1mas[22m[39m [33m`c2__article_id`[39m[0m,[0m [33m`c2`[39m[0m.[0m[33m`author_id`[39m [37m[1mas[22m[39m [33m`c2__author_id`[39m [37m[1mfrom[22m[39m [33m`article`[39m [37m[1mas[22m[39m [33m`a0`[39m [37m[1mleft join[22m[39m [33m`user`[39m [37m[1mas[22m[39m [33m`a1`[39m [37m[1mon[22m[39m [33m`a0`[39m[0m.[0m[33m`author_id`[39m [0m=[0m [33m`a1`[39m[0m.[0m[33m`id`[39m [37m[1mleft join[22m[39m [33m`comment`[39m [37m[1mas[22m[39m [33m`c2`[39m [37m[1mon[22m[39m [33m`a0`[39m[0m.[0m[33m`id`[39m [0m=[0m [33m`c2`[39m[0m.[0m[33m`article_id`[39m [37m[1mleft join[22m[39m [33m`user_to_follower`[39m [37m[1mas[22m[39m [33m`u3`[39m [37m[1mon[22m[39m [33m`a1`[39m[0m.[0m[33m`id`[39m [0m=[0m [33m`u3`[39m[0m.[0m[33m`follower`[39m [37m[1mwhere[22m[39m [33m`a0`[39m[0m.[0m[33m`id`[39m [37m[1min[22m[39m ([37m[1mselect[22m[39m [33m`a0`[39m[0m.[0m[33m`id`[39m [37m[1mfrom[22m[39m ([37m[1mselect[22m[39m [33m`a0`[39m[0m.[0m[33m`id`[39m [37m[1mfrom[22m[39m [33m`article`[39m [37m[1mas[22m[39m [33m`a0`[39m [37m[1mleft join[22m[39m [33m`user`[39m [37m[1mas[22m[39m [33m`a1`[39m [37m[1mon[22m[39m [33m`a0`[39m[0m.[0m[33m`author_id`[39m [0m=[0m [33m`a1`[39m[0m.[0m[33m`id`[39m [37m[1mleft join[22m[39m [33m`comment`[39m [37m[1mas[22m[39m [33m`c2`[39m [37m[1mon[22m[39m [33m`a0`[39m[0m.[0m[33m`id`[39m [0m=[0m [33m`c2`[39m[0m.[0m[33m`article_id`[39m [37m[1mleft join[22m[39m [33m`user_to_follower`[39m [37m[1mas[22m[39m [33m`u3`[39m [37m[1mon[22m[39m [33m`a1`[39m[0m.[0m[33m`id`[39m [0m=[0m [33m`u3`[39m[0m.[0m[33m`follower`[39m [37m[1mwhere[22m[39m [33m`u3`[39m[0m.[0m[33m`following`[39m [0m=[0m [32m3[39m [37m[1mgroup by[22m[39m [33m`a0`[39m[0m.[0m[33m`id`[39m [37m[1morder by[22m[39m [37m[1mmin[22m[39m([33m`a0`[39m[0m.[0m[33m`created_at`[39m) [37m[1mdesc[22m[39m [37m[1mlimit[22m[39m [32m10[39m) [37m[1mas[22m[39m [33m`a0`[39m) [37m[1morder by[22m[39m [33m`a0`[39m[0m.[0m[33m`created_at`[39m [37m[1mdesc[22m[39m[90m [took 8 ms, 2 results][39m
findFeed {
  articles: [
    Article {
      id: 1,
      slug: 'how-to-do-something',
      title: 'How to do something',
      description: 'Lorem ipsum dolor sit amet',
      body: 'Lorem ipsum dolor sit amet, consectetur adipiscing elit. Sed euismod, diam id aliquam aliquam, nunc ipsum aliquet nunc, vitae aliq',
      createdAt: 2025-10-15T17:52:09.000Z,
      updatedAt: 2025-10-15T17:52:09.000Z,
      tagList: [Array],
      author: [User],
      favoritesCount: 3,
      comments: [Collection<Comment>]
    },
    Article {
      id: 2,
      slug: 'how-to-do-something-else',
      title: 'How to do something else',
      description: 'Sed euismod',
      body: 'Sed euismod, diam id aliquam aliquam, nunc i consectetur adipiscing elit. Sed euismod, diam id aliquam aliquam, nunc ipsum aliquet nunc, vitae aliq',
      createdAt: 2025-10-15T17:52:09.000Z,
      updatedAt: 2025-10-15T17:52:09.000Z,
      tagList: [Array],
      author: [User],
      favoritesCount: 7,
      comments: [Collection<Comment>]
    }
  ],
  articlesCount: 2
}
[90m[query] [39m[37m[1mselect[22m[39m [33m`t0`[39m[0m.[0m[0m*[0m [37m[1mfrom[22m[39m [33m`tag`[39m [37m[1mas[22m[39m [33m`t0`[39m[90m [took 1 ms, 4 results][39m
[90m[query] [39m[37m[1mselect[22m[39m [33m`u0`[39m[0m.[0m[33m`id`[39m[0m,[0m [33m`u0`[39m[0m.[0m[33m`username`[39m[0m,[0m [33m`u0`[39m[0m.[0m[33m`email`[39m[0m,[0m [33m`u0`[39m[0m.[0m[33m`bio`[39m[0m,[0m [33m`u0`[39m[0m.[0m[33m`image`[39m[0m,[0m [33m`u0`[39m[0m.[0m[33m`password`[39m[0m,[0m [33m`f1`[39m[0m.[0m[33m`id`[39m [37m[1mas[22m[39m [33m`f1__id`[39m[0m,[0m [33m`f1`[39m[0m.[0m[33m`username`[39m [37m[1mas[22m[39m [33m`f1__username`[39m[0m,[0m [33m`f1`[39m[0m.[0m[33m`email`[39m [37m[1mas[22m[39m [33m`f1__email`[39m[0m,[0m [33m`f1`[39m[0m.[0m[33m`bio`[39m [37m[1mas[22m[39m [33m`f1__bio`[39m[0m,[0m [33m`f1`[39m[0m.[0m[33m`image`[39m [37m[1mas[22m[39m [33m`f1__image`[39m[0m,[0m [33m`f1`[39m[0m.[0m[33m`password`[39m [37m[1mas[22m[39m [33m`f1__password`[39m[0m,[0m [33m`f3`[39m[0m.[0m[33m`id`[39m [37m[1mas[22m[39m [33m`f3__id`[39m[0m,[0m [33m`f3`[39m[0m.[0m[33m`slug`[39m [37m[1mas[22m[39m [33m`f3__slug`[39m[0m,[0m [33m`f3`[39m[0m.[0m[33m`title`[39m [37m[1mas[22m[39m [33m`f3__title`[39m[0m,[0m [33m`f3`[39m[0m.[0m[33m`description`[39m [37m[1mas[22m[39m [33m`f3__description`[39m[0m,[0m [33m`f3`[39m[0m.[0m[33m`body`[39m [37m[1mas[22m[39m [33m`f3__body`[39m[0m,[0m [33m`f3`[39m[0m.[0m[33m`created_at`[39m [37m[1mas[22m[39m [33m`f3__created_at`[39m[0m,[0m [33m`f3`[39m[0m.[0m[33m`updated_at`[39m [37m[1mas[22m[39m [33m`f3__updated_at`[39m[0m,[0m [33m`f3`[39m[0m.[0m[33m`tag_list`[39m [37m[1mas[22m[39m [33m`f3__tag_list`[39m[0m,[0m [33m`f3`[39m[0m.[0m[33m`author_id`[39m [37m[1mas[22m[39m [33m`f3__author_id`[39m[0m,[0m [33m`f3`[39m[0m.[0m[33m`favorites_count`[39m [37m[1mas[22m[39m [33m`f3__favorites_count`[39m[0m,[0m [33m`c5`[39m[0m.[0m[33m`id`[39m [37m[1mas[22m[39m [33m`c5__id`[39m[0m,[0m [33m`c5`[39m[0m.[0m[33m`created_at`[39m [37m[1mas[22m[39m [33m`c5__created_at`[39m[0m,[0m [33m`c5`[39m[0m.[0m[33m`updated_at`[39m [37m[1mas[22m[39m [33m`c5__updated_at`[39m[0m,[0m [33m`c5`[39m[0m.[0m[33m`body`[39m [37m[1mas[22m[39m [33m`c5__body`[39m[0m,[0m [33m`c5`[39m[0m.[0m[33m`article_id`[39m [37m[1mas[22m[39m [33m`c5__article_id`[39m[0m,[0m [33m`c5`[39m[0m.[0m[33m`author_id`[39m [37m[1mas[22m[39m [33m`c5__author_id`[39m [37m[1mfrom[22m[39m [33m`user`[39m [37m[1mas[22m[39m [33m`u0`[39m [37m[1mleft join[22m[39m [33m`user_to_follower`[39m [37m[1mas[22m[39m [33m`u2`[39m [37m[1mon[22m[39m [33m`u0`[39m[0m.[0m[33m`id`[39m [0m=[0m [33m`u2`[39m[0m.[0m[33m`follower`[39m [37m[1mleft join[22m[39m [33m`user`[39m [37m[1mas[22m[39m [33m`f1`[39m [37m[1mon[22m[39m [33m`u2`[39m[0m.[0m[33m`following`[39m [0m=[0m [33m`f1`[39m[0m.[0m[33m`id`[39m [37m[1mleft join[22m[39m [33m`user_favorites`[39m [37m[1mas[22m[39m [33m`u4`[39m [37m[1mon[22m[39m [33m`u0`[39m[0m.[0m[33m`id`[39m [0m=[0m [33m`u4`[39m[0m.[0m[33m`user_id`[39m [37m[1mleft join[22m[39m [33m`article`[39m [37m[1mas[22m[39m [33m`f3`[39m [37m[1mon[22m[39m [33m`u4`[39m[0m.[0m[33m`article_id`[39m [0m=[0m [33m`f3`[39m[0m.[0m[33m`id`[39m [37m[1mleft join[22m[39m [33m`comment`[39m [37m[1mas[22m[39m [33m`c5`[39m [37m[1mon[22m[39m [33m`f3`[39m[0m.[0m[33m`id`[39m [0m=[0m [33m`c5`[39m[0m.[0m[33m`article_id`[39m [37m[1mwhere[22m[39m [33m`u0`[39m[0m.[0m[33m`id`[39m [0m=[0m [32m3[39m[90m [took 1 ms, 1 result][39m
[90m[query] [39m[37m[1mselect[22m[39m [37m[1mcount[22m[39m([37m[1mdistinct[22m[39m [33m`a`[39m[0m.[0m[33m`id`[39m) [37m[1mas[22m[39m [33m`count`[39m [37m[1mfrom[22m[39m [33m`article`[39m [37m[1mas[22m[39m [33m`a`[39m [37m[1mleft join[22m[39m [33m`user`[39m [37m[1mas[22m[39m [33m`u`[39m [37m[1mon[22m[39m [33m`a`[39m[0m.[0m[33m`author_id`[39m [0m=[0m [33m`u`[39m[0m.[0m[33m`id`[39m [37m[1morder by[22m[39m [33m`a`[39m[0m.[0m[33m`created_at`[39m [37m[1mdesc[22m[39m[90m [took 0 ms][39m
[90m[query] [39m[37m[1mselect[22m[39m [33m`a`[39m[0m.[0m[0m*[0m [37m[1mfrom[22m[39m [33m`article`[39m [37m[1mas[22m[39m [33m`a`[39m [37m[1mleft join[22m[39m [33m`user`[39m [37m[1mas[22m[39m [33m`u`[39m [37m[1mon[22m[39m [33m`a`[39m[0m.[0m[33m`author_id`[39m [0m=[0m [33m`u`[39m[0m.[0m[33m`id`[39m [37m[1morder by[22m[39m [33m`a`[39m[0m.[0m[33m`created_at`[39m [37m[1mdesc[22m[39m [37m[1mlimit[22m[39m [32m10[39m[90m [took 1 ms, 2 results][39m
[90m[query] [39m[37m[1mselect[22m[39m [33m`a0`[39m[0m.[0m[33m`id`[39m[0m,[0m [33m`a0`[39m[0m.[0m[33m`slug`[39m[0m,[0m [33m`a0`[39m[0m.[0m[33m`title`[39m[0m,[0m [33m`a0`[39m[0m.[0m[33m`description`[39m[0m,[0m [33m`a0`[39m[0m.[0m[33m`body`[39m[0m,[0m [33m`a0`[39m[0m.[0m[33m`created_at`[39m[0m,[0m [33m`a0`[39m[0m.[0m[33m`updated_at`[39m[0m,[0m [33m`a0`[39m[0m.[0m[33m`tag_list`[39m[0m,[0m [33m`a0`[39m[0m.[0m[33m`author_id`[39m[0m,[0m [33m`a0`[39m[0m.[0m[33m`favorites_count`[39m[0m,[0m [33m`a1`[39m[0m.[0m[33m`id`[39m [37m[1mas[22m[39m [33m`a1__id`[39m[0m,[0m [33m`a1`[39m[0m.[0m[33m`username`[39m [37m[1mas[22m[39m [33m`a1__username`[39m[0m,[0m [33m`a1`[39m[0m.[0m[33m`email`[39m [37m[1mas[22m[39m [33m`a1__email`[39m[0m,[0m [33m`a1`[39m[0m.[0m[33m`bio`[39m [37m[1mas[22m[39m [33m`a1__bio`[39m[0m,[0m [33m`a1`[39m[0m.[0m[33m`image`[39m [37m[1mas[22m[39m [33m`a1__image`[39m[0m,[0m [33m`a1`[39m[0m.[0m[33m`password`[39m [37m[1mas[22m[39m [33m`a1__password`[39m[0m,[0m [33m`c2`[39m[0m.[0m[33m`id`[39m [37m[1mas[22m[39m [33m`c2__id`[39m[0m,[0m [33m`c2`[39m[0m.[0m[33m`created_at`[39m [37m[1mas[22m[39m [33m`c2__created_at`[39m[0m,[0m [33m`c2`[39m[0m.[0m[33m`updated_at`[39m [37m[1mas[22m[39m [33m`c2__updated_at`[39m[0m,[0m [33m`c2`[39m[0m.[0m[33m`body`[39m [37m[1mas[22m[39m [33m`c2__body`[39m[0m,[0m [33m`c2`[39m[0m.[0m[33m`article_id`[39m [37m[1mas[22m[39m [33m`c2__article_id`[39m[0m,[0m [33m`c2`[39m[0m.[0m[33m`author_id`[39m [37m[1mas[22m[39m [33m`c2__author_id`[39m [37m[1mfrom[22m[39m [33m`article`[39m [37m[1mas[22m[39m [33m`a0`[39m [37m[1mleft join[22m[39m [33m`user`[39m [37m[1mas[22m[39m [33m`a1`[39m [37m[1mon[22m[39m [33m`a0`[39m[0m.[0m[33m`author_id`[39m [0m=[0m [33m`a1`[39m[0m.[0m[33m`id`[39m [37m[1mleft join[22m[39m [33m`comment`[39m [37m[1mas[22m[39m [33m`c2`[39m [37m[1mon[22m[39m [33m`a0`[39m[0m.[0m[33m`id`[39m [0m=[0m [33m`c2`[39m[0m.[0m[33m`article_id`[39m [37m[1mwhere[22m[39m [33m`a0`[39m[0m.[0m[33m`id`[39m [37m[1min[22m[39m ([32m1[39m[0m,[0m [32m2[39m)[90m [took 1 ms, 2 results][39m
[90m[query] [39m[37m[1mselect[22m[39m [33m`u0`[39m[0m.[0m[33m`id`[39m[0m,[0m [33m`u0`[39m[0m.[0m[33m`username`[39m[0m,[0m [33m`u0`[39m[0m.[0m[33m`email`[39m[0m,[0m [33m`u0`[39m[0m.[0m[33m`bio`[39m[0m,[0m [33m`u0`[39m[0m.[0m[33m`image`[39m[0m,[0m [33m`u0`[39m[0m.[0m[33m`password`[39m[0m,[0m [33m`f1`[39m[0m.[0m[33m`id`[39m [37m[1mas[22m[39m [33m`f1__id`[39m[0m,[0m [33m`f1`[39m[0m.[0m[33m`username`[39m [37m[1mas[22m[39m [33m`f1__username`[39m[0m,[0m [33m`f1`[39m[0m.[0m[33m`email`[39m [37m[1mas[22m[39m [33m`f1__email`[39m[0m,[0m [33m`f1`[39m[0m.[0m[33m`bio`[39m [37m[1mas[22m[39m [33m`f1__bio`[39m[0m,[0m [33m`f1`[39m[0m.[0m[33m`image`[39m [37m[1mas[22m[39m [33m`f1__image`[39m[0m,[0m [33m`f1`[39m[0m.[0m[33m`password`[39m [37m[1mas[22m[39m [33m`f1__password`[39m[0m,[0m [33m`f3`[39m[0m.[0m[33m`id`[39m [37m[1mas[22m[39m [33m`f3__id`[39m[0m,[0m [33m`f3`[39m[0m.[0m[33m`slug`[39m [37m[1mas[22m[39m [33m`f3__slug`[39m[0m,[0m [33m`f3`[39m[0m.[0m[33m`title`[39m [37m[1mas[22m[39m [33m`f3__title`[39m[0m,[0m [33m`f3`[39m[0m.[0m[33m`description`[39m [37m[1mas[22m[39m [33m`f3__description`[39m[0m,[0m [33m`f3`[39m[0m.[0m[33m`body`[39m [37m[1mas[22m[39m [33m`f3__body`[39m[0m,[0m [33m`f3`[39m[0m.[0m[33m`created_at`[39m [37m[1mas[22m[39m [33m`f3__created_at`[39m[0m,[0m [33m`f3`[39m[0m.[0m[33m`updated_at`[39m [37m[1mas[22m[39m [33m`f3__updated_at`[39m[0m,[0m [33m`f3`[39m[0m.[0m[33m`tag_list`[39m [37m[1mas[22m[39m [33m`f3__tag_list`[39m[0m,[0m [33m`f3`[39m[0m.[0m[33m`author_id`[39m [37m[1mas[22m[39m [33m`f3__author_id`[39m[0m,[0m [33m`f3`[39m[0m.[0m[33m`favorites_count`[39m [37m[1mas[22m[39m [33m`f3__favorites_count`[39m[0m,[0m [33m`c5`[39m[0m.[0m[33m`id`[39m [37m[1mas[22m[39m [33m`c5__id`[39m[0m,[0m [33m`c5`[39m[0m.[0m[33m`created_at`[39m [37m[1mas[22m[39m [33m`c5__created_at`[39m[0m,[0m [33m`c5`[39m[0m.[0m[33m`updated_at`[39m [37m[1mas[22m[39m [33m`c5__updated_at`[39m[0m,[0m [33m`c5`[39m[0m.[0m[33m`body`[39m [37m[1mas[22m[39m [33m`c5__body`[39m[0m,[0m [33m`c5`[39m[0m.[0m[33m`article_id`[39m [37m[1mas[22m[39m [33m`c5__article_id`[39m[0m,[0m [33m`c5`[39m[0m.[0m[33m`author_id`[39m [37m[1mas[22m[39m [33m`c5__author_id`[39m [37m[1mfrom[22m[39m [33m`user`[39m [37m[1mas[22m[39m [33m`u0`[39m [37m[1mleft join[22m[39m [33m`user_to_follower`[39m [37m[1mas[22m[39m [33m`u2`[39m [37m[1mon[22m[39m [33m`u0`[39m[0m.[0m[33m`id`[39m [0m=[0m [33m`u2`[39m[0m.[0m[33m`follower`[39m [37m[1mleft join[22m[39m [33m`user`[39m [37m[1mas[22m[39m [33m`f1`[39m [37m[1mon[22m[39m [33m`u2`[39m[0m.[0m[33m`following`[39m [0m=[0m [33m`f1`[39m[0m.[0m[33m`id`[39m [37m[1mleft join[22m[39m [33m`user_favorites`[39m [37m[1mas[22m[39m [33m`u4`[39m [37m[1mon[22m[39m [33m`u0`[39m[0m.[0m[33m`id`[39m [0m=[0m [33m`u4`[39m[0m.[0m[33m`user_id`[39m [37m[1mleft join[22m[39m [33m`article`[39m [37m[1mas[22m[39m [33m`f3`[39m [37m[1mon[22m[39m [33m`u4`[39m[0m.[0m[33m`article_id`[39m [0m=[0m [33m`f3`[39m[0m.[0m[33m`id`[39m [37m[1mleft join[22m[39m [33m`comment`[39m [37m[1mas[22m[39m [33m`c5`[39m [37m[1mon[22m[39m [33m`f3`[39m[0m.[0m[33m`id`[39m [0m=[0m [33m`c5`[39m[0m.[0m[33m`article_id`[39m [37m[1mwhere[22m[39m [33m`u0`[39m[0m.[0m[33m`id`[39m [0m=[0m [32m3[39m[90m [took 1 ms, 1 result][39m
[90m[query] [39m[37m[1mselect[22m[39m [37m[1mcount[22m[39m([37m[1mdistinct[22m[39m [33m`a`[39m[0m.[0m[33m`id`[39m) [37m[1mas[22m[39m [33m`count`[39m [37m[1mfrom[22m[39m [33m`article`[39m [37m[1mas[22m[39m [33m`a`[39m [37m[1mleft join[22m[39m [33m`user`[39m [37m[1mas[22m[39m [33m`u`[39m [37m[1mon[22m[39m [33m`a`[39m[0m.[0m[33m`author_id`[39m [0m=[0m [33m`u`[39m[0m.[0m[33m`id`[39m [37m[1morder by[22m[39m [33m`a`[39m[0m.[0m[33m`created_at`[39m [37m[1mdesc[22m[39m[90m [took 1 ms][39m
[90m[query] [39m[37m[1mselect[22m[39m [33m`a`[39m[0m.[0m[0m*[0m [37m[1mfrom[22m[39m [33m`article`[39m [37m[1mas[22m[39m [33m`a`[39m [37m[1mleft join[22m[39m [33m`user`[39m [37m[1mas[22m[39m [33m`u`[39m [37m[1mon[22m[39m [33m`a`[39m[0m.[0m[33m`author_id`[39m [0m=[0m [33m`u`[39m[0m.[0m[33m`id`[39m [37m[1morder by[22m[39m [33m`a`[39m[0m.[0m[33m`created_at`[39m [37m[1mdesc[22m[39m [37m[1mlimit[22m[39m [32m10[39m[90m [took 1 ms, 2 results][39m
[90m[query] [39m[37m[1mselect[22m[39m [33m`a0`[39m[0m.[0m[33m`id`[39m[0m,[0m [33m`a0`[39m[0m.[0m[33m`slug`[39m[0m,[0m [33m`a0`[39m[0m.[0m[33m`title`[39m[0m,[0m [33m`a0`[39m[0m.[0m[33m`description`[39m[0m,[0m [33m`a0`[39m[0m.[0m[33m`body`[39m[0m,[0m [33m`a0`[39m[0m.[0m[33m`created_at`[39m[0m,[0m [33m`a0`[39m[0m.[0m[33m`updated_at`[39m[0m,[0m [33m`a0`[39m[0m.[0m[33m`tag_list`[39m[0m,[0m [33m`a0`[39m[0m.[0m[33m`author_id`[39m[0m,[0m [33m`a0`[39m[0m.[0m[33m`favorites_count`[39m[0m,[0m [33m`a1`[39m[0m.[0m[33m`id`[39m [37m[1mas[22m[39m [33m`a1__id`[39m[0m,[0m [33m`a1`[39m[0m.[0m[33m`username`[39m [37m[1mas[22m[39m [33m`a1__username`[39m[0m,[0m [33m`a1`[39m[0m.[0m[33m`email`[39m [37m[1mas[22m[39m [33m`a1__email`[39m[0m,[0m [33m`a1`[39m[0m.[0m[33m`bio`[39m [37m[1mas[22m[39m [33m`a1__bio`[39m[0m,[0m [33m`a1`[39m[0m.[0m[33m`image`[39m [37m[1mas[22m[39m [33m`a1__image`[39m[0m,[0m [33m`a1`[39m[0m.[0m[33m`password`[39m [37m[1mas[22m[39m [33m`a1__password`[39m[0m,[0m [33m`c2`[39m[0m.[0m[33m`id`[39m [37m[1mas[22m[39m [33m`c2__id`[39m[0m,[0m [33m`c2`[39m[0m.[0m[33m`created_at`[39m [37m[1mas[22m[39m [33m`c2__created_at`[39m[0m,[0m [33m`c2`[39m[0m.[0m[33m`updated_at`[39m [37m[1mas[22m[39m [33m`c2__updated_at`[39m[0m,[0m [33m`c2`[39m[0m.[0m[33m`body`[39m [37m[1mas[22m[39m [33m`c2__body`[39m[0m,[0m [33m`c2`[39m[0m.[0m[33m`article_id`[39m [37m[1mas[22m[39m [33m`c2__article_id`[39m[0m,[0m [33m`c2`[39m[0m.[0m[33m`author_id`[39m [37m[1mas[22m[39m [33m`c2__author_id`[39m [37m[1mfrom[22m[39m [33m`article`[39m [37m[1mas[22m[39m [33m`a0`[39m [37m[1mleft join[22m[39m [33m`user`[39m [37m[1mas[22m[39m [33m`a1`[39m [37m[1mon[22m[39m [33m`a0`[39m[0m.[0m[33m`author_id`[39m [0m=[0m [33m`a1`[39m[0m.[0m[33m`id`[39m [37m[1mleft join[22m[39m [33m`comment`[39m [37m[1mas[22m[39m [33m`c2`[39m [37m[1mon[22m[39m [33m`a0`[39m[0m.[0m[33m`id`[39m [0m=[0m [33m`c2`[39m[0m.[0m[33m`article_id`[39m [37m[1mwhere[22m[39m [33m`a0`[39m[0m.[0m[33m`id`[39m [37m[1min[22m[39m ([32m1[39m[0m,[0m [32m2[39m)[90m [took 2 ms, 2 results][39m
[90m[query] [39m[37m[1mselect[22m[39m [33m`u0`[39m[0m.[0m[0m*[0m [37m[1mfrom[22m[39m [33m`user`[39m [37m[1mas[22m[39m [33m`u0`[39m [37m[1mwhere[22m[39m [33m`u0`[39m[0m.[0m[33m`id`[39m [0m=[0m [32m3[39m [37m[1mlimit[22m[39m [32m1[39m[90m [took 1 ms, 1 result][39m
[90m[query] [39m[37m[1mselect[22m[39m [33m`u0`[39m[0m.[0m[33m`id`[39m[0m,[0m [33m`u0`[39m[0m.[0m[33m`username`[39m[0m,[0m [33m`u0`[39m[0m.[0m[33m`email`[39m[0m,[0m [33m`u0`[39m[0m.[0m[33m`bio`[39m[0m,[0m [33m`u0`[39m[0m.[0m[33m`image`[39m[0m,[0m [33m`u0`[39m[0m.[0m[33m`password`[39m[0m,[0m [33m`f1`[39m[0m.[0m[33m`id`[39m [37m[1mas[22m[39m [33m`f1__id`[39m[0m,[0m [33m`f1`[39m[0m.[0m[33m`username`[39m [37m[1mas[22m[39m [33m`f1__username`[39m[0m,[0m [33m`f1`[39m[0m.[0m[33m`email`[39m [37m[1mas[22m[39m [33m`f1__email`[39m[0m,[0m [33m`f1`[39m[0m.[0m[33m`bio`[39m [37m[1mas[22m[39m [33m`f1__bio`[39m[0m,[0m [33m`f1`[39m[0m.[0m[33m`image`[39m [37m[1mas[22m[39m [33m`f1__image`[39m[0m,[0m [33m`f1`[39m[0m.[0m[33m`password`[39m [37m[1mas[22m[39m [33m`f1__password`[39m[0m,[0m [33m`f3`[39m[0m.[0m[33m`id`[39m [37m[1mas[22m[39m [33m`f3__id`[39m[0m,[0m [33m`f3`[39m[0m.[0m[33m`slug`[39m [37m[1mas[22m[39m [33m`f3__slug`[39m[0m,[0m [33m`f3`[39m[0m.[0m[33m`title`[39m [37m[1mas[22m[39m [33m`f3__title`[39m[0m,[0m [33m`f3`[39m[0m.[0m[33m`description`[39m [37m[1mas[22m[39m [33m`f3__description`[39m[0m,[0m [33m`f3`[39m[0m.[0m[33m`body`[39m [37m[1mas[22m[39m [33m`f3__body`[39m[0m,[0m [33m`f3`[39m[0m.[0m[33m`created_at`[39m [37m[1mas[22m[39m [33m`f3__created_at`[39m[0m,[0m [33m`f3`[39m[0m.[0m[33m`updated_at`[39m [37m[1mas[22m[39m [33m`f3__updated_at`[39m[0m,[0m [33m`f3`[39m[0m.[0m[33m`tag_list`[39m [37m[1mas[22m[39m [33m`f3__tag_list`[39m[0m,[0m [33m`f3`[39m[0m.[0m[33m`author_id`[39m [37m[1mas[22m[39m [33m`f3__author_id`[39m[0m,[0m [33m`f3`[39m[0m.[0m[33m`favorites_count`[39m [37m[1mas[22m[39m [33m`f3__favorites_count`[39m[0m,[0m [33m`c5`[39m[0m.[0m[33m`id`[39m [37m[1mas[22m[39m [33m`c5__id`[39m[0m,[0m [33m`c5`[39m[0m.[0m[33m`created_at`[39m [37m[1mas[22m[39m [33m`c5__created_at`[39m[0m,[0m [33m`c5`[39m[0m.[0m[33m`updated_at`[39m [37m[1mas[22m[39m [33m`c5__updated_at`[39m[0m,[0m [33m`c5`[39m[0m.[0m[33m`body`[39m [37m[1mas[22m[39m [33m`c5__body`[39m[0m,[0m [33m`c5`[39m[0m.[0m[33m`article_id`[39m [37m[1mas[22m[39m [33m`c5__article_id`[39m[0m,[0m [33m`c5`[39m[0m.[0m[33m`author_id`[39m [37m[1mas[22m[39m [33m`c5__author_id`[39m [37m[1mfrom[22m[39m [33m`user`[39m [37m[1mas[22m[39m [33m`u0`[39m [37m[1mleft join[22m[39m [33m`user_to_follower`[39m [37m[1mas[22m[39m [33m`u2`[39m [37m[1mon[22m[39m [33m`u0`[39m[0m.[0m[33m`id`[39m [0m=[0m [33m`u2`[39m[0m.[0m[33m`follower`[39m [37m[1mleft join[22m[39m [33m`user`[39m [37m[1mas[22m[39m [33m`f1`[39m [37m[1mon[22m[39m [33m`u2`[39m[0m.[0m[33m`following`[39m [0m=[0m [33m`f1`[39m[0m.[0m[33m`id`[39m [37m[1mleft join[22m[39m [33m`user_favorites`[39m [37m[1mas[22m[39m [33m`u4`[39m [37m[1mon[22m[39m [33m`u0`[39m[0m.[0m[33m`id`[39m [0m=[0m [33m`u4`[39m[0m.[0m[33m`user_id`[39m [37m[1mleft join[22m[39m [33m`article`[39m [37m[1mas[22m[39m [33m`f3`[39m [37m[1mon[22m[39m [33m`u4`[39m[0m.[0m[33m`article_id`[39m [0m=[0m [33m`f3`[39m[0m.[0m[33m`id`[39m [37m[1mleft join[22m[39m [33m`comment`[39m [37m[1mas[22m[39m [33m`c5`[39m [37m[1mon[22m[39m [33m`f3`[39m[0m.[0m[33m`id`[39m [0m=[0m [33m`c5`[39m[0m.[0m[33m`article_id`[39m [37m[1mwhere[22m[39m [33m`u0`[39m[0m.[0m[33m`id`[39m [0m=[0m [32m3[39m[90m [took 0 ms, 1 result][39m
[90m[query] [39m[37m[1mselect[22m[39m [37m[1mcount[22m[39m([37m[1mdistinct[22m[39m [33m`a0`[39m[0m.[0m[33m`id`[39m) [37m[1mas[22m[39m [33m`count`[39m [37m[1mfrom[22m[39m [33m`article`[39m [37m[1mas[22m[39m [33m`a0`[39m [37m[1mleft join[22m[39m [33m`user`[39m [37m[1mas[22m[39m [33m`u1`[39m [37m[1mon[22m[39m [33m`a0`[39m[0m.[0m[33m`author_id`[39m [0m=[0m [33m`u1`[39m[0m.[0m[33m`id`[39m [37m[1mleft join[22m[39m [33m`user_to_follower`[39m [37m[1mas[22m[39m [33m`u2`[39m [37m[1mon[22m[39m [33m`u1`[39m[0m.[0m[33m`id`[39m [0m=[0m [33m`u2`[39m[0m.[0m[33m`follower`[39m [37m[1mwhere[22m[39m [33m`u2`[39m[0m.[0m[33m`following`[39m [0m=[0m [32m3[39m[90m [took 1 ms][39m
[90m[query] [39m[37m[1mselect[22m[39m [33m`a0`[39m[0m.[0m[33m`id`[39m[0m,[0m [33m`a0`[39m[0m.[0m[33m`slug`[39m[0m,[0m [33m`a0`[39m[0m.[0m[33m`title`[39m[0m,[0m [33m`a0`[39m[0m.[0m[33m`description`[39m[0m,[0m [33m`a0`[39m[0m.[0m[33m`body`[39m[0m,[0m [33m`a0`[39m[0m.[0m[33m`created_at`[39m[0m,[0m [33m`a0`[39m[0m.[0m[33m`updated_at`[39m[0m,[0m [33m`a0`[39m[0m.[0m[33m`tag_list`[39m[0m,[0m [33m`a0`[39m[0m.[0m[33m`author_id`[39m[0m,[0m [33m`a0`[39m[0m.[0m[33m`favorites_count`[39m[0m,[0m [33m`a1`[39m[0m.[0m[33m`id`[39m [37m[1mas[22m[39m [33m`a1__id`[39m[0m,[0m [33m`a1`[39m[0m.[0m[33m`username`[39m [37m[1mas[22m[39m [33m`a1__username`[39m[0m,[0m [33m`a1`[39m[0m.[0m[33m`email`[39m [37m[1mas[22m[39m [33m`a1__email`[39m[0m,[0m [33m`a1`[39m[0m.[0m[33m`bio`[39m [37m[1mas[22m[39m [33m`a1__bio`[39m[0m,[0m [33m`a1`[39m[0m.[0m[33m`image`[39m [37m[1mas[22m[39m [33m`a1__image`[39m[0m,[0m [33m`a1`[39m[0m.[0m[33m`password`[39m [37m[1mas[22m[39m [33m`a1__password`[39m[0m,[0m [33m`c2`[39m[0m.[0m[33m`id`[39m [37m[1mas[22m[39m [33m`c2__id`[39m[0m,[0m [33m`c2`[39m[0m.[0m[33m`created_at`[39m [37m[1mas[22m[39m [33m`c2__created_at`[39m[0m,[0m [33m`c2`[39m[0m.[0m[33m`updated_at`[39m [37m[1mas[22m[39m [33m`c2__updated_at`[39m[0m,[0m [33m`c2`[39m[0m.[0m[33m`body`[39m [37m[1mas[22m[39m [33m`c2__body`[39m[0m,[0m [33m`c2`[39m[0m.[0m[33m`article_id`[39m [37m[1mas[22m[39m [33m`c2__article_id`[39m[0m,[0m [33m`c2`[39m[0m.[0m[33m`author_id`[39m [37m[1mas[22m[39m [33m`c2__author_id`[39m [37m[1mfrom[22m[39m [33m`article`[39m [37m[1mas[22m[39m [33m`a0`[39m [37m[1mleft join[22m[39m [33m`user`[39m [37m[1mas[22m[39m [33m`a1`[39m [37m[1mon[22m[39m [33m`a0`[39m[0m.[0m[33m`author_id`[39m [0m=[0m [33m`a1`[39m[0m.[0m[33m`id`[39m [37m[1mleft join[22m[39m [33m`comment`[39m [37m[1mas[22m[39m [33m`c2`[39m [37m[1mon[22m[39m [33m`a0`[39m[0m.[0m[33m`id`[39m [0m=[0m [33m`c2`[39m[0m.[0m[33m`article_id`[39m [37m[1mleft join[22m[39m [33m`user_to_follower`[39m [37m[1mas[22m[39m [33m`u3`[39m [37m[1mon[22m[39m [33m`a1`[39m[0m.[0m[33m`id`[39m [0m=[0m [33m`u3`[39m[0m.[0m[33m`follower`[39m [37m[1mwhere[22m[39m [33m`a0`[39m[0m.[0m[33m`id`[39m [37m[1min[22m[39m ([37m[1mselect[22m[39m [33m`a0`[39m[0m.[0m[33m`id`[39m [37m[1mfrom[22m[39m ([37m[1mselect[22m[39m [33m`a0`[39m[0m.[0m[33m`id`[39m [37m[1mfrom[22m[39m [33m`article`[39m [37m[1mas[22m[39m [33m`a0`[39m [37m[1mleft join[22m[39m [33m`user`[39m [37m[1mas[22m[39m [33m`a1`[39m [37m[1mon[22m[39m [33m`a0`[39m[0m.[0m[33m`author_id`[39m [0m=[0m [33m`a1`[39m[0m.[0m[33m`id`[39m [37m[1mleft join[22m[39m [33m`comment`[39m [37m[1mas[22m[39m [33m`c2`[39m [37m[1mon[22m[39m [33m`a0`[39m[0m.[0m[33m`id`[39m [0m=[0m [33m`c2`[39m[0m.[0m[33m`article_id`[39m [37m[1mleft join[22m[39m [33m`user_to_follower`[39m [37m[1mas[22m[39m [33m`u3`[39m [37m[1mon[22m[39m [33m`a1`[39m[0m.[0m[33m`id`[39m [0m=[0m [33m`u3`[39m[0m.[0m[33m`follower`[39m [37m[1mwhere[22m[39m [33m`u3`[39m[0m.[0m[33m`following`[39m [0m=[0m [32m3[39m [37m[1mgroup by[22m[39m [33m`a0`[39m[0m.[0m[33m`id`[39m [37m[1morder by[22m[39m [37m[1mmin[22m[39m([33m`a0`[39m[0m.[0m[33m`created_at`[39m) [37m[1mdesc[22m[39m [37m[1mlimit[22m[39m [32m10[39m) [37m[1mas[22m[39m [33m`a0`[39m) [37m[1morder by[22m[39m [33m`a0`[39m[0m.[0m[33m`created_at`[39m [37m[1mdesc[22m[39m[90m [took 3 ms, 2 results][39m
findFeed {
  articles: [
    Article {
      id: 1,
      slug: 'how-to-do-something',
      title: 'How to do something',
      description: 'Lorem ipsum dolor sit amet',
      body: 'Lorem ipsum dolor sit amet, consectetur adipiscing elit. Sed euismod, diam id aliquam aliquam, nunc ipsum aliquet nunc, vitae aliq',
      createdAt: 2025-10-15T17:52:09.000Z,
      updatedAt: 2025-10-15T17:52:09.000Z,
      tagList: [Array],
      author: [User],
      favoritesCount: 3,
      comments: [Collection<Comment>]
    },
    Article {
      id: 2,
      slug: 'how-to-do-something-else',
      title: 'How to do something else',
      description: 'Sed euismod',
      body: 'Sed euismod, diam id aliquam aliquam, nunc i consectetur adipiscing elit. Sed euismod, diam id aliquam aliquam, nunc ipsum aliquet nunc, vitae aliq',
      createdAt: 2025-10-15T17:52:09.000Z,
      updatedAt: 2025-10-15T17:52:09.000Z,
      tagList: [Array],
      author: [User],
      favoritesCount: 7,
      comments: [Collection<Comment>]
    }
  ],
  articlesCount: 2
}
[90m[query] [39m[37m[1mselect[22m[39m [33m`u0`[39m[0m.[0m[0m*[0m [37m[1mfrom[22m[39m [33m`user`[39m [37m[1mas[22m[39m [33m`u0`[39m [37m[1mwhere[22m[39m [33m`u0`[39m[0m.[0m[33m`id`[39m [0m=[0m [32m3[39m [37m[1mlimit[22m[39m [32m1[39m[90m [took 0 ms, 1 result][39m
[90m[query] [39m[37m[1mselect[22m[39m [33m`u0`[39m[0m.[0m[0m*[0m [37m[1mfrom[22m[39m [33m`user`[39m [37m[1mas[22m[39m [33m`u0`[39m [37m[1mwhere[22m[39m [33m`u0`[39m[0m.[0m[33m`email`[39m [0m=[0m [33m'jcosten0@purevolume.com'[39m [37m[1mlimit[22m[39m [32m1[39m[90m [took 1 ms, 1 result][39m
[90m[query] [39m[37m[1mselect[22m[39m [33m`u0`[39m[0m.[0m[0m*[0m [37m[1mfrom[22m[39m [33m`user`[39m [37m[1mas[22m[39m [33m`u0`[39m [37m[1mwhere[22m[39m [33m`u0`[39m[0m.[0m[33m`id`[39m [0m=[0m [32m3[39m [37m[1mlimit[22m[39m [32m1[39m[90m [took 1 ms, 1 result][39m
[90m[query] [39m[37m[1mselect[22m[39m [33m`u0`[39m[0m.[0m[33m`id`[39m[0m,[0m [33m`u0`[39m[0m.[0m[33m`username`[39m[0m,[0m [33m`u0`[39m[0m.[0m[33m`email`[39m[0m,[0m [33m`u0`[39m[0m.[0m[33m`bio`[39m[0m,[0m [33m`u0`[39m[0m.[0m[33m`image`[39m[0m,[0m [33m`u0`[39m[0m.[0m[33m`password`[39m[0m,[0m [33m`f1`[39m[0m.[0m[33m`id`[39m [37m[1mas[22m[39m [33m`f1__id`[39m[0m,[0m [33m`f1`[39m[0m.[0m[33m`username`[39m [37m[1mas[22m[39m [33m`f1__username`[39m[0m,[0m [33m`f1`[39m[0m.[0m[33m`email`[39m [37m[1mas[22m[39m [33m`f1__email`[39m[0m,[0m [33m`f1`[39m[0m.[0m[33m`bio`[39m [37m[1mas[22m[39m [33m`f1__bio`[39m[0m,[0m [33m`f1`[39m[0m.[0m[33m`image`[39m [37m[1mas[22m[39m [33m`f1__image`[39m[0m,[0m [33m`f1`[39m[0m.[0m[33m`password`[39m [37m[1mas[22m[39m [33m`f1__password`[39m[0m,[0m [33m`f3`[39m[0m.[0m[33m`id`[39m [37m[1mas[22m[39m [33m`f3__id`[39m[0m,[0m [33m`f3`[39m[0m.[0m[33m`slug`[39m [37m[1mas[22m[39m [33m`f3__slug`[39m[0m,[0m [33m`f3`[39m[0m.[0m[33m`title`[39m [37m[1mas[22m[39m [33m`f3__title`[39m[0m,[0m [33m`f3`[39m[0m.[0m[33m`description`[39m [37m[1mas[22m[39m [33m`f3__description`[39m[0m,[0m [33m`f3`[39m[0m.[0m[33m`body`[39m [37m[1mas[22m[39m [33m`f3__body`[39m[0m,[0m [33m`f3`[39m[0m.[0m[33m`created_at`[39m [37m[1mas[22m[39m [33m`f3__created_at`[39m[0m,[0m [33m`f3`[39m[0m.[0m[33m`updated_at`[39m [37m[1mas[22m[39m [33m`f3__updated_at`[39m[0m,[0m [33m`f3`[39m[0m.[0m[33m`tag_list`[39m [37m[1mas[22m[39m [33m`f3__tag_list`[39m[0m,[0m [33m`f3`[39m[0m.[0m[33m`author_id`[39m [37m[1mas[22m[39m [33m`f3__author_id`[39m[0m,[0m [33m`f3`[39m[0m.[0m[33m`favorites_count`[39m [37m[1mas[22m[39m [33m`f3__favorites_count`[39m[0m,[0m [33m`c5`[39m[0m.[0m[33m`id`[39m [37m[1mas[22m[39m [33m`c5__id`[39m[0m,[0m [33m`c5`[39m[0m.[0m[33m`created_at`[39m [37m[1mas[22m[39m [33m`c5__created_at`[39m[0m,[0m [33m`c5`[39m[0m.[0m[33m`updated_at`[39m [37m[1mas[22m[39m [33m`c5__updated_at`[39m[0m,[0m [33m`c5`[39m[0m.[0m[33m`body`[39m [37m[1mas[22m[39m [33m`c5__body`[39m[0m,[0m [33m`c5`[39m[0m.[0m[33m`article_id`[39m [37m[1mas[22m[39m [33m`c5__article_id`[39m[0m,[0m [33m`c5`[39m[0m.[0m[33m`author_id`[39m [37m[1mas[22m[39m [33m`c5__author_id`[39m [37m[1mfrom[22m[39m [33m`user`[39m [37m[1mas[22m[39m [33m`u0`[39m [37m[1mleft join[22m[39m [33m`user_to_follower`[39m [37m[1mas[22m[39m [33m`u2`[39m [37m[1mon[22m[39m [33m`u0`[39m[0m.[0m[33m`id`[39m [0m=[0m [33m`u2`[39m[0m.[0m[33m`follower`[39m [37m[1mleft join[22m[39m [33m`user`[39m [37m[1mas[22m[39m [33m`f1`[39m [37m[1mon[22m[39m [33m`u2`[39m[0m.[0m[33m`following`[39m [0m=[0m [33m`f1`[39m[0m.[0m[33m`id`[39m [37m[1mleft join[22m[39m [33m`user_favorites`[39m [37m[1mas[22m[39m [33m`u4`[39m [37m[1mon[22m[39m [33m`u0`[39m[0m.[0m[33m`id`[39m [0m=[0m [33m`u4`[39m[0m.[0m[33m`user_id`[39m [37m[1mleft join[22m[39m [33m`article`[39m [37m[1mas[22m[39m [33m`f3`[39m [37m[1mon[22m[39m [33m`u4`[39m[0m.[0m[33m`article_id`[39m [0m=[0m [33m`f3`[39m[0m.[0m[33m`id`[39m [37m[1mleft join[22m[39m [33m`comment`[39m [37m[1mas[22m[39m [33m`c5`[39m [37m[1mon[22m[39m [33m`f3`[39m[0m.[0m[33m`id`[39m [0m=[0m [33m`c5`[39m[0m.[0m[33m`article_id`[39m [37m[1mwhere[22m[39m [33m`u0`[39m[0m.[0m[33m`id`[39m [0m=[0m [32m3[39m[90m [took 1 ms, 1 result][39m
[90m[query] [39m[37m[1mselect[22m[39m [37m[1mcount[22m[39m([37m[1mdistinct[22m[39m [33m`a0`[39m[0m.[0m[33m`id`[39m) [37m[1mas[22m[39m [33m`count`[39m [37m[1mfrom[22m[39m [33m`article`[39m [37m[1mas[22m[39m [33m`a0`[39m [37m[1mleft join[22m[39m [33m`user`[39m [37m[1mas[22m[39m [33m`u1`[39m [37m[1mon[22m[39m [33m`a0`[39m[0m.[0m[33m`author_id`[39m [0m=[0m [33m`u1`[39m[0m.[0m[33m`id`[39m [37m[1mleft join[22m[39m [33m`user_to_follower`[39m [37m[1mas[22m[39m [33m`u2`[39m [37m[1mon[22m[39m [33m`u1`[39m[0m.[0m[33m`id`[39m [0m=[0m [33m`u2`[39m[0m.[0m[33m`follower`[39m [37m[1mwhere[22m[39m [33m`u2`[39m[0m.[0m[33m`following`[39m [0m=[0m [32m3[39m[90m [took 2 ms][39m
[90m[query] [39m[37m[1mselect[22m[39m [33m`a0`[39m[0m.[0m[33m`id`[39m[0m,[0m [33m`a0`[39m[0m.[0m[33m`slug`[39m[0m,[0m [33m`a0`[39m[0m.[0m[33m`title`[39m[0m,[0m [33m`a0`[39m[0m.[0m[33m`description`[39m[0m,[0m [33m`a0`[39m[0m.[0m[33m`body`[39m[0m,[0m [33m`a0`[39m[0m.[0m[33m`created_at`[39m[0m,[0m [33m`a0`[39m[0m.[0m[33m`updated_at`[39m[0m,[0m [33m`a0`[39m[0m.[0m[33m`tag_list`[39m[0m,[0m [33m`a0`[39m[0m.[0m[33m`author_id`[39m[0m,[0m [33m`a0`[39m[0m.[0m[33m`favorites_count`[39m[0m,[0m [33m`a1`[39m[0m.[0m[33m`id`[39m [37m[1mas[22m[39m [33m`a1__id`[39m[0m,[0m [33m`a1`[39m[0m.[0m[33m`username`[39m [37m[1mas[22m[39m [33m`a1__username`[39m[0m,[0m [33m`a1`[39m[0m.[0m[33m`email`[39m [37m[1mas[22m[39m [33m`a1__email`[39m[0m,[0m [33m`a1`[39m[0m.[0m[33m`bio`[39m [37m[1mas[22m[39m [33m`a1__bio`[39m[0m,[0m [33m`a1`[39m[0m.[0m[33m`image`[39m [37m[1mas[22m[39m [33m`a1__image`[39m[0m,[0m [33m`a1`[39m[0m.[0m[33m`password`[39m [37m[1mas[22m[39m [33m`a1__password`[39m[0m,[0m [33m`c2`[39m[0m.[0m[33m`id`[39m [37m[1mas[22m[39m [33m`c2__id`[39m[0m,[0m [33m`c2`[39m[0m.[0m[33m`created_at`[39m [37m[1mas[22m[39m [33m`c2__created_at`[39m[0m,[0m [33m`c2`[39m[0m.[0m[33m`updated_at`[39m [37m[1mas[22m[39m [33m`c2__updated_at`[39m[0m,[0m [33m`c2`[39m[0m.[0m[33m`body`[39m [37m[1mas[22m[39m [33m`c2__body`[39m[0m,[0m [33m`c2`[39m[0m.[0m[33m`article_id`[39m [37m[1mas[22m[39m [33m`c2__article_id`[39m[0m,[0m [33m`c2`[39m[0m.[0m[33m`author_id`[39m [37m[1mas[22m[39m [33m`c2__author_id`[39m [37m[1mfrom[22m[39m [33m`article`[39m [37m[1mas[22m[39m [33m`a0`[39m [37m[1mleft join[22m[39m [33m`user`[39m [37m[1mas[22m[39m [33m`a1`[39m [37m[1mon[22m[39m [33m`a0`[39m[0m.[0m[33m`author_id`[39m [0m=[0m [33m`a1`[39m[0m.[0m[33m`id`[39m [37m[1mleft join[22m[39m [33m`comment`[39m [37m[1mas[22m[39m [33m`c2`[39m [37m[1mon[22m[39m [33m`a0`[39m[0m.[0m[33m`id`[39m [0m=[0m [33m`c2`[39m[0m.[0m[33m`article_id`[39m [37m[1mleft join[22m[39m [33m`user_to_follower`[39m [37m[1mas[22m[39m [33m`u3`[39m [37m[1mon[22m[39m [33m`a1`[39m[0m.[0m[33m`id`[39m [0m=[0m [33m`u3`[39m[0m.[0m[33m`follower`[39m [37m[1mwhere[22m[39m [33m`a0`[39m[0m.[0m[33m`id`[39m [37m[1min[22m[39m ([37m[1mselect[22m[39m [33m`a0`[39m[0m.[0m[33m`id`[39m [37m[1mfrom[22m[39m ([37m[1mselect[22m[39m [33m`a0`[39m[0m.[0m[33m`id`[39m [37m[1mfrom[22m[39m [33m`article`[39m [37m[1mas[22m[39m [33m`a0`[39m [37m[1mleft join[22m[39m [33m`user`[39m [37m[1mas[22m[39m [33m`a1`[39m [37m[1mon[22m[39m [33m`a0`[39m[0m.[0m[33m`author_id`[39m [0m=[0m [33m`a1`[39m[0m.[0m[33m`id`[39m [37m[1mleft join[22m[39m [33m`comment`[39m [37m[1mas[22m[39m [33m`c2`[39m [37m[1mon[22m[39m [33m`a0`[39m[0m.[0m[33m`id`[39m [0m=[0m [33m`c2`[39m[0m.[0m[33m`article_id`[39m [37m[1mleft join[22m[39m [33m`user_to_follower`[39m [37m[1mas[22m[39m [33m`u3`[39m [37m[1mon[22m[39m [33m`a1`[39m[0m.[0m[33m`id`[39m [0m=[0m [33m`u3`[39m[0m.[0m[33m`follower`[39m [37m[1mwhere[22m[39m [33m`u3`[39m[0m.[0m[33m`following`[39m [0m=[0m [32m3[39m [37m[1mgroup by[22m[39m [33m`a0`[39m[0m.[0m[33m`id`[39m [37m[1morder by[22m[39m [37m[1mmin[22m[39m([33m`a0`[39m[0m.[0m[33m`created_at`[39m) [37m[1mdesc[22m[39m [37m[1mlimit[22m[39m [32m10[39m) [37m[1mas[22m[39m [33m`a0`[39m) [37m[1morder by[22m[39m [33m`a0`[39m[0m.[0m[33m`created_at`[39m [37m[1mdesc[22m[39m[90m [took 2 ms, 2 results][39m
findFeed {
  articles: [
    Article {
      id: 1,
      slug: 'how-to-do-something',
      title: 'How to do something',
      description: 'Lorem ipsum dolor sit amet',
      body: 'Lorem ipsum dolor sit amet, consectetur adipiscing elit. Sed euismod, diam id aliquam aliquam, nunc ipsum aliquet nunc, vitae aliq',
      createdAt: 2025-10-15T17:52:09.000Z,
      updatedAt: 2025-10-15T17:52:09.000Z,
      tagList: [Array],
      author: [User],
      favoritesCount: 3,
      comments: [Collection<Comment>]
    },
    Article {
      id: 2,
      slug: 'how-to-do-something-else',
      title: 'How to do something else',
      description: 'Sed euismod',
      body: 'Sed euismod, diam id aliquam aliquam, nunc i consectetur adipiscing elit. Sed euismod, diam id aliquam aliquam, nunc ipsum aliquet nunc, vitae aliq',
      createdAt: 2025-10-15T17:52:09.000Z,
      updatedAt: 2025-10-15T17:52:09.000Z,
      tagList: [Array],
      author: [User],
      favoritesCount: 7,
      comments: [Collection<Comment>]
    }
  ],
  articlesCount: 2
}
[90m[query] [39m[37m[1mselect[22m[39m [33m`t0`[39m[0m.[0m[0m*[0m [37m[1mfrom[22m[39m [33m`tag`[39m [37m[1mas[22m[39m [33m`t0`[39m[90m [took 0 ms, 4 results][39m
[90m[query] [39m[37m[1mselect[22m[39m [33m`u0`[39m[0m.[0m[33m`id`[39m[0m,[0m [33m`u0`[39m[0m.[0m[33m`username`[39m[0m,[0m [33m`u0`[39m[0m.[0m[33m`email`[39m[0m,[0m [33m`u0`[39m[0m.[0m[33m`bio`[39m[0m,[0m [33m`u0`[39m[0m.[0m[33m`image`[39m[0m,[0m [33m`u0`[39m[0m.[0m[33m`password`[39m[0m,[0m [33m`f1`[39m[0m.[0m[33m`id`[39m [37m[1mas[22m[39m [33m`f1__id`[39m[0m,[0m [33m`f1`[39m[0m.[0m[33m`username`[39m [37m[1mas[22m[39m [33m`f1__username`[39m[0m,[0m [33m`f1`[39m[0m.[0m[33m`email`[39m [37m[1mas[22m[39m [33m`f1__email`[39m[0m,[0m [33m`f1`[39m[0m.[0m[33m`bio`[39m [37m[1mas[22m[39m [33m`f1__bio`[39m[0m,[0m [33m`f1`[39m[0m.[0m[33m`image`[39m [37m[1mas[22m[39m [33m`f1__image`[39m[0m,[0m [33m`f1`[39m[0m.[0m[33m`password`[39m [37m[1mas[22m[39m [33m`f1__password`[39m[0m,[0m [33m`f3`[39m[0m.[0m[33m`id`[39m [37m[1mas[22m[39m [33m`f3__id`[39m[0m,[0m [33m`f3`[39m[0m.[0m[33m`slug`[39m [37m[1mas[22m[39m [33m`f3__slug`[39m[0m,[0m [33m`f3`[39m[0m.[0m[33m`title`[39m [37m[1mas[22m[39m [33m`f3__title`[39m[0m,[0m [33m`f3`[39m[0m.[0m[33m`description`[39m [37m[1mas[22m[39m [33m`f3__description`[39m[0m,[0m [33m`f3`[39m[0m.[0m[33m`body`[39m [37m[1mas[22m[39m [33m`f3__body`[39m[0m,[0m [33m`f3`[39m[0m.[0m[33m`created_at`[39m [37m[1mas[22m[39m [33m`f3__created_at`[39m[0m,[0m [33m`f3`[39m[0m.[0m[33m`updated_at`[39m [37m[1mas[22m[39m [33m`f3__updated_at`[39m[0m,[0m [33m`f3`[39m[0m.[0m[33m`tag_list`[39m [37m[1mas[22m[39m [33m`f3__tag_list`[39m[0m,[0m [33m`f3`[39m[0m.[0m[33m`author_id`[39m [37m[1mas[22m[39m [33m`f3__author_id`[39m[0m,[0m [33m`f3`[39m[0m.[0m[33m`favorites_count`[39m [37m[1mas[22m[39m [33m`f3__favorites_count`[39m[0m,[0m [33m`c5`[39m[0m.[0m[33m`id`[39m [37m[1mas[22m[39m [33m`c5__id`[39m[0m,[0m [33m`c5`[39m[0m.[0m[33m`created_at`[39m [37m[1mas[22m[39m [33m`c5__created_at`[39m[0m,[0m [33m`c5`[39m[0m.[0m[33m`updated_at`[39m [37m[1mas[22m[39m [33m`c5__updated_at`[39m[0m,[0m [33m`c5`[39m[0m.[0m[33m`body`[39m [37m[1mas[22m[39m [33m`c5__body`[39m[0m,[0m [33m`c5`[39m[0m.[0m[33m`article_id`[39m [37m[1mas[22m[39m [33m`c5__article_id`[39m[0m,[0m [33m`c5`[39m[0m.[0m[33m`author_id`[39m [37m[1mas[22m[39m [33m`c5__author_id`[39m [37m[1mfrom[22m[39m [33m`user`[39m [37m[1mas[22m[39m [33m`u0`[39m [37m[1mleft join[22m[39m [33m`user_to_follower`[39m [37m[1mas[22m[39m [33m`u2`[39m [37m[1mon[22m[39m [33m`u0`[39m[0m.[0m[33m`id`[39m [0m=[0m [33m`u2`[39m[0m.[0m[33m`follower`[39m [37m[1mleft join[22m[39m [33m`user`[39m [37m[1mas[22m[39m [33m`f1`[39m [37m[1mon[22m[39m [33m`u2`[39m[0m.[0m[33m`following`[39m [0m=[0m [33m`f1`[39m[0m.[0m[33m`id`[39m [37m[1mleft join[22m[39m [33m`user_favorites`[39m [37m[1mas[22m[39m [33m`u4`[39m [37m[1mon[22m[39m [33m`u0`[39m[0m.[0m[33m`id`[39m [0m=[0m [33m`u4`[39m[0m.[0m[33m`user_id`[39m [37m[1mleft join[22m[39m [33m`article`[39m [37m[1mas[22m[39m [33m`f3`[39m [37m[1mon[22m[39m [33m`u4`[39m[0m.[0m[33m`article_id`[39m [0m=[0m [33m`f3`[39m[0m.[0m[33m`id`[39m [37m[1mleft join[22m[39m [33m`comment`[39m [37m[1mas[22m[39m [33m`c5`[39m [37m[1mon[22m[39m [33m`f3`[39m[0m.[0m[33m`id`[39m [0m=[0m [33m`c5`[39m[0m.[0m[33m`article_id`[39m [37m[1mwhere[22m[39m [33m`u0`[39m[0m.[0m[33m`id`[39m [0m=[0m [32m3[39m[90m [took 1 ms, 1 result][39m
[90m[query] [39m[37m[1mselect[22m[39m [37m[1mcount[22m[39m([37m[1mdistinct[22m[39m [33m`a`[39m[0m.[0m[33m`id`[39m) [37m[1mas[22m[39m [33m`count`[39m [37m[1mfrom[22m[39m [33m`article`[39m [37m[1mas[22m[39m [33m`a`[39m [37m[1mleft join[22m[39m [33m`user`[39m [37m[1mas[22m[39m [33m`u`[39m [37m[1mon[22m[39m [33m`a`[39m[0m.[0m[33m`author_id`[39m [0m=[0m [33m`u`[39m[0m.[0m[33m`id`[39m [37m[1morder by[22m[39m [33m`a`[39m[0m.[0m[33m`created_at`[39m [37m[1mdesc[22m[39m[90m [took 1 ms][39m
[90m[query] [39m[37m[1mselect[22m[39m [33m`a`[39m[0m.[0m[0m*[0m [37m[1mfrom[22m[39m [33m`article`[39m [37m[1mas[22m[39m [33m`a`[39m [37m[1mleft join[22m[39m [33m`user`[39m [37m[1mas[22m[39m [33m`u`[39m [37m[1mon[22m[39m [33m`a`[39m[0m.[0m[33m`author_id`[39m [0m=[0m [33m`u`[39m[0m.[0m[33m`id`[39m [37m[1morder by[22m[39m [33m`a`[39m[0m.[0m[33m`created_at`[39m [37m[1mdesc[22m[39m [37m[1mlimit[22m[39m [32m10[39m[90m [took 1 ms, 2 results][39m
[90m[query] [39m[37m[1mselect[22m[39m [33m`a0`[39m[0m.[0m[33m`id`[39m[0m,[0m [33m`a0`[39m[0m.[0m[33m`slug`[39m[0m,[0m [33m`a0`[39m[0m.[0m[33m`title`[39m[0m,[0m [33m`a0`[39m[0m.[0m[33m`description`[39m[0m,[0m [33m`a0`[39m[0m.[0m[33m`body`[39m[0m,[0m [33m`a0`[39m[0m.[0m[33m`created_at`[39m[0m,[0m [33m`a0`[39m[0m.[0m[33m`updated_at`[39m[0m,[0m [33m`a0`[39m[0m.[0m[33m`tag_list`[39m[0m,[0m [33m`a0`[39m[0m.[0m[33m`author_id`[39m[0m,[0m [33m`a0`[39m[0m.[0m[33m`favorites_count`[39m[0m,[0m [33m`a1`[39m[0m.[0m[33m`id`[39m [37m[1mas[22m[39m [33m`a1__id`[39m[0m,[0m [33m`a1`[39m[0m.[0m[33m`username`[39m [37m[1mas[22m[39m [33m`a1__username`[39m[0m,[0m [33m`a1`[39m[0m.[0m[33m`email`[39m [37m[1mas[22m[39m [33m`a1__email`[39m[0m,[0m [33m`a1`[39m[0m.[0m[33m`bio`[39m [37m[1mas[22m[39m [33m`a1__bio`[39m[0m,[0m [33m`a1`[39m[0m.[0m[33m`image`[39m [37m[1mas[22m[39m [33m`a1__image`[39m[0m,[0m [33m`a1`[39m[0m.[0m[33m`password`[39m [37m[1mas[22m[39m [33m`a1__password`[39m[0m,[0m [33m`c2`[39m[0m.[0m[33m`id`[39m [37m[1mas[22m[39m [33m`c2__id`[39m[0m,[0m [33m`c2`[39m[0m.[0m[33m`created_at`[39m [37m[1mas[22m[39m [33m`c2__created_at`[39m[0m,[0m [33m`c2`[39m[0m.[0m[33m`updated_at`[39m [37m[1mas[22m[39m [33m`c2__updated_at`[39m[0m,[0m [33m`c2`[39m[0m.[0m[33m`body`[39m [37m[1mas[22m[39m [33m`c2__body`[39m[0m,[0m [33m`c2`[39m[0m.[0m[33m`article_id`[39m [37m[1mas[22m[39m [33m`c2__article_id`[39m[0m,[0m [33m`c2`[39m[0m.[0m[33m`author_id`[39m [37m[1mas[22m[39m [33m`c2__author_id`[39m [37m[1mfrom[22m[39m [33m`article`[39m [37m[1mas[22m[39m [33m`a0`[39m [37m[1mleft join[22m[39m [33m`user`[39m [37m[1mas[22m[39m [33m`a1`[39m [37m[1mon[22m[39m [33m`a0`[39m[0m.[0m[33m`author_id`[39m [0m=[0m [33m`a1`[39m[0m.[0m[33m`id`[39m [37m[1mleft join[22m[39m [33m`comment`[39m [37m[1mas[22m[39m [33m`c2`[39m [37m[1mon[22m[39m [33m`a0`[39m[0m.[0m[33m`id`[39m [0m=[0m [33m`c2`[39m[0m.[0m[33m`article_id`[39m [37m[1mwhere[22m[39m [33m`a0`[39m[0m.[0m[33m`id`[39m [37m[1min[22m[39m ([32m1[39m[0m,[0m [32m2[39m)[90m [took 2 ms, 2 results][39m
[90m[query] [39m[37m[1mselect[22m[39m [33m`u0`[39m[0m.[0m[0m*[0m [37m[1mfrom[22m[39m [33m`user`[39m [37m[1mas[22m[39m [33m`u0`[39m [37m[1mwhere[22m[39m [33m`u0`[39m[0m.[0m[33m`id`[39m [0m=[0m [32m3[39m [37m[1mlimit[22m[39m [32m1[39m[90m [took 1 ms, 1 result][39m
[90m[query] [39m[37m[1mselect[22m[39m [33m`u0`[39m[0m.[0m[33m`id`[39m[0m,[0m [33m`u0`[39m[0m.[0m[33m`username`[39m[0m,[0m [33m`u0`[39m[0m.[0m[33m`email`[39m[0m,[0m [33m`u0`[39m[0m.[0m[33m`bio`[39m[0m,[0m [33m`u0`[39m[0m.[0m[33m`image`[39m[0m,[0m [33m`u0`[39m[0m.[0m[33m`password`[39m[0m,[0m [33m`f1`[39m[0m.[0m[33m`id`[39m [37m[1mas[22m[39m [33m`f1__id`[39m[0m,[0m [33m`f1`[39m[0m.[0m[33m`username`[39m [37m[1mas[22m[39m [33m`f1__username`[39m[0m,[0m [33m`f1`[39m[0m.[0m[33m`email`[39m [37m[1mas[22m[39m [33m`f1__email`[39m[0m,[0m [33m`f1`[39m[0m.[0m[33m`bio`[39m [37m[1mas[22m[39m [33m`f1__bio`[39m[0m,[0m [33m`f1`[39m[0m.[0m[33m`image`[39m [37m[1mas[22m[39m [33m`f1__image`[39m[0m,[0m [33m`f1`[39m[0m.[0m[33m`password`[39m [37m[1mas[22m[39m [33m`f1__password`[39m[0m,[0m [33m`f3`[39m[0m.[0m[33m`id`[39m [37m[1mas[22m[39m [33m`f3__id`[39m[0m,[0m [33m`f3`[39m[0m.[0m[33m`slug`[39m [37m[1mas[22m[39m [33m`f3__slug`[39m[0m,[0m [33m`f3`[39m[0m.[0m[33m`title`[39m [37m[1mas[22m[39m [33m`f3__title`[39m[0m,[0m [33m`f3`[39m[0m.[0m[33m`description`[39m [37m[1mas[22m[39m [33m`f3__description`[39m[0m,[0m [33m`f3`[39m[0m.[0m[33m`body`[39m [37m[1mas[22m[39m [33m`f3__body`[39m[0m,[0m [33m`f3`[39m[0m.[0m[33m`created_at`[39m [37m[1mas[22m[39m [33m`f3__created_at`[39m[0m,[0m [33m`f3`[39m[0m.[0m[33m`updated_at`[39m [37m[1mas[22m[39m [33m`f3__updated_at`[39m[0m,[0m [33m`f3`[39m[0m.[0m[33m`tag_list`[39m [37m[1mas[22m[39m [33m`f3__tag_list`[39m[0m,[0m [33m`f3`[39m[0m.[0m[33m`author_id`[39m [37m[1mas[22m[39m [33m`f3__author_id`[39m[0m,[0m [33m`f3`[39m[0m.[0m[33m`favorites_count`[39m [37m[1mas[22m[39m [33m`f3__favorites_count`[39m[0m,[0m [33m`c5`[39m[0m.[0m[33m`id`[39m [37m[1mas[22m[39m [33m`c5__id`[39m[0m,[0m [33m`c5`[39m[0m.[0m[33m`created_at`[39m [37m[1mas[22m[39m [33m`c5__created_at`[39m[0m,[0m [33m`c5`[39m[0m.[0m[33m`updated_at`[39m [37m[1mas[22m[39m [33m`c5__updated_at`[39m[0m,[0m [33m`c5`[39m[0m.[0m[33m`body`[39m [37m[1mas[22m[39m [33m`c5__body`[39m[0m,[0m [33m`c5`[39m[0m.[0m[33m`article_id`[39m [37m[1mas[22m[39m [33m`c5__article_id`[39m[0m,[0m [33m`c5`[39m[0m.[0m[33m`author_id`[39m [37m[1mas[22m[39m [33m`c5__author_id`[39m [37m[1mfrom[22m[39m [33m`user`[39m [37m[1mas[22m[39m [33m`u0`[39m [37m[1mleft join[22m[39m [33m`user_to_follower`[39m [37m[1mas[22m[39m [33m`u2`[39m [37m[1mon[22m[39m [33m`u0`[39m[0m.[0m[33m`id`[39m [0m=[0m [33m`u2`[39m[0m.[0m[33m`follower`[39m [37m[1mleft join[22m[39m [33m`user`[39m [37m[1mas[22m[39m [33m`f1`[39m [37m[1mon[22m[39m [33m`u2`[39m[0m.[0m[33m`following`[39m [0m=[0m [33m`f1`[39m[0m.[0m[33m`id`[39m [37m[1mleft join[22m[39m [33m`user_favorites`[39m [37m[1mas[22m[39m [33m`u4`[39m [37m[1mon[22m[39m [33m`u0`[39m[0m.[0m[33m`id`[39m [0m=[0m [33m`u4`[39m[0m.[0m[33m`user_id`[39m [37m[1mleft join[22m[39m [33m`article`[39m [37m[1mas[22m[39m [33m`f3`[39m [37m[1mon[22m[39m [33m`u4`[39m[0m.[0m[33m`article_id`[39m [0m=[0m [33m`f3`[39m[0m.[0m[33m`id`[39m [37m[1mleft join[22m[39m [33m`comment`[39m [37m[1mas[22m[39m [33m`c5`[39m [37m[1mon[22m[39m [33m`f3`[39m[0m.[0m[33m`id`[39m [0m=[0m [33m`c5`[39m[0m.[0m[33m`article_id`[39m [37m[1mwhere[22m[39m [33m`u0`[39m[0m.[0m[33m`id`[39m [0m=[0m [32m3[39m[90m [took 0 ms, 1 result][39m
[90m[query] [39m[37m[1mselect[22m[39m [37m[1mcount[22m[39m([37m[1mdistinct[22m[39m [33m`a0`[39m[0m.[0m[33m`id`[39m) [37m[1mas[22m[39m [33m`count`[39m [37m[1mfrom[22m[39m [33m`article`[39m [37m[1mas[22m[39m [33m`a0`[39m [37m[1mleft join[22m[39m [33m`user`[39m [37m[1mas[22m[39m [33m`u1`[39m [37m[1mon[22m[39m [33m`a0`[39m[0m.[0m[33m`author_id`[39m [0m=[0m [33m`u1`[39m[0m.[0m[33m`id`[39m [37m[1mleft join[22m[39m [33m`user_to_follower`[39m [37m[1mas[22m[39m [33m`u2`[39m [37m[1mon[22m[39m [33m`u1`[39m[0m.[0m[33m`id`[39m [0m=[0m [33m`u2`[39m[0m.[0m[33m`follower`[39m [37m[1mwhere[22m[39m [33m`u2`[39m[0m.[0m[33m`following`[39m [0m=[0m [32m3[39m[90m [took 1 ms][39m
[90m[query] [39m[37m[1mselect[22m[39m [33m`a0`[39m[0m.[0m[33m`id`[39m[0m,[0m [33m`a0`[39m[0m.[0m[33m`slug`[39m[0m,[0m [33m`a0`[39m[0m.[0m[33m`title`[39m[0m,[0m [33m`a0`[39m[0m.[0m[33m`description`[39m[0m,[0m [33m`a0`[39m[0m.[0m[33m`body`[39m[0m,[0m [33m`a0`[39m[0m.[0m[33m`created_at`[39m[0m,[0m [33m`a0`[39m[0m.[0m[33m`updated_at`[39m[0m,[0m [33m`a0`[39m[0m.[0m[33m`tag_list`[39m[0m,[0m [33m`a0`[39m[0m.[0m[33m`author_id`[39m[0m,[0m [33m`a0`[39m[0m.[0m[33m`favorites_count`[39m[0m,[0m [33m`a1`[39m[0m.[0m[33m`id`[39m [37m[1mas[22m[39m [33m`a1__id`[39m[0m,[0m [33m`a1`[39m[0m.[0m[33m`username`[39m [37m[1mas[22m[39m [33m`a1__username`[39m[0m,[0m [33m`a1`[39m[0m.[0m[33m`email`[39m [37m[1mas[22m[39m [33m`a1__email`[39m[0m,[0m [33m`a1`[39m[0m.[0m[33m`bio`[39m [37m[1mas[22m[39m [33m`a1__bio`[39m[0m,[0m [33m`a1`[39m[0m.[0m[33m`image`[39m [37m[1mas[22m[39m [33m`a1__image`[39m[0m,[0m [33m`a1`[39m[0m.[0m[33m`password`[39m [37m[1mas[22m[39m [33m`a1__password`[39m[0m,[0m [33m`c2`[39m[0m.[0m[33m`id`[39m [37m[1mas[22m[39m [33m`c2__id`[39m[0m,[0m [33m`c2`[39m[0m.[0m[33m`created_at`[39m [37m[1mas[22m[39m [33m`c2__created_at`[39m[0m,[0m [33m`c2`[39m[0m.[0m[33m`updated_at`[39m [37m[1mas[22m[39m [33m`c2__updated_at`[39m[0m,[0m [33m`c2`[39m[0m.[0m[33m`body`[39m [37m[1mas[22m[39m [33m`c2__body`[39m[0m,[0m [33m`c2`[39m[0m.[0m[33m`article_id`[39m [37m[1mas[22m[39m [33m`c2__article_id`[39m[0m,[0m [33m`c2`[39m[0m.[0m[33m`author_id`[39m [37m[1mas[22m[39m [33m`c2__author_id`[39m [37m[1mfrom[22m[39m [33m`article`[39m [37m[1mas[22m[39m [33m`a0`[39m [37m[1mleft join[22m[39m [33m`user`[39m [37m[1mas[22m[39m [33m`a1`[39m [37m[1mon[22m[39m [33m`a0`[39m[0m.[0m[33m`author_id`[39m [0m=[0m [33m`a1`[39m[0m.[0m[33m`id`[39m [37m[1mleft join[22m[39m [33m`comment`[39m [37m[1mas[22m[39m [33m`c2`[39m [37m[1mon[22m[39m [33m`a0`[39m[0m.[0m[33m`id`[39m [0m=[0m [33m`c2`[39m[0m.[0m[33m`article_id`[39m [37m[1mleft join[22m[39m [33m`user_to_follower`[39m [37m[1mas[22m[39m [33m`u3`[39m [37m[1mon[22m[39m [33m`a1`[39m[0m.[0m[33m`id`[39m [0m=[0m [33m`u3`[39m[0m.[0m[33m`follower`[39m [37m[1mwhere[22m[39m [33m`a0`[39m[0m.[0m[33m`id`[39m [37m[1min[22m[39m ([37m[1mselect[22m[39m [33m`a0`[39m[0m.[0m[33m`id`[39m [37m[1mfrom[22m[39m ([37m[1mselect[22m[39m [33m`a0`[39m[0m.[0m[33m`id`[39m [37m[1mfrom[22m[39m [33m`article`[39m [37m[1mas[22m[39m [33m`a0`[39m [37m[1mleft join[22m[39m [33m`user`[39m [37m[1mas[22m[39m [33m`a1`[39m [37m[1mon[22m[39m [33m`a0`[39m[0m.[0m[33m`author_id`[39m [0m=[0m [33m`a1`[39m[0m.[0m[33m`id`[39m [37m[1mleft join[22m[39m [33m`comment`[39m [37m[1mas[22m[39m [33m`c2`[39m [37m[1mon[22m[39m [33m`a0`[39m[0m.[0m[33m`id`[39m [0m=[0m [33m`c2`[39m[0m.[0m[33m`article_id`[39m [37m[1mleft join[22m[39m [33m`user_to_follower`[39m [37m[1mas[22m[39m [33m`u3`[39m [37m[1mon[22m[39m [33m`a1`[39m[0m.[0m[33m`id`[39m [0m=[0m [33m`u3`[39m[0m.[0m[33m`follower`[39m [37m[1mwhere[22m[39m [33m`u3`[39m[0m.[0m[33m`following`[39m [0m=[0m [32m3[39m [37m[1mgroup by[22m[39m [33m`a0`[39m[0m.[0m[33m`id`[39m [37m[1morder by[22m[39m [37m[1mmin[22m[39m([33m`a0`[39m[0m.[0m[33m`created_at`[39m) [37m[1mdesc[22m[39m [37m[1mlimit[22m[39m [32m10[39m) [37m[1mas[22m[39m [33m`a0`[39m) [37m[1morder by[22m[39m [33m`a0`[39m[0m.[0m[33m`created_at`[39m [37m[1mdesc[22m[39m[90m [took 2 ms, 2 results][39m
findFeed {
  articles: [
    Article {
      id: 1,
      slug: 'how-to-do-something',
      title: 'How to do something',
      description: 'Lorem ipsum dolor sit amet',
      body: 'Lorem ipsum dolor sit amet, consectetur adipiscing elit. Sed euismod, diam id aliquam aliquam, nunc ipsum aliquet nunc, vitae aliq',
      createdAt: 2025-10-15T17:52:09.000Z,
      updatedAt: 2025-10-15T17:52:09.000Z,
      tagList: [Array],
      author: [User],
      favoritesCount: 3,
      comments: [Collection<Comment>]
    },
    Article {
      id: 2,
      slug: 'how-to-do-something-else',
      title: 'How to do something else',
      description: 'Sed euismod',
      body: 'Sed euismod, diam id aliquam aliquam, nunc i consectetur adipiscing elit. Sed euismod, diam id aliquam aliquam, nunc ipsum aliquet nunc, vitae aliq',
      createdAt: 2025-10-15T17:52:09.000Z,
      updatedAt: 2025-10-15T17:52:09.000Z,
      tagList: [Array],
      author: [User],
      favoritesCount: 7,
      comments: [Collection<Comment>]
    }
  ],
  articlesCount: 2
}
[90m[query] [39m[37m[1mselect[22m[39m [33m`t0`[39m[0m.[0m[0m*[0m [37m[1mfrom[22m[39m [33m`tag`[39m [37m[1mas[22m[39m [33m`t0`[39m[90m [took 0 ms, 4 results][39m
[90m[query] [39m[37m[1mselect[22m[39m [33m`u0`[39m[0m.[0m[33m`id`[39m[0m,[0m [33m`u0`[39m[0m.[0m[33m`username`[39m[0m,[0m [33m`u0`[39m[0m.[0m[33m`email`[39m[0m,[0m [33m`u0`[39m[0m.[0m[33m`bio`[39m[0m,[0m [33m`u0`[39m[0m.[0m[33m`image`[39m[0m,[0m [33m`u0`[39m[0m.[0m[33m`password`[39m[0m,[0m [33m`f1`[39m[0m.[0m[33m`id`[39m [37m[1mas[22m[39m [33m`f1__id`[39m[0m,[0m [33m`f1`[39m[0m.[0m[33m`username`[39m [37m[1mas[22m[39m [33m`f1__username`[39m[0m,[0m [33m`f1`[39m[0m.[0m[33m`email`[39m [37m[1mas[22m[39m [33m`f1__email`[39m[0m,[0m [33m`f1`[39m[0m.[0m[33m`bio`[39m [37m[1mas[22m[39m [33m`f1__bio`[39m[0m,[0m [33m`f1`[39m[0m.[0m[33m`image`[39m [37m[1mas[22m[39m [33m`f1__image`[39m[0m,[0m [33m`f1`[39m[0m.[0m[33m`password`[39m [37m[1mas[22m[39m [33m`f1__password`[39m[0m,[0m [33m`f3`[39m[0m.[0m[33m`id`[39m [37m[1mas[22m[39m [33m`f3__id`[39m[0m,[0m [33m`f3`[39m[0m.[0m[33m`slug`[39m [37m[1mas[22m[39m [33m`f3__slug`[39m[0m,[0m [33m`f3`[39m[0m.[0m[33m`title`[39m [37m[1mas[22m[39m [33m`f3__title`[39m[0m,[0m [33m`f3`[39m[0m.[0m[33m`description`[39m [37m[1mas[22m[39m [33m`f3__description`[39m[0m,[0m [33m`f3`[39m[0m.[0m[33m`body`[39m [37m[1mas[22m[39m [33m`f3__body`[39m[0m,[0m [33m`f3`[39m[0m.[0m[33m`created_at`[39m [37m[1mas[22m[39m [33m`f3__created_at`[39m[0m,[0m [33m`f3`[39m[0m.[0m[33m`updated_at`[39m [37m[1mas[22m[39m [33m`f3__updated_at`[39m[0m,[0m [33m`f3`[39m[0m.[0m[33m`tag_list`[39m [37m[1mas[22m[39m [33m`f3__tag_list`[39m[0m,[0m [33m`f3`[39m[0m.[0m[33m`author_id`[39m [37m[1mas[22m[39m [33m`f3__author_id`[39m[0m,[0m [33m`f3`[39m[0m.[0m[33m`favorites_count`[39m [37m[1mas[22m[39m [33m`f3__favorites_count`[39m[0m,[0m [33m`c5`[39m[0m.[0m[33m`id`[39m [37m[1mas[22m[39m [33m`c5__id`[39m[0m,[0m [33m`c5`[39m[0m.[0m[33m`created_at`[39m [37m[1mas[22m[39m [33m`c5__created_at`[39m[0m,[0m [33m`c5`[39m[0m.[0m[33m`updated_at`[39m [37m[1mas[22m[39m [33m`c5__updated_at`[39m[0m,[0m [33m`c5`[39m[0m.[0m[33m`body`[39m [37m[1mas[22m[39m [33m`c5__body`[39m[0m,[0m [33m`c5`[39m[0m.[0m[33m`article_id`[39m [37m[1mas[22m[39m [33m`c5__article_id`[39m[0m,[0m [33m`c5`[39m[0m.[0m[33m`author_id`[39m [37m[1mas[22m[39m [33m`c5__author_id`[39m [37m[1mfrom[22m[39m [33m`user`[39m [37m[1mas[22m[39m [33m`u0`[39m [37m[1mleft join[22m[39m [33m`user_to_follower`[39m [37m[1mas[22m[39m [33m`u2`[39m [37m[1mon[22m[39m [33m`u0`[39m[0m.[0m[33m`id`[39m [0m=[0m [33m`u2`[39m[0m.[0m[33m`follower`[39m [37m[1mleft join[22m[39m [33m`user`[39m [37m[1mas[22m[39m [33m`f1`[39m [37m[1mon[22m[39m [33m`u2`[39m[0m.[0m[33m`following`[39m [0m=[0m [33m`f1`[39m[0m.[0m[33m`id`[39m [37m[1mleft join[22m[39m [33m`user_favorites`[39m [37m[1mas[22m[39m [33m`u4`[39m [37m[1mon[22m[39m [33m`u0`[39m[0m.[0m[33m`id`[39m [0m=[0m [33m`u4`[39m[0m.[0m[33m`user_id`[39m [37m[1mleft join[22m[39m [33m`article`[39m [37m[1mas[22m[39m [33m`f3`[39m [37m[1mon[22m[39m [33m`u4`[39m[0m.[0m[33m`article_id`[39m [0m=[0m [33m`f3`[39m[0m.[0m[33m`id`[39m [37m[1mleft join[22m[39m [33m`comment`[39m [37m[1mas[22m[39m [33m`c5`[39m [37m[1mon[22m[39m [33m`f3`[39m[0m.[0m[33m`id`[39m [0m=[0m [33m`c5`[39m[0m.[0m[33m`article_id`[39m [37m[1mwhere[22m[39m [33m`u0`[39m[0m.[0m[33m`id`[39m [0m=[0m [32m3[39m[90m [took 1 ms, 1 result][39m
[90m[query] [39m[37m[1mselect[22m[39m [37m[1mcount[22m[39m([37m[1mdistinct[22m[39m [33m`a`[39m[0m.[0m[33m`id`[39m) [37m[1mas[22m[39m [33m`count`[39m [37m[1mfrom[22m[39m [33m`article`[39m [37m[1mas[22m[39m [33m`a`[39m [37m[1mleft join[22m[39m [33m`user`[39m [37m[1mas[22m[39m [33m`u`[39m [37m[1mon[22m[39m [33m`a`[39m[0m.[0m[33m`author_id`[39m [0m=[0m [33m`u`[39m[0m.[0m[33m`id`[39m [37m[1morder by[22m[39m [33m`a`[39m[0m.[0m[33m`created_at`[39m [37m[1mdesc[22m[39m[90m [took 0 ms][39m
[90m[query] [39m[37m[1mselect[22m[39m [33m`a`[39m[0m.[0m[0m*[0m [37m[1mfrom[22m[39m [33m`article`[39m [37m[1mas[22m[39m [33m`a`[39m [37m[1mleft join[22m[39m [33m`user`[39m [37m[1mas[22m[39m [33m`u`[39m [37m[1mon[22m[39m [33m`a`[39m[0m.[0m[33m`author_id`[39m [0m=[0m [33m`u`[39m[0m.[0m[33m`id`[39m [37m[1morder by[22m[39m [33m`a`[39m[0m.[0m[33m`created_at`[39m [37m[1mdesc[22m[39m [37m[1mlimit[22m[39m [32m10[39m[90m [took 1 ms, 2 results][39m
[90m[query] [39m[37m[1mselect[22m[39m [33m`a0`[39m[0m.[0m[33m`id`[39m[0m,[0m [33m`a0`[39m[0m.[0m[33m`slug`[39m[0m,[0m [33m`a0`[39m[0m.[0m[33m`title`[39m[0m,[0m [33m`a0`[39m[0m.[0m[33m`description`[39m[0m,[0m [33m`a0`[39m[0m.[0m[33m`body`[39m[0m,[0m [33m`a0`[39m[0m.[0m[33m`created_at`[39m[0m,[0m [33m`a0`[39m[0m.[0m[33m`updated_at`[39m[0m,[0m [33m`a0`[39m[0m.[0m[33m`tag_list`[39m[0m,[0m [33m`a0`[39m[0m.[0m[33m`author_id`[39m[0m,[0m [33m`a0`[39m[0m.[0m[33m`favorites_count`[39m[0m,[0m [33m`a1`[39m[0m.[0m[33m`id`[39m [37m[1mas[22m[39m [33m`a1__id`[39m[0m,[0m [33m`a1`[39m[0m.[0m[33m`username`[39m [37m[1mas[22m[39m [33m`a1__username`[39m[0m,[0m [33m`a1`[39m[0m.[0m[33m`email`[39m [37m[1mas[22m[39m [33m`a1__email`[39m[0m,[0m [33m`a1`[39m[0m.[0m[33m`bio`[39m [37m[1mas[22m[39m [33m`a1__bio`[39m[0m,[0m [33m`a1`[39m[0m.[0m[33m`image`[39m [37m[1mas[22m[39m [33m`a1__image`[39m[0m,[0m [33m`a1`[39m[0m.[0m[33m`password`[39m [37m[1mas[22m[39m [33m`a1__password`[39m[0m,[0m [33m`c2`[39m[0m.[0m[33m`id`[39m [37m[1mas[22m[39m [33m`c2__id`[39m[0m,[0m [33m`c2`[39m[0m.[0m[33m`created_at`[39m [37m[1mas[22m[39m [33m`c2__created_at`[39m[0m,[0m [33m`c2`[39m[0m.[0m[33m`updated_at`[39m [37m[1mas[22m[39m [33m`c2__updated_at`[39m[0m,[0m [33m`c2`[39m[0m.[0m[33m`body`[39m [37m[1mas[22m[39m [33m`c2__body`[39m[0m,[0m [33m`c2`[39m[0m.[0m[33m`article_id`[39m [37m[1mas[22m[39m [33m`c2__article_id`[39m[0m,[0m [33m`c2`[39m[0m.[0m[33m`author_id`[39m [37m[1mas[22m[39m [33m`c2__author_id`[39m [37m[1mfrom[22m[39m [33m`article`[39m [37m[1mas[22m[39m [33m`a0`[39m [37m[1mleft join[22m[39m [33m`user`[39m [37m[1mas[22m[39m [33m`a1`[39m [37m[1mon[22m[39m [33m`a0`[39m[0m.[0m[33m`author_id`[39m [0m=[0m [33m`a1`[39m[0m.[0m[33m`id`[39m [37m[1mleft join[22m[39m [33m`comment`[39m [37m[1mas[22m[39m [33m`c2`[39m [37m[1mon[22m[39m [33m`a0`[39m[0m.[0m[33m`id`[39m [0m=[0m [33m`c2`[39m[0m.[0m[33m`article_id`[39m [37m[1mwhere[22m[39m [33m`a0`[39m[0m.[0m[33m`id`[39m [37m[1min[22m[39m ([32m1[39m[0m,[0m [32m2[39m)[90m [took 1 ms, 2 results][39m
[90m[query] [39m[37m[1mselect[22m[39m [33m`u0`[39m[0m.[0m[33m`id`[39m[0m,[0m [33m`u0`[39m[0m.[0m[33m`username`[39m[0m,[0m [33m`u0`[39m[0m.[0m[33m`email`[39m[0m,[0m [33m`u0`[39m[0m.[0m[33m`bio`[39m[0m,[0m [33m`u0`[39m[0m.[0m[33m`image`[39m[0m,[0m [33m`u0`[39m[0m.[0m[33m`password`[39m[0m,[0m [33m`f1`[39m[0m.[0m[33m`id`[39m [37m[1mas[22m[39m [33m`f1__id`[39m[0m,[0m [33m`f1`[39m[0m.[0m[33m`username`[39m [37m[1mas[22m[39m [33m`f1__username`[39m[0m,[0m [33m`f1`[39m[0m.[0m[33m`email`[39m [37m[1mas[22m[39m [33m`f1__email`[39m[0m,[0m [33m`f1`[39m[0m.[0m[33m`bio`[39m [37m[1mas[22m[39m [33m`f1__bio`[39m[0m,[0m [33m`f1`[39m[0m.[0m[33m`image`[39m [37m[1mas[22m[39m [33m`f1__image`[39m[0m,[0m [33m`f1`[39m[0m.[0m[33m`password`[39m [37m[1mas[22m[39m [33m`f1__password`[39m [37m[1mfrom[22m[39m [33m`user`[39m [37m[1mas[22m[39m [33m`u0`[39m [37m[1mleft join[22m[39m [33m`user_to_follower`[39m [37m[1mas[22m[39m [33m`u2`[39m [37m[1mon[22m[39m [33m`u0`[39m[0m.[0m[33m`id`[39m [0m=[0m [33m`u2`[39m[0m.[0m[33m`follower`[39m [37m[1mleft join[22m[39m [33m`user`[39m [37m[1mas[22m[39m [33m`f1`[39m [37m[1mon[22m[39m [33m`u2`[39m[0m.[0m[33m`following`[39m [0m=[0m [33m`f1`[39m[0m.[0m[33m`id`[39m [37m[1mwhere[22m[39m [33m`u0`[39m[0m.[0m[33m`username`[39m [0m=[0m [33m'John Costen'[39m[90m [took 1 ms, 1 result][39m
[90m[query] [39m[37m[1mselect[22m[39m [33m`u0`[39m[0m.[0m[33m`id`[39m[0m,[0m [33m`u0`[39m[0m.[0m[33m`username`[39m[0m,[0m [33m`u0`[39m[0m.[0m[33m`email`[39m[0m,[0m [33m`u0`[39m[0m.[0m[33m`bio`[39m[0m,[0m [33m`u0`[39m[0m.[0m[33m`image`[39m[0m,[0m [33m`u0`[39m[0m.[0m[33m`password`[39m[0m,[0m [33m`f1`[39m[0m.[0m[33m`id`[39m [37m[1mas[22m[39m [33m`f1__id`[39m[0m,[0m [33m`f1`[39m[0m.[0m[33m`username`[39m [37m[1mas[22m[39m [33m`f1__username`[39m[0m,[0m [33m`f1`[39m[0m.[0m[33m`email`[39m [37m[1mas[22m[39m [33m`f1__email`[39m[0m,[0m [33m`f1`[39m[0m.[0m[33m`bio`[39m [37m[1mas[22m[39m [33m`f1__bio`[39m[0m,[0m [33m`f1`[39m[0m.[0m[33m`image`[39m [37m[1mas[22m[39m [33m`f1__image`[39m[0m,[0m [33m`f1`[39m[0m.[0m[33m`password`[39m [37m[1mas[22m[39m [33m`f1__password`[39m[0m,[0m [33m`f3`[39m[0m.[0m[33m`id`[39m [37m[1mas[22m[39m [33m`f3__id`[39m[0m,[0m [33m`f3`[39m[0m.[0m[33m`slug`[39m [37m[1mas[22m[39m [33m`f3__slug`[39m[0m,[0m [33m`f3`[39m[0m.[0m[33m`title`[39m [37m[1mas[22m[39m [33m`f3__title`[39m[0m,[0m [33m`f3`[39m[0m.[0m[33m`description`[39m [37m[1mas[22m[39m [33m`f3__description`[39m[0m,[0m [33m`f3`[39m[0m.[0m[33m`body`[39m [37m[1mas[22m[39m [33m`f3__body`[39m[0m,[0m [33m`f3`[39m[0m.[0m[33m`created_at`[39m [37m[1mas[22m[39m [33m`f3__created_at`[39m[0m,[0m [33m`f3`[39m[0m.[0m[33m`updated_at`[39m [37m[1mas[22m[39m [33m`f3__updated_at`[39m[0m,[0m [33m`f3`[39m[0m.[0m[33m`tag_list`[39m [37m[1mas[22m[39m [33m`f3__tag_list`[39m[0m,[0m [33m`f3`[39m[0m.[0m[33m`author_id`[39m [37m[1mas[22m[39m [33m`f3__author_id`[39m[0m,[0m [33m`f3`[39m[0m.[0m[33m`favorites_count`[39m [37m[1mas[22m[39m [33m`f3__favorites_count`[39m[0m,[0m [33m`c5`[39m[0m.[0m[33m`id`[39m [37m[1mas[22m[39m [33m`c5__id`[39m[0m,[0m [33m`c5`[39m[0m.[0m[33m`created_at`[39m [37m[1mas[22m[39m [33m`c5__created_at`[39m[0m,[0m [33m`c5`[39m[0m.[0m[33m`updated_at`[39m [37m[1mas[22m[39m [33m`c5__updated_at`[39m[0m,[0m [33m`c5`[39m[0m.[0m[33m`body`[39m [37m[1mas[22m[39m [33m`c5__body`[39m[0m,[0m [33m`c5`[39m[0m.[0m[33m`article_id`[39m [37m[1mas[22m[39m [33m`c5__article_id`[39m[0m,[0m [33m`c5`[39m[0m.[0m[33m`author_id`[39m [37m[1mas[22m[39m [33m`c5__author_id`[39m [37m[1mfrom[22m[39m [33m`user`[39m [37m[1mas[22m[39m [33m`u0`[39m [37m[1mleft join[22m[39m [33m`user_to_follower`[39m [37m[1mas[22m[39m [33m`u2`[39m [37m[1mon[22m[39m [33m`u0`[39m[0m.[0m[33m`id`[39m [0m=[0m [33m`u2`[39m[0m.[0m[33m`follower`[39m [37m[1mleft join[22m[39m [33m`user`[39m [37m[1mas[22m[39m [33m`f1`[39m [37m[1mon[22m[39m [33m`u2`[39m[0m.[0m[33m`following`[39m [0m=[0m [33m`f1`[39m[0m.[0m[33m`id`[39m [37m[1mleft join[22m[39m [33m`user_favorites`[39m [37m[1mas[22m[39m [33m`u4`[39m [37m[1mon[22m[39m [33m`u0`[39m[0m.[0m[33m`id`[39m [0m=[0m [33m`u4`[39m[0m.[0m[33m`user_id`[39m [37m[1mleft join[22m[39m [33m`article`[39m [37m[1mas[22m[39m [33m`f3`[39m [37m[1mon[22m[39m [33m`u4`[39m[0m.[0m[33m`article_id`[39m [0m=[0m [33m`f3`[39m[0m.[0m[33m`id`[39m [37m[1mleft join[22m[39m [33m`comment`[39m [37m[1mas[22m[39m [33m`c5`[39m [37m[1mon[22m[39m [33m`f3`[39m[0m.[0m[33m`id`[39m [0m=[0m [33m`c5`[39m[0m.[0m[33m`article_id`[39m [37m[1mwhere[22m[39m [33m`u0`[39m[0m.[0m[33m`id`[39m [0m=[0m [32m3[39m[90m [took 1 ms, 1 result][39m
[90m[query] [39m[37m[1mselect[22m[39m [33m`u0`[39m[0m.[0m[0m*[0m [37m[1mfrom[22m[39m [33m`user`[39m [37m[1mas[22m[39m [33m`u0`[39m [37m[1mwhere[22m[39m [33m`u0`[39m[0m.[0m[33m`username`[39m [0m=[0m [33m'John Costen'[39m [37m[1mlimit[22m[39m [32m1[39m[90m [took 0 ms, 1 result][39m
[90m[query] [39m[37m[1mselect[22m[39m [37m[1mcount[22m[39m([37m[1mdistinct[22m[39m [33m`a`[39m[0m.[0m[33m`id`[39m) [37m[1mas[22m[39m [33m`count`[39m [37m[1mfrom[22m[39m [33m`article`[39m [37m[1mas[22m[39m [33m`a`[39m [37m[1mleft join[22m[39m [33m`user`[39m [37m[1mas[22m[39m [33m`u`[39m [37m[1mon[22m[39m [33m`a`[39m[0m.[0m[33m`author_id`[39m [0m=[0m [33m`u`[39m[0m.[0m[33m`id`[39m [37m[1mwhere[22m[39m [33m`a`[39m[0m.[0m[33m`author_id`[39m [0m=[0m [32m3[39m [37m[1morder by[22m[39m [33m`a`[39m[0m.[0m[33m`created_at`[39m [37m[1mdesc[22m[39m[90m [took 1 ms][39m
[90m[query] [39m[37m[1mselect[22m[39m [33m`a`[39m[0m.[0m[0m*[0m [37m[1mfrom[22m[39m [33m`article`[39m [37m[1mas[22m[39m [33m`a`[39m [37m[1mleft join[22m[39m [33m`user`[39m [37m[1mas[22m[39m [33m`u`[39m [37m[1mon[22m[39m [33m`a`[39m[0m.[0m[33m`author_id`[39m [0m=[0m [33m`u`[39m[0m.[0m[33m`id`[39m [37m[1mwhere[22m[39m [33m`a`[39m[0m.[0m[33m`author_id`[39m [0m=[0m [32m3[39m [37m[1morder by[22m[39m [33m`a`[39m[0m.[0m[33m`created_at`[39m [37m[1mdesc[22m[39m [37m[1mlimit[22m[39m [32m10[39m[90m [took 1 ms, 0 result][39m
[90m[query] [39m[37m[1mselect[22m[39m [33m`a0`[39m[0m.[0m[33m`id`[39m[0m,[0m [33m`a0`[39m[0m.[0m[33m`slug`[39m[0m,[0m [33m`a0`[39m[0m.[0m[33m`title`[39m[0m,[0m [33m`a0`[39m[0m.[0m[33m`description`[39m[0m,[0m [33m`a0`[39m[0m.[0m[33m`body`[39m[0m,[0m [33m`a0`[39m[0m.[0m[33m`created_at`[39m[0m,[0m [33m`a0`[39m[0m.[0m[33m`updated_at`[39m[0m,[0m [33m`a0`[39m[0m.[0m[33m`tag_list`[39m[0m,[0m [33m`a0`[39m[0m.[0m[33m`author_id`[39m[0m,[0m [33m`a0`[39m[0m.[0m[33m`favorites_count`[39m[0m,[0m [33m`a1`[39m[0m.[0m[33m`id`[39m [37m[1mas[22m[39m [33m`a1__id`[39m[0m,[0m [33m`a1`[39m[0m.[0m[33m`username`[39m [37m[1mas[22m[39m [33m`a1__username`[39m[0m,[0m [33m`a1`[39m[0m.[0m[33m`email`[39m [37m[1mas[22m[39m [33m`a1__email`[39m[0m,[0m [33m`a1`[39m[0m.[0m[33m`bio`[39m [37m[1mas[22m[39m [33m`a1__bio`[39m[0m,[0m [33m`a1`[39m[0m.[0m[33m`image`[39m [37m[1mas[22m[39m [33m`a1__image`[39m[0m,[0m [33m`a1`[39m[0m.[0m[33m`password`[39m [37m[1mas[22m[39m [33m`a1__password`[39m[0m,[0m [33m`c2`[39m[0m.[0m[33m`id`[39m [37m[1mas[22m[39m [33m`c2__id`[39m[0m,[0m [33m`c2`[39m[0m.[0m[33m`created_at`[39m [37m[1mas[22m[39m [33m`c2__created_at`[39m[0m,[0m [33m`c2`[39m[0m.[0m[33m`updated_at`[39m [37m[1mas[22m[39m [33m`c2__updated_at`[39m[0m,[0m [33m`c2`[39m[0m.[0m[33m`body`[39m [37m[1mas[22m[39m [33m`c2__body`[39m[0m,[0m [33m`c2`[39m[0m.[0m[33m`article_id`[39m [37m[1mas[22m[39m [33m`c2__article_id`[39m[0m,[0m [33m`c2`[39m[0m.[0m[33m`author_id`[39m [37m[1mas[22m[39m [33m`c2__author_id`[39m [37m[1mfrom[22m[39m [33m`article`[39m [37m[1mas[22m[39m [33m`a0`[39m [37m[1mleft join[22m[39m [33m`user`[39m [37m[1mas[22m[39m [33m`a1`[39m [37m[1mon[22m[39m [33m`a0`[39m[0m.[0m[33m`author_id`[39m [0m=[0m [33m`a1`[39m[0m.[0m[33m`id`[39m [37m[1mleft join[22m[39m [33m`comment`[39m [37m[1mas[22m[39m [33m`c2`[39m [37m[1mon[22m[39m [33m`a0`[39m[0m.[0m[33m`id`[39m [0m=[0m [33m`c2`[39m[0m.[0m[33m`article_id`[39m [37m[1mwhere[22m[39m [32m1[39m [0m=[0m [32m0[39m[90m [took 0 ms, 0 result][39m
[90m[query] [39m[37m[1mselect[22m[39m [33m`u0`[39m[0m.[0m[33m`id`[39m[0m,[0m [33m`u0`[39m[0m.[0m[33m`username`[39m[0m,[0m [33m`u0`[39m[0m.[0m[33m`email`[39m[0m,[0m [33m`u0`[39m[0m.[0m[33m`bio`[39m[0m,[0m [33m`u0`[39m[0m.[0m[33m`image`[39m[0m,[0m [33m`u0`[39m[0m.[0m[33m`password`[39m[0m,[0m [33m`f1`[39m[0m.[0m[33m`id`[39m [37m[1mas[22m[39m [33m`f1__id`[39m[0m,[0m [33m`f1`[39m[0m.[0m[33m`username`[39m [37m[1mas[22m[39m [33m`f1__username`[39m[0m,[0m [33m`f1`[39m[0m.[0m[33m`email`[39m [37m[1mas[22m[39m [33m`f1__email`[39m[0m,[0m [33m`f1`[39m[0m.[0m[33m`bio`[39m [37m[1mas[22m[39m [33m`f1__bio`[39m[0m,[0m [33m`f1`[39m[0m.[0m[33m`image`[39m [37m[1mas[22m[39m [33m`f1__image`[39m[0m,[0m [33m`f1`[39m[0m.[0m[33m`password`[39m [37m[1mas[22m[39m [33m`f1__password`[39m[0m,[0m [33m`f3`[39m[0m.[0m[33m`id`[39m [37m[1mas[22m[39m [33m`f3__id`[39m[0m,[0m [33m`f3`[39m[0m.[0m[33m`slug`[39m [37m[1mas[22m[39m [33m`f3__slug`[39m[0m,[0m [33m`f3`[39m[0m.[0m[33m`title`[39m [37m[1mas[22m[39m [33m`f3__title`[39m[0m,[0m [33m`f3`[39m[0m.[0m[33m`description`[39m [37m[1mas[22m[39m [33m`f3__description`[39m[0m,[0m [33m`f3`[39m[0m.[0m[33m`body`[39m [37m[1mas[22m[39m [33m`f3__body`[39m[0m,[0m [33m`f3`[39m[0m.[0m[33m`created_at`[39m [37m[1mas[22m[39m [33m`f3__created_at`[39m[0m,[0m [33m`f3`[39m[0m.[0m[33m`updated_at`[39m [37m[1mas[22m[39m [33m`f3__updated_at`[39m[0m,[0m [33m`f3`[39m[0m.[0m[33m`tag_list`[39m [37m[1mas[22m[39m [33m`f3__tag_list`[39m[0m,[0m [33m`f3`[39m[0m.[0m[33m`author_id`[39m [37m[1mas[22m[39m [33m`f3__author_id`[39m[0m,[0m [33m`f3`[39m[0m.[0m[33m`favorites_count`[39m [37m[1mas[22m[39m [33m`f3__favorites_count`[39m[0m,[0m [33m`c5`[39m[0m.[0m[33m`id`[39m [37m[1mas[22m[39m [33m`c5__id`[39m[0m,[0m [33m`c5`[39m[0m.[0m[33m`created_at`[39m [37m[1mas[22m[39m [33m`c5__created_at`[39m[0m,[0m [33m`c5`[39m[0m.[0m[33m`updated_at`[39m [37m[1mas[22m[39m [33m`c5__updated_at`[39m[0m,[0m [33m`c5`[39m[0m.[0m[33m`body`[39m [37m[1mas[22m[39m [33m`c5__body`[39m[0m,[0m [33m`c5`[39m[0m.[0m[33m`article_id`[39m [37m[1mas[22m[39m [33m`c5__article_id`[39m[0m,[0m [33m`c5`[39m[0m.[0m[33m`author_id`[39m [37m[1mas[22m[39m [33m`c5__author_id`[39m [37m[1mfrom[22m[39m [33m`user`[39m [37m[1mas[22m[39m [33m`u0`[39m [37m[1mleft join[22m[39m [33m`user_to_follower`[39m [37m[1mas[22m[39m [33m`u2`[39m [37m[1mon[22m[39m [33m`u0`[39m[0m.[0m[33m`id`[39m [0m=[0m [33m`u2`[39m[0m.[0m[33m`follower`[39m [37m[1mleft join[22m[39m [33m`user`[39m [37m[1mas[22m[39m [33m`f1`[39m [37m[1mon[22m[39m [33m`u2`[39m[0m.[0m[33m`following`[39m [0m=[0m [33m`f1`[39m[0m.[0m[33m`id`[39m [37m[1mleft join[22m[39m [33m`user_favorites`[39m [37m[1mas[22m[39m [33m`u4`[39m [37m[1mon[22m[39m [33m`u0`[39m[0m.[0m[33m`id`[39m [0m=[0m [33m`u4`[39m[0m.[0m[33m`user_id`[39m [37m[1mleft join[22m[39m [33m`article`[39m [37m[1mas[22m[39m [33m`f3`[39m [37m[1mon[22m[39m [33m`u4`[39m[0m.[0m[33m`article_id`[39m [0m=[0m [33m`f3`[39m[0m.[0m[33m`id`[39m [37m[1mleft join[22m[39m [33m`comment`[39m [37m[1mas[22m[39m [33m`c5`[39m [37m[1mon[22m[39m [33m`f3`[39m[0m.[0m[33m`id`[39m [0m=[0m [33m`c5`[39m[0m.[0m[33m`article_id`[39m [37m[1mwhere[22m[39m [33m`u0`[39m[0m.[0m[33m`id`[39m [0m=[0m [32m3[39m[90m [took 1 ms, 1 result][39m
[90m[query] [39m[37m[1mselect[22m[39m [33m`u0`[39m[0m.[0m[33m`id`[39m[0m,[0m [33m`u0`[39m[0m.[0m[33m`username`[39m[0m,[0m [33m`u0`[39m[0m.[0m[33m`email`[39m[0m,[0m [33m`u0`[39m[0m.[0m[33m`bio`[39m[0m,[0m [33m`u0`[39m[0m.[0m[33m`image`[39m[0m,[0m [33m`u0`[39m[0m.[0m[33m`password`[39m[0m,[0m [33m`f1`[39m[0m.[0m[33m`id`[39m [37m[1mas[22m[39m [33m`f1__id`[39m[0m,[0m [33m`f1`[39m[0m.[0m[33m`slug`[39m [37m[1mas[22m[39m [33m`f1__slug`[39m[0m,[0m [33m`f1`[39m[0m.[0m[33m`title`[39m [37m[1mas[22m[39m [33m`f1__title`[39m[0m,[0m [33m`f1`[39m[0m.[0m[33m`description`[39m [37m[1mas[22m[39m [33m`f1__description`[39m[0m,[0m [33m`f1`[39m[0m.[0m[33m`body`[39m [37m[1mas[22m[39m [33m`f1__body`[39m[0m,[0m [33m`f1`[39m[0m.[0m[33m`created_at`[39m [37m[1mas[22m[39m [33m`f1__created_at`[39m[0m,[0m [33m`f1`[39m[0m.[0m[33m`updated_at`[39m [37m[1mas[22m[39m [33m`f1__updated_at`[39m[0m,[0m [33m`f1`[39m[0m.[0m[33m`tag_list`[39m [37m[1mas[22m[39m [33m`f1__tag_list`[39m[0m,[0m [33m`f1`[39m[0m.[0m[33m`author_id`[39m [37m[1mas[22m[39m [33m`f1__author_id`[39m[0m,[0m [33m`f1`[39m[0m.[0m[33m`favorites_count`[39m [37m[1mas[22m[39m [33m`f1__favorites_count`[39m[0m,[0m [33m`c3`[39m[0m.[0m[33m`id`[39m [37m[1mas[22m[39m [33m`c3__id`[39m[0m,[0m [33m`c3`[39m[0m.[0m[33m`created_at`[39m [37m[1mas[22m[39m [33m`c3__created_at`[39m[0m,[0m [33m`c3`[39m[0m.[0m[33m`updated_at`[39m [37m[1mas[22m[39m [33m`c3__updated_at`[39m[0m,[0m [33m`c3`[39m[0m.[0m[33m`body`[39m [37m[1mas[22m[39m [33m`c3__body`[39m[0m,[0m [33m`c3`[39m[0m.[0m[33m`article_id`[39m [37m[1mas[22m[39m [33m`c3__article_id`[39m[0m,[0m [33m`c3`[39m[0m.[0m[33m`author_id`[39m [37m[1mas[22m[39m [33m`c3__author_id`[39m [37m[1mfrom[22m[39m [33m`user`[39m [37m[1mas[22m[39m [33m`u0`[39m [37m[1mleft join[22m[39m [33m`user_favorites`[39m [37m[1mas[22m[39m [33m`u2`[39m [37m[1mon[22m[39m [33m`u0`[39m[0m.[0m[33m`id`[39m [0m=[0m [33m`u2`[39m[0m.[0m[33m`user_id`[39m [37m[1mleft join[22m[39m [33m`article`[39m [37m[1mas[22m[39m [33m`f1`[39m [37m[1mon[22m[39m [33m`u2`[39m[0m.[0m[33m`article_id`[39m [0m=[0m [33m`f1`[39m[0m.[0m[33m`id`[39m [37m[1mleft join[22m[39m [33m`comment`[39m [37m[1mas[22m[39m [33m`c3`[39m [37m[1mon[22m[39m [33m`f1`[39m[0m.[0m[33m`id`[39m [0m=[0m [33m`c3`[39m[0m.[0m[33m`article_id`[39m [37m[1mwhere[22m[39m [33m`u0`[39m[0m.[0m[33m`username`[39m [0m=[0m [33m'John Costen'[39m[90m [took 1 ms, 1 result][39m
[90m[query] [39m[37m[1mselect[22m[39m [37m[1mcount[22m[39m([37m[1mdistinct[22m[39m [33m`a`[39m[0m.[0m[33m`id`[39m) [37m[1mas[22m[39m [33m`count`[39m [37m[1mfrom[22m[39m [33m`article`[39m [37m[1mas[22m[39m [33m`a`[39m [37m[1mleft join[22m[39m [33m`user`[39m [37m[1mas[22m[39m [33m`u`[39m [37m[1mon[22m[39m [33m`a`[39m[0m.[0m[33m`author_id`[39m [0m=[0m [33m`u`[39m[0m.[0m[33m`id`[39m [37m[1mwhere[22m[39m [32m1[39m [0m=[0m [32m0[39m [37m[1morder by[22m[39m [33m`a`[39m[0m.[0m[33m`created_at`[39m [37m[1mdesc[22m[39m[90m [took 1 ms][39m
[90m[query] [39m[37m[1mselect[22m[39m [33m`a`[39m[0m.[0m[0m*[0m [37m[1mfrom[22m[39m [33m`article`[39m [37m[1mas[22m[39m [33m`a`[39m [37m[1mleft join[22m[39m [33m`user`[39m [37m[1mas[22m[39m [33m`u`[39m [37m[1mon[22m[39m [33m`a`[39m[0m.[0m[33m`author_id`[39m [0m=[0m [33m`u`[39m[0m.[0m[33m`id`[39m [37m[1mwhere[22m[39m [32m1[39m [0m=[0m [32m0[39m [37m[1morder by[22m[39m [33m`a`[39m[0m.[0m[33m`created_at`[39m [37m[1mdesc[22m[39m [37m[1mlimit[22m[39m [32m10[39m[90m [took 0 ms, 0 result][39m
[90m[query] [39m[37m[1mselect[22m[39m [33m`a0`[39m[0m.[0m[33m`id`[39m[0m,[0m [33m`a0`[39m[0m.[0m[33m`slug`[39m[0m,[0m [33m`a0`[39m[0m.[0m[33m`title`[39m[0m,[0m [33m`a0`[39m[0m.[0m[33m`description`[39m[0m,[0m [33m`a0`[39m[0m.[0m[33m`body`[39m[0m,[0m [33m`a0`[39m[0m.[0m[33m`created_at`[39m[0m,[0m [33m`a0`[39m[0m.[0m[33m`updated_at`[39m[0m,[0m [33m`a0`[39m[0m.[0m[33m`tag_list`[39m[0m,[0m [33m`a0`[39m[0m.[0m[33m`author_id`[39m[0m,[0m [33m`a0`[39m[0m.[0m[33m`favorites_count`[39m[0m,[0m [33m`a1`[39m[0m.[0m[33m`id`[39m [37m[1mas[22m[39m [33m`a1__id`[39m[0m,[0m [33m`a1`[39m[0m.[0m[33m`username`[39m [37m[1mas[22m[39m [33m`a1__username`[39m[0m,[0m [33m`a1`[39m[0m.[0m[33m`email`[39m [37m[1mas[22m[39m [33m`a1__email`[39m[0m,[0m [33m`a1`[39m[0m.[0m[33m`bio`[39m [37m[1mas[22m[39m [33m`a1__bio`[39m[0m,[0m [33m`a1`[39m[0m.[0m[33m`image`[39m [37m[1mas[22m[39m [33m`a1__image`[39m[0m,[0m [33m`a1`[39m[0m.[0m[33m`password`[39m [37m[1mas[22m[39m [33m`a1__password`[39m[0m,[0m [33m`c2`[39m[0m.[0m[33m`id`[39m [37m[1mas[22m[39m [33m`c2__id`[39m[0m,[0m [33m`c2`[39m[0m.[0m[33m`created_at`[39m [37m[1mas[22m[39m [33m`c2__created_at`[39m[0m,[0m [33m`c2`[39m[0m.[0m[33m`updated_at`[39m [37m[1mas[22m[39m [33m`c2__updated_at`[39m[0m,[0m [33m`c2`[39m[0m.[0m[33m`body`[39m [37m[1mas[22m[39m [33m`c2__body`[39m[0m,[0m [33m`c2`[39m[0m.[0m[33m`article_id`[39m [37m[1mas[22m[39m [33m`c2__article_id`[39m[0m,[0m [33m`c2`[39m[0m.[0m[33m`author_id`[39m [37m[1mas[22m[39m [33m`c2__author_id`[39m [37m[1mfrom[22m[39m [33m`article`[39m [37m[1mas[22m[39m [33m`a0`[39m [37m[1mleft join[22m[39m [33m`user`[39m [37m[1mas[22m[39m [33m`a1`[39m [37m[1mon[22m[39m [33m`a0`[39m[0m.[0m[33m`author_id`[39m [0m=[0m [33m`a1`[39m[0m.[0m[33m`id`[39m [37m[1mleft join[22m[39m [33m`comment`[39m [37m[1mas[22m[39m [33m`c2`[39m [37m[1mon[22m[39m [33m`a0`[39m[0m.[0m[33m`id`[39m [0m=[0m [33m`c2`[39m[0m.[0m[33m`article_id`[39m [37m[1mwhere[22m[39m [32m1[39m [0m=[0m [32m0[39m[90m [took 0 ms, 0 result][39m
[90m[query] [39m[37m[1mselect[22m[39m [33m`u0`[39m[0m.[0m[0m*[0m [37m[1mfrom[22m[39m [33m`user`[39m [37m[1mas[22m[39m [33m`u0`[39m [37m[1mwhere[22m[39m [33m`u0`[39m[0m.[0m[33m`id`[39m [0m=[0m [32m3[39m [37m[1mlimit[22m[39m [32m1[39m[90m [took 1 ms, 1 result][39m
[90m[query] [39m[37m[1mselect[22m[39m [33m`u0`[39m[0m.[0m[33m`id`[39m[0m,[0m [33m`u0`[39m[0m.[0m[33m`username`[39m[0m,[0m [33m`u0`[39m[0m.[0m[33m`email`[39m[0m,[0m [33m`u0`[39m[0m.[0m[33m`bio`[39m[0m,[0m [33m`u0`[39m[0m.[0m[33m`image`[39m[0m,[0m [33m`u0`[39m[0m.[0m[33m`password`[39m[0m,[0m [33m`f1`[39m[0m.[0m[33m`id`[39m [37m[1mas[22m[39m [33m`f1__id`[39m[0m,[0m [33m`f1`[39m[0m.[0m[33m`username`[39m [37m[1mas[22m[39m [33m`f1__username`[39m[0m,[0m [33m`f1`[39m[0m.[0m[33m`email`[39m [37m[1mas[22m[39m [33m`f1__email`[39m[0m,[0m [33m`f1`[39m[0m.[0m[33m`bio`[39m [37m[1mas[22m[39m [33m`f1__bio`[39m[0m,[0m [33m`f1`[39m[0m.[0m[33m`image`[39m [37m[1mas[22m[39m [33m`f1__image`[39m[0m,[0m [33m`f1`[39m[0m.[0m[33m`password`[39m [37m[1mas[22m[39m [33m`f1__password`[39m[0m,[0m [33m`f3`[39m[0m.[0m[33m`id`[39m [37m[1mas[22m[39m [33m`f3__id`[39m[0m,[0m [33m`f3`[39m[0m.[0m[33m`slug`[39m [37m[1mas[22m[39m [33m`f3__slug`[39m[0m,[0m [33m`f3`[39m[0m.[0m[33m`title`[39m [37m[1mas[22m[39m [33m`f3__title`[39m[0m,[0m [33m`f3`[39m[0m.[0m[33m`description`[39m [37m[1mas[22m[39m [33m`f3__description`[39m[0m,[0m [33m`f3`[39m[0m.[0m[33m`body`[39m [37m[1mas[22m[39m [33m`f3__body`[39m[0m,[0m [33m`f3`[39m[0m.[0m[33m`created_at`[39m [37m[1mas[22m[39m [33m`f3__created_at`[39m[0m,[0m [33m`f3`[39m[0m.[0m[33m`updated_at`[39m [37m[1mas[22m[39m [33m`f3__updated_at`[39m[0m,[0m [33m`f3`[39m[0m.[0m[33m`tag_list`[39m [37m[1mas[22m[39m [33m`f3__tag_list`[39m[0m,[0m [33m`f3`[39m[0m.[0m[33m`author_id`[39m [37m[1mas[22m[39m [33m`f3__author_id`[39m[0m,[0m [33m`f3`[39m[0m.[0m[33m`favorites_count`[39m [37m[1mas[22m[39m [33m`f3__favorites_count`[39m[0m,[0m [33m`c5`[39m[0m.[0m[33m`id`[39m [37m[1mas[22m[39m [33m`c5__id`[39m[0m,[0m [33m`c5`[39m[0m.[0m[33m`created_at`[39m [37m[1mas[22m[39m [33m`c5__created_at`[39m[0m,[0m [33m`c5`[39m[0m.[0m[33m`updated_at`[39m [37m[1mas[22m[39m [33m`c5__updated_at`[39m[0m,[0m [33m`c5`[39m[0m.[0m[33m`body`[39m [37m[1mas[22m[39m [33m`c5__body`[39m[0m,[0m [33m`c5`[39m[0m.[0m[33m`article_id`[39m [37m[1mas[22m[39m [33m`c5__article_id`[39m[0m,[0m [33m`c5`[39m[0m.[0m[33m`author_id`[39m [37m[1mas[22m[39m [33m`c5__author_id`[39m [37m[1mfrom[22m[39m [33m`user`[39m [37m[1mas[22m[39m [33m`u0`[39m [37m[1mleft join[22m[39m [33m`user_to_follower`[39m [37m[1mas[22m[39m [33m`u2`[39m [37m[1mon[22m[39m [33m`u0`[39m[0m.[0m[33m`id`[39m [0m=[0m [33m`u2`[39m[0m.[0m[33m`follower`[39m [37m[1mleft join[22m[39m [33m`user`[39m [37m[1mas[22m[39m [33m`f1`[39m [37m[1mon[22m[39m [33m`u2`[39m[0m.[0m[33m`following`[39m [0m=[0m [33m`f1`[39m[0m.[0m[33m`id`[39m [37m[1mleft join[22m[39m [33m`user_favorites`[39m [37m[1mas[22m[39m [33m`u4`[39m [37m[1mon[22m[39m [33m`u0`[39m[0m.[0m[33m`id`[39m [0m=[0m [33m`u4`[39m[0m.[0m[33m`user_id`[39m [37m[1mleft join[22m[39m [33m`article`[39m [37m[1mas[22m[39m [33m`f3`[39m [37m[1mon[22m[39m [33m`u4`[39m[0m.[0m[33m`article_id`[39m [0m=[0m [33m`f3`[39m[0m.[0m[33m`id`[39m [37m[1mleft join[22m[39m [33m`comment`[39m [37m[1mas[22m[39m [33m`c5`[39m [37m[1mon[22m[39m [33m`f3`[39m[0m.[0m[33m`id`[39m [0m=[0m [33m`c5`[39m[0m.[0m[33m`article_id`[39m [37m[1mwhere[22m[39m [33m`u0`[39m[0m.[0m[33m`id`[39m [0m=[0m [32m3[39m[90m [took 1 ms, 1 result][39m
[90m[query] [39m[37m[1mselect[22m[39m [37m[1mcount[22m[39m([37m[1mdistinct[22m[39m [33m`a0`[39m[0m.[0m[33m`id`[39m) [37m[1mas[22m[39m [33m`count`[39m [37m[1mfrom[22m[39m [33m`article`[39m [37m[1mas[22m[39m [33m`a0`[39m [37m[1mleft join[22m[39m [33m`user`[39m [37m[1mas[22m[39m [33m`u1`[39m [37m[1mon[22m[39m [33m`a0`[39m[0m.[0m[33m`author_id`[39m [0m=[0m [33m`u1`[39m[0m.[0m[33m`id`[39m [37m[1mleft join[22m[39m [33m`user_to_follower`[39m [37m[1mas[22m[39m [33m`u2`[39m [37m[1mon[22m[39m [33m`u1`[39m[0m.[0m[33m`id`[39m [0m=[0m [33m`u2`[39m[0m.[0m[33m`follower`[39m [37m[1mwhere[22m[39m [33m`u2`[39m[0m.[0m[33m`following`[39m [0m=[0m [32m3[39m[90m [took 1 ms][39m
[90m[query] [39m[37m[1mselect[22m[39m [33m`a0`[39m[0m.[0m[33m`id`[39m[0m,[0m [33m`a0`[39m[0m.[0m[33m`slug`[39m[0m,[0m [33m`a0`[39m[0m.[0m[33m`title`[39m[0m,[0m [33m`a0`[39m[0m.[0m[33m`description`[39m[0m,[0m [33m`a0`[39m[0m.[0m[33m`body`[39m[0m,[0m [33m`a0`[39m[0m.[0m[33m`created_at`[39m[0m,[0m [33m`a0`[39m[0m.[0m[33m`updated_at`[39m[0m,[0m [33m`a0`[39m[0m.[0m[33m`tag_list`[39m[0m,[0m [33m`a0`[39m[0m.[0m[33m`author_id`[39m[0m,[0m [33m`a0`[39m[0m.[0m[33m`favorites_count`[39m[0m,[0m [33m`a1`[39m[0m.[0m[33m`id`[39m [37m[1mas[22m[39m [33m`a1__id`[39m[0m,[0m [33m`a1`[39m[0m.[0m[33m`username`[39m [37m[1mas[22m[39m [33m`a1__username`[39m[0m,[0m [33m`a1`[39m[0m.[0m[33m`email`[39m [37m[1mas[22m[39m [33m`a1__email`[39m[0m,[0m [33m`a1`[39m[0m.[0m[33m`bio`[39m [37m[1mas[22m[39m [33m`a1__bio`[39m[0m,[0m [33m`a1`[39m[0m.[0m[33m`image`[39m [37m[1mas[22m[39m [33m`a1__image`[39m[0m,[0m [33m`a1`[39m[0m.[0m[33m`password`[39m [37m[1mas[22m[39m [33m`a1__password`[39m[0m,[0m [33m`c2`[39m[0m.[0m[33m`id`[39m [37m[1mas[22m[39m [33m`c2__id`[39m[0m,[0m [33m`c2`[39m[0m.[0m[33m`created_at`[39m [37m[1mas[22m[39m [33m`c2__created_at`[39m[0m,[0m [33m`c2`[39m[0m.[0m[33m`updated_at`[39m [37m[1mas[22m[39m [33m`c2__updated_at`[39m[0m,[0m [33m`c2`[39m[0m.[0m[33m`body`[39m [37m[1mas[22m[39m [33m`c2__body`[39m[0m,[0m [33m`c2`[39m[0m.[0m[33m`article_id`[39m [37m[1mas[22m[39m [33m`c2__article_id`[39m[0m,[0m [33m`c2`[39m[0m.[0m[33m`author_id`[39m [37m[1mas[22m[39m [33m`c2__author_id`[39m [37m[1mfrom[22m[39m [33m`article`[39m [37m[1mas[22m[39m [33m`a0`[39m [37m[1mleft join[22m[39m [33m`user`[39m [37m[1mas[22m[39m [33m`a1`[39m [37m[1mon[22m[39m [33m`a0`[39m[0m.[0m[33m`author_id`[39m [0m=[0m [33m`a1`[39m[0m.[0m[33m`id`[39m [37m[1mleft join[22m[39m [33m`comment`[39m [37m[1mas[22m[39m [33m`c2`[39m [37m[1mon[22m[39m [33m`a0`[39m[0m.[0m[33m`id`[39m [0m=[0m [33m`c2`[39m[0m.[0m[33m`article_id`[39m [37m[1mleft join[22m[39m [33m`user_to_follower`[39m [37m[1mas[22m[39m [33m`u3`[39m [37m[1mon[22m[39m [33m`a1`[39m[0m.[0m[33m`id`[39m [0m=[0m [33m`u3`[39m[0m.[0m[33m`follower`[39m [37m[1mwhere[22m[39m [33m`a0`[39m[0m.[0m[33m`id`[39m [37m[1min[22m[39m ([37m[1mselect[22m[39m [33m`a0`[39m[0m.[0m[33m`id`[39m [37m[1mfrom[22m[39m ([37m[1mselect[22m[39m [33m`a0`[39m[0m.[0m[33m`id`[39m [37m[1mfrom[22m[39m [33m`article`[39m [37m[1mas[22m[39m [33m`a0`[39m [37m[1mleft join[22m[39m [33m`user`[39m [37m[1mas[22m[39m [33m`a1`[39m [37m[1mon[22m[39m [33m`a0`[39m[0m.[0m[33m`author_id`[39m [0m=[0m [33m`a1`[39m[0m.[0m[33m`id`[39m [37m[1mleft join[22m[39m [33m`comment`[39m [37m[1mas[22m[39m [33m`c2`[39m [37m[1mon[22m[39m [33m`a0`[39m[0m.[0m[33m`id`[39m [0m=[0m [33m`c2`[39m[0m.[0m[33m`article_id`[39m [37m[1mleft join[22m[39m [33m`user_to_follower`[39m [37m[1mas[22m[39m [33m`u3`[39m [37m[1mon[22m[39m [33m`a1`[39m[0m.[0m[33m`id`[39m [0m=[0m [33m`u3`[39m[0m.[0m[33m`follower`[39m [37m[1mwhere[22m[39m [33m`u3`[39m[0m.[0m[33m`following`[39m [0m=[0m [32m3[39m [37m[1mgroup by[22m[39m [33m`a0`[39m[0m.[0m[33m`id`[39m [37m[1morder by[22m[39m [37m[1mmin[22m[39m([33m`a0`[39m[0m.[0m[33m`created_at`[39m) [37m[1mdesc[22m[39m [37m[1mlimit[22m[39m [32m10[39m) [37m[1mas[22m[39m [33m`a0`[39m) [37m[1morder by[22m[39m [33m`a0`[39m[0m.[0m[33m`created_at`[39m [37m[1mdesc[22m[39m[90m [took 2 ms, 2 results][39m
findFeed {
  articles: [
    Article {
      id: 1,
      slug: 'how-to-do-something',
      title: 'How to do something',
      description: 'Lorem ipsum dolor sit amet',
      body: 'Lorem ipsum dolor sit amet, consectetur adipiscing elit. Sed euismod, diam id aliquam aliquam, nunc ipsum aliquet nunc, vitae aliq',
      createdAt: 2025-10-15T17:52:09.000Z,
      updatedAt: 2025-10-15T17:52:09.000Z,
      tagList: [Array],
      author: [User],
      favoritesCount: 3,
      comments: [Collection<Comment>]
    },
    Article {
      id: 2,
      slug: 'how-to-do-something-else',
      title: 'How to do something else',
      description: 'Sed euismod',
      body: 'Sed euismod, diam id aliquam aliquam, nunc i consectetur adipiscing elit. Sed euismod, diam id aliquam aliquam, nunc ipsum aliquet nunc, vitae aliq',
      createdAt: 2025-10-15T17:52:09.000Z,
      updatedAt: 2025-10-15T17:52:09.000Z,
      tagList: [Array],
      author: [User],
      favoritesCount: 7,
      comments: [Collection<Comment>]
    }
  ],
  articlesCount: 2
}
[90m[query] [39m[37m[1mselect[22m[39m [33m`t0`[39m[0m.[0m[0m*[0m [37m[1mfrom[22m[39m [33m`tag`[39m [37m[1mas[22m[39m [33m`t0`[39m[90m [took 1 ms, 4 results][39m
[90m[query] [39m[37m[1mselect[22m[39m [33m`u0`[39m[0m.[0m[33m`id`[39m[0m,[0m [33m`u0`[39m[0m.[0m[33m`username`[39m[0m,[0m [33m`u0`[39m[0m.[0m[33m`email`[39m[0m,[0m [33m`u0`[39m[0m.[0m[33m`bio`[39m[0m,[0m [33m`u0`[39m[0m.[0m[33m`image`[39m[0m,[0m [33m`u0`[39m[0m.[0m[33m`password`[39m[0m,[0m [33m`f1`[39m[0m.[0m[33m`id`[39m [37m[1mas[22m[39m [33m`f1__id`[39m[0m,[0m [33m`f1`[39m[0m.[0m[33m`username`[39m [37m[1mas[22m[39m [33m`f1__username`[39m[0m,[0m [33m`f1`[39m[0m.[0m[33m`email`[39m [37m[1mas[22m[39m [33m`f1__email`[39m[0m,[0m [33m`f1`[39m[0m.[0m[33m`bio`[39m [37m[1mas[22m[39m [33m`f1__bio`[39m[0m,[0m [33m`f1`[39m[0m.[0m[33m`image`[39m [37m[1mas[22m[39m [33m`f1__image`[39m[0m,[0m [33m`f1`[39m[0m.[0m[33m`password`[39m [37m[1mas[22m[39m [33m`f1__password`[39m [37m[1mfrom[22m[39m [33m`user`[39m [37m[1mas[22m[39m [33m`u0`[39m [37m[1mleft join[22m[39m [33m`user_to_follower`[39m [37m[1mas[22m[39m [33m`u2`[39m [37m[1mon[22m[39m [33m`u0`[39m[0m.[0m[33m`id`[39m [0m=[0m [33m`u2`[39m[0m.[0m[33m`follower`[39m [37m[1mleft join[22m[39m [33m`user`[39m [37m[1mas[22m[39m [33m`f1`[39m [37m[1mon[22m[39m [33m`u2`[39m[0m.[0m[33m`following`[39m [0m=[0m [33m`f1`[39m[0m.[0m[33m`id`[39m [37m[1mwhere[22m[39m [33m`u0`[39m[0m.[0m[33m`username`[39m [0m=[0m [33m'John Costen'[39m[90m [took 0 ms, 1 result][39m
[90m[query] [39m[37m[1mselect[22m[39m [33m`u0`[39m[0m.[0m[33m`id`[39m[0m,[0m [33m`u0`[39m[0m.[0m[33m`username`[39m[0m,[0m [33m`u0`[39m[0m.[0m[33m`email`[39m[0m,[0m [33m`u0`[39m[0m.[0m[33m`bio`[39m[0m,[0m [33m`u0`[39m[0m.[0m[33m`image`[39m[0m,[0m [33m`u0`[39m[0m.[0m[33m`password`[39m[0m,[0m [33m`f1`[39m[0m.[0m[33m`id`[39m [37m[1mas[22m[39m [33m`f1__id`[39m[0m,[0m [33m`f1`[39m[0m.[0m[33m`username`[39m [37m[1mas[22m[39m [33m`f1__username`[39m[0m,[0m [33m`f1`[39m[0m.[0m[33m`email`[39m [37m[1mas[22m[39m [33m`f1__email`[39m[0m,[0m [33m`f1`[39m[0m.[0m[33m`bio`[39m [37m[1mas[22m[39m [33m`f1__bio`[39m[0m,[0m [33m`f1`[39m[0m.[0m[33m`image`[39m [37m[1mas[22m[39m [33m`f1__image`[39m[0m,[0m [33m`f1`[39m[0m.[0m[33m`password`[39m [37m[1mas[22m[39m [33m`f1__password`[39m[0m,[0m [33m`f3`[39m[0m.[0m[33m`id`[39m [37m[1mas[22m[39m [33m`f3__id`[39m[0m,[0m [33m`f3`[39m[0m.[0m[33m`slug`[39m [37m[1mas[22m[39m [33m`f3__slug`[39m[0m,[0m [33m`f3`[39m[0m.[0m[33m`title`[39m [37m[1mas[22m[39m [33m`f3__title`[39m[0m,[0m [33m`f3`[39m[0m.[0m[33m`description`[39m [37m[1mas[22m[39m [33m`f3__description`[39m[0m,[0m [33m`f3`[39m[0m.[0m[33m`body`[39m [37m[1mas[22m[39m [33m`f3__body`[39m[0m,[0m [33m`f3`[39m[0m.[0m[33m`created_at`[39m [37m[1mas[22m[39m [33m`f3__created_at`[39m[0m,[0m [33m`f3`[39m[0m.[0m[33m`updated_at`[39m [37m[1mas[22m[39m [33m`f3__updated_at`[39m[0m,[0m [33m`f3`[39m[0m.[0m[33m`tag_list`[39m [37m[1mas[22m[39m [33m`f3__tag_list`[39m[0m,[0m [33m`f3`[39m[0m.[0m[33m`author_id`[39m [37m[1mas[22m[39m [33m`f3__author_id`[39m[0m,[0m [33m`f3`[39m[0m.[0m[33m`favorites_count`[39m [37m[1mas[22m[39m [33m`f3__favorites_count`[39m[0m,[0m [33m`c5`[39m[0m.[0m[33m`id`[39m [37m[1mas[22m[39m [33m`c5__id`[39m[0m,[0m [33m`c5`[39m[0m.[0m[33m`created_at`[39m [37m[1mas[22m[39m [33m`c5__created_at`[39m[0m,[0m [33m`c5`[39m[0m.[0m[33m`updated_at`[39m [37m[1mas[22m[39m [33m`c5__updated_at`[39m[0m,[0m [33m`c5`[39m[0m.[0m[33m`body`[39m [37m[1mas[22m[39m [33m`c5__body`[39m[0m,[0m [33m`c5`[39m[0m.[0m[33m`article_id`[39m [37m[1mas[22m[39m [33m`c5__article_id`[39m[0m,[0m [33m`c5`[39m[0m.[0m[33m`author_id`[39m [37m[1mas[22m[39m [33m`c5__author_id`[39m [37m[1mfrom[22m[39m [33m`user`[39m [37m[1mas[22m[39m [33m`u0`[39m [37m[1mleft join[22m[39m [33m`user_to_follower`[39m [37m[1mas[22m[39m [33m`u2`[39m [37m[1mon[22m[39m [33m`u0`[39m[0m.[0m[33m`id`[39m [0m=[0m [33m`u2`[39m[0m.[0m[33m`follower`[39m [37m[1mleft join[22m[39m [33m`user`[39m [37m[1mas[22m[39m [33m`f1`[39m [37m[1mon[22m[39m [33m`u2`[39m[0m.[0m[33m`following`[39m [0m=[0m [33m`f1`[39m[0m.[0m[33m`id`[39m [37m[1mleft join[22m[39m [33m`user_favorites`[39m [37m[1mas[22m[39m [33m`u4`[39m [37m[1mon[22m[39m [33m`u0`[39m[0m.[0m[33m`id`[39m [0m=[0m [33m`u4`[39m[0m.[0m[33m`user_id`[39m [37m[1mleft join[22m[39m [33m`article`[39m [37m[1mas[22m[39m [33m`f3`[39m [37m[1mon[22m[39m [33m`u4`[39m[0m.[0m[33m`article_id`[39m [0m=[0m [33m`f3`[39m[0m.[0m[33m`id`[39m [37m[1mleft join[22m[39m [33m`comment`[39m [37m[1mas[22m[39m [33m`c5`[39m [37m[1mon[22m[39m [33m`f3`[39m[0m.[0m[33m`id`[39m [0m=[0m [33m`c5`[39m[0m.[0m[33m`article_id`[39m [37m[1mwhere[22m[39m [33m`u0`[39m[0m.[0m[33m`id`[39m [0m=[0m [32m3[39m[90m [took 1 ms, 1 result][39m
[90m[query] [39m[37m[1mselect[22m[39m [33m`u0`[39m[0m.[0m[0m*[0m [37m[1mfrom[22m[39m [33m`user`[39m [37m[1mas[22m[39m [33m`u0`[39m [37m[1mwhere[22m[39m [33m`u0`[39m[0m.[0m[33m`username`[39m [0m=[0m [33m'John Costen'[39m [37m[1mlimit[22m[39m [32m1[39m[90m [took 0 ms, 1 result][39m
[90m[query] [39m[37m[1mselect[22m[39m [37m[1mcount[22m[39m([37m[1mdistinct[22m[39m [33m`a`[39m[0m.[0m[33m`id`[39m) [37m[1mas[22m[39m [33m`count`[39m [37m[1mfrom[22m[39m [33m`article`[39m [37m[1mas[22m[39m [33m`a`[39m [37m[1mleft join[22m[39m [33m`user`[39m [37m[1mas[22m[39m [33m`u`[39m [37m[1mon[22m[39m [33m`a`[39m[0m.[0m[33m`author_id`[39m [0m=[0m [33m`u`[39m[0m.[0m[33m`id`[39m [37m[1mwhere[22m[39m [33m`a`[39m[0m.[0m[33m`author_id`[39m [0m=[0m [32m3[39m [37m[1morder by[22m[39m [33m`a`[39m[0m.[0m[33m`created_at`[39m [37m[1mdesc[22m[39m[90m [took 0 ms][39m
[90m[query] [39m[37m[1mselect[22m[39m [33m`a`[39m[0m.[0m[0m*[0m [37m[1mfrom[22m[39m [33m`article`[39m [37m[1mas[22m[39m [33m`a`[39m [37m[1mleft join[22m[39m [33m`user`[39m [37m[1mas[22m[39m [33m`u`[39m [37m[1mon[22m[39m [33m`a`[39m[0m.[0m[33m`author_id`[39m [0m=[0m [33m`u`[39m[0m.[0m[33m`id`[39m [37m[1mwhere[22m[39m [33m`a`[39m[0m.[0m[33m`author_id`[39m [0m=[0m [32m3[39m [37m[1morder by[22m[39m [33m`a`[39m[0m.[0m[33m`created_at`[39m [37m[1mdesc[22m[39m [37m[1mlimit[22m[39m [32m10[39m[90m [took 0 ms, 0 result][39m
[90m[query] [39m[37m[1mselect[22m[39m [33m`a0`[39m[0m.[0m[33m`id`[39m[0m,[0m [33m`a0`[39m[0m.[0m[33m`slug`[39m[0m,[0m [33m`a0`[39m[0m.[0m[33m`title`[39m[0m,[0m [33m`a0`[39m[0m.[0m[33m`description`[39m[0m,[0m [33m`a0`[39m[0m.[0m[33m`body`[39m[0m,[0m [33m`a0`[39m[0m.[0m[33m`created_at`[39m[0m,[0m [33m`a0`[39m[0m.[0m[33m`updated_at`[39m[0m,[0m [33m`a0`[39m[0m.[0m[33m`tag_list`[39m[0m,[0m [33m`a0`[39m[0m.[0m[33m`author_id`[39m[0m,[0m [33m`a0`[39m[0m.[0m[33m`favorites_count`[39m[0m,[0m [33m`a1`[39m[0m.[0m[33m`id`[39m [37m[1mas[22m[39m [33m`a1__id`[39m[0m,[0m [33m`a1`[39m[0m.[0m[33m`username`[39m [37m[1mas[22m[39m [33m`a1__username`[39m[0m,[0m [33m`a1`[39m[0m.[0m[33m`email`[39m [37m[1mas[22m[39m [33m`a1__email`[39m[0m,[0m [33m`a1`[39m[0m.[0m[33m`bio`[39m [37m[1mas[22m[39m [33m`a1__bio`[39m[0m,[0m [33m`a1`[39m[0m.[0m[33m`image`[39m [37m[1mas[22m[39m [33m`a1__image`[39m[0m,[0m [33m`a1`[39m[0m.[0m[33m`password`[39m [37m[1mas[22m[39m [33m`a1__password`[39m[0m,[0m [33m`c2`[39m[0m.[0m[33m`id`[39m [37m[1mas[22m[39m [33m`c2__id`[39m[0m,[0m [33m`c2`[39m[0m.[0m[33m`created_at`[39m [37m[1mas[22m[39m [33m`c2__created_at`[39m[0m,[0m [33m`c2`[39m[0m.[0m[33m`updated_at`[39m [37m[1mas[22m[39m [33m`c2__updated_at`[39m[0m,[0m [33m`c2`[39m[0m.[0m[33m`body`[39m [37m[1mas[22m[39m [33m`c2__body`[39m[0m,[0m [33m`c2`[39m[0m.[0m[33m`article_id`[39m [37m[1mas[22m[39m [33m`c2__article_id`[39m[0m,[0m [33m`c2`[39m[0m.[0m[33m`author_id`[39m [37m[1mas[22m[39m [33m`c2__author_id`[39m [37m[1mfrom[22m[39m [33m`article`[39m [37m[1mas[22m[39m [33m`a0`[39m [37m[1mleft join[22m[39m [33m`user`[39m [37m[1mas[22m[39m [33m`a1`[39m [37m[1mon[22m[39m [33m`a0`[39m[0m.[0m[33m`author_id`[39m [0m=[0m [33m`a1`[39m[0m.[0m[33m`id`[39m [37m[1mleft join[22m[39m [33m`comment`[39m [37m[1mas[22m[39m [33m`c2`[39m [37m[1mon[22m[39m [33m`a0`[39m[0m.[0m[33m`id`[39m [0m=[0m [33m`c2`[39m[0m.[0m[33m`article_id`[39m [37m[1mwhere[22m[39m [32m1[39m [0m=[0m [32m0[39m[90m [took 1 ms, 0 result][39m
[90m[query] [39m[37m[1mselect[22m[39m [37m[1mcount[22m[39m([37m[1mdistinct[22m[39m [33m`a`[39m[0m.[0m[33m`id`[39m) [37m[1mas[22m[39m [33m`count`[39m [37m[1mfrom[22m[39m [33m`article`[39m [37m[1mas[22m[39m [33m`a`[39m [37m[1mleft join[22m[39m [33m`user`[39m [37m[1mas[22m[39m [33m`u`[39m [37m[1mon[22m[39m [33m`a`[39m[0m.[0m[33m`author_id`[39m [0m=[0m [33m`u`[39m[0m.[0m[33m`id`[39m [37m[1morder by[22m[39m [33m`a`[39m[0m.[0m[33m`created_at`[39m [37m[1mdesc[22m[39m[90m [took 1 ms][39m
[90m[query] [39m[37m[1mselect[22m[39m [33m`a`[39m[0m.[0m[0m*[0m [37m[1mfrom[22m[39m [33m`article`[39m [37m[1mas[22m[39m [33m`a`[39m [37m[1mleft join[22m[39m [33m`user`[39m [37m[1mas[22m[39m [33m`u`[39m [37m[1mon[22m[39m [33m`a`[39m[0m.[0m[33m`author_id`[39m [0m=[0m [33m`u`[39m[0m.[0m[33m`id`[39m [37m[1morder by[22m[39m [33m`a`[39m[0m.[0m[33m`created_at`[39m [37m[1mdesc[22m[39m [37m[1mlimit[22m[39m [32m10[39m[90m [took 1 ms, 2 results][39m
[90m[query] [39m[37m[1mselect[22m[39m [33m`a0`[39m[0m.[0m[33m`id`[39m[0m,[0m [33m`a0`[39m[0m.[0m[33m`slug`[39m[0m,[0m [33m`a0`[39m[0m.[0m[33m`title`[39m[0m,[0m [33m`a0`[39m[0m.[0m[33m`description`[39m[0m,[0m [33m`a0`[39m[0m.[0m[33m`body`[39m[0m,[0m [33m`a0`[39m[0m.[0m[33m`created_at`[39m[0m,[0m [33m`a0`[39m[0m.[0m[33m`updated_at`[39m[0m,[0m [33m`a0`[39m[0m.[0m[33m`tag_list`[39m[0m,[0m [33m`a0`[39m[0m.[0m[33m`author_id`[39m[0m,[0m [33m`a0`[39m[0m.[0m[33m`favorites_count`[39m[0m,[0m [33m`a1`[39m[0m.[0m[33m`id`[39m [37m[1mas[22m[39m [33m`a1__id`[39m[0m,[0m [33m`a1`[39m[0m.[0m[33m`username`[39m [37m[1mas[22m[39m [33m`a1__username`[39m[0m,[0m [33m`a1`[39m[0m.[0m[33m`email`[39m [37m[1mas[22m[39m [33m`a1__email`[39m[0m,[0m [33m`a1`[39m[0m.[0m[33m`bio`[39m [37m[1mas[22m[39m [33m`a1__bio`[39m[0m,[0m [33m`a1`[39m[0m.[0m[33m`image`[39m [37m[1mas[22m[39m [33m`a1__image`[39m[0m,[0m [33m`a1`[39m[0m.[0m[33m`password`[39m [37m[1mas[22m[39m [33m`a1__password`[39m[0m,[0m [33m`c2`[39m[0m.[0m[33m`id`[39m [37m[1mas[22m[39m [33m`c2__id`[39m[0m,[0m [33m`c2`[39m[0m.[0m[33m`created_at`[39m [37m[1mas[22m[39m [33m`c2__created_at`[39m[0m,[0m [33m`c2`[39m[0m.[0m[33m`updated_at`[39m [37m[1mas[22m[39m [33m`c2__updated_at`[39m[0m,[0m [33m`c2`[39m[0m.[0m[33m`body`[39m [37m[1mas[22m[39m [33m`c2__body`[39m[0m,[0m [33m`c2`[39m[0m.[0m[33m`article_id`[39m [37m[1mas[22m[39m [33m`c2__article_id`[39m[0m,[0m [33m`c2`[39m[0m.[0m[33m`author_id`[39m [37m[1mas[22m[39m [33m`c2__author_id`[39m [37m[1mfrom[22m[39m [33m`article`[39m [37m[1mas[22m[39m [33m`a0`[39m [37m[1mleft join[22m[39m [33m`user`[39m [37m[1mas[22m[39m [33m`a1`[39m [37m[1mon[22m[39m [33m`a0`[39m[0m.[0m[33m`author_id`[39m [0m=[0m [33m`a1`[39m[0m.[0m[33m`id`[39m [37m[1mleft join[22m[39m [33m`comment`[39m [37m[1mas[22m[39m [33m`c2`[39m [37m[1mon[22m[39m [33m`a0`[39m[0m.[0m[33m`id`[39m [0m=[0m [33m`c2`[39m[0m.[0m[33m`article_id`[39m [37m[1mwhere[22m[39m [33m`a0`[39m[0m.[0m[33m`id`[39m [37m[1min[22m[39m ([32m1[39m[0m,[0m [32m2[39m)[90m [took 1 ms, 2 results][39m
[90m[query] [39m[37m[1mselect[22m[39m [33m`t0`[39m[0m.[0m[0m*[0m [37m[1mfrom[22m[39m [33m`tag`[39m [37m[1mas[22m[39m [33m`t0`[39m[90m [took 1 ms, 4 results][39m
[90m[query] [39m[37m[1mselect[22m[39m [33m`u0`[39m[0m.[0m[0m*[0m [37m[1mfrom[22m[39m [33m`user`[39m [37m[1mas[22m[39m [33m`u0`[39m [37m[1mwhere[22m[39m [33m`u0`[39m[0m.[0m[33m`email`[39m [0m=[0m [33m'jcosten0@purevolume.com'[39m [37m[1mand[22m[39m [33m`u0`[39m[0m.[0m[33m`password`[39m [0m=[0m [33m'e56a207acd1e6714735487c199c6f095844b7cc8e5971d86c003a7b6f36ef51e'[39m [37m[1mlimit[22m[39m [32m1[39m[90m [took 0 ms, 1 result][39m
[90m[query] [39m[37m[1mselect[22m[39m [33m`u0`[39m[0m.[0m[0m*[0m [37m[1mfrom[22m[39m [33m`user`[39m [37m[1mas[22m[39m [33m`u0`[39m [37m[1mwhere[22m[39m [33m`u0`[39m[0m.[0m[33m`id`[39m [0m=[0m [32m3[39m [37m[1mlimit[22m[39m [32m1[39m[90m [took 1 ms, 1 result][39m
[90m[query] [39m[37m[1mselect[22m[39m [33m`u0`[39m[0m.[0m[33m`id`[39m[0m,[0m [33m`u0`[39m[0m.[0m[33m`username`[39m[0m,[0m [33m`u0`[39m[0m.[0m[33m`email`[39m[0m,[0m [33m`u0`[39m[0m.[0m[33m`bio`[39m[0m,[0m [33m`u0`[39m[0m.[0m[33m`image`[39m[0m,[0m [33m`u0`[39m[0m.[0m[33m`password`[39m[0m,[0m [33m`f1`[39m[0m.[0m[33m`id`[39m [37m[1mas[22m[39m [33m`f1__id`[39m[0m,[0m [33m`f1`[39m[0m.[0m[33m`username`[39m [37m[1mas[22m[39m [33m`f1__username`[39m[0m,[0m [33m`f1`[39m[0m.[0m[33m`email`[39m [37m[1mas[22m[39m [33m`f1__email`[39m[0m,[0m [33m`f1`[39m[0m.[0m[33m`bio`[39m [37m[1mas[22m[39m [33m`f1__bio`[39m[0m,[0m [33m`f1`[39m[0m.[0m[33m`image`[39m [37m[1mas[22m[39m [33m`f1__image`[39m[0m,[0m [33m`f1`[39m[0m.[0m[33m`password`[39m [37m[1mas[22m[39m [33m`f1__password`[39m[0m,[0m [33m`f3`[39m[0m.[0m[33m`id`[39m [37m[1mas[22m[39m [33m`f3__id`[39m[0m,[0m [33m`f3`[39m[0m.[0m[33m`slug`[39m [37m[1mas[22m[39m [33m`f3__slug`[39m[0m,[0m [33m`f3`[39m[0m.[0m[33m`title`[39m [37m[1mas[22m[39m [33m`f3__title`[39m[0m,[0m [33m`f3`[39m[0m.[0m[33m`description`[39m [37m[1mas[22m[39m [33m`f3__description`[39m[0m,[0m [33m`f3`[39m[0m.[0m[33m`body`[39m [37m[1mas[22m[39m [33m`f3__body`[39m[0m,[0m [33m`f3`[39m[0m.[0m[33m`created_at`[39m [37m[1mas[22m[39m [33m`f3__created_at`[39m[0m,[0m [33m`f3`[39m[0m.[0m[33m`updated_at`[39m [37m[1mas[22m[39m [33m`f3__updated_at`[39m[0m,[0m [33m`f3`[39m[0m.[0m[33m`tag_list`[39m [37m[1mas[22m[39m [33m`f3__tag_list`[39m[0m,[0m [33m`f3`[39m[0m.[0m[33m`author_id`[39m [37m[1mas[22m[39m [33m`f3__author_id`[39m[0m,[0m [33m`f3`[39m[0m.[0m[33m`favorites_count`[39m [37m[1mas[22m[39m [33m`f3__favorites_count`[39m[0m,[0m [33m`c5`[39m[0m.[0m[33m`id`[39m [37m[1mas[22m[39m [33m`c5__id`[39m[0m,[0m [33m`c5`[39m[0m.[0m[33m`created_at`[39m [37m[1mas[22m[39m [33m`c5__created_at`[39m[0m,[0m [33m`c5`[39m[0m.[0m[33m`updated_at`[39m [37m[1mas[22m[39m [33m`c5__updated_at`[39m[0m,[0m [33m`c5`[39m[0m.[0m[33m`body`[39m [37m[1mas[22m[39m [33m`c5__body`[39m[0m,[0m [33m`c5`[39m[0m.[0m[33m`article_id`[39m [37m[1mas[22m[39m [33m`c5__article_id`[39m[0m,[0m [33m`c5`[39m[0m.[0m[33m`author_id`[39m [37m[1mas[22m[39m [33m`c5__author_id`[39m [37m[1mfrom[22m[39m [33m`user`[39m [37m[1mas[22m[39m [33m`u0`[39m [37m[1mleft join[22m[39m [33m`user_to_follower`[39m [37m[1mas[22m[39m [33m`u2`[39m [37m[1mon[22m[39m [33m`u0`[39m[0m.[0m[33m`id`[39m [0m=[0m [33m`u2`[39m[0m.[0m[33m`follower`[39m [37m[1mleft join[22m[39m [33m`user`[39m [37m[1mas[22m[39m [33m`f1`[39m [37m[1mon[22m[39m [33m`u2`[39m[0m.[0m[33m`following`[39m [0m=[0m [33m`f1`[39m[0m.[0m[33m`id`[39m [37m[1mleft join[22m[39m [33m`user_favorites`[39m [37m[1mas[22m[39m [33m`u4`[39m [37m[1mon[22m[39m [33m`u0`[39m[0m.[0m[33m`id`[39m [0m=[0m [33m`u4`[39m[0m.[0m[33m`user_id`[39m [37m[1mleft join[22m[39m [33m`article`[39m [37m[1mas[22m[39m [33m`f3`[39m [37m[1mon[22m[39m [33m`u4`[39m[0m.[0m[33m`article_id`[39m [0m=[0m [33m`f3`[39m[0m.[0m[33m`id`[39m [37m[1mleft join[22m[39m [33m`comment`[39m [37m[1mas[22m[39m [33m`c5`[39m [37m[1mon[22m[39m [33m`f3`[39m[0m.[0m[33m`id`[39m [0m=[0m [33m`c5`[39m[0m.[0m[33m`article_id`[39m [37m[1mwhere[22m[39m [33m`u0`[39m[0m.[0m[33m`id`[39m [0m=[0m [32m3[39m[90m [took 1 ms, 1 result][39m
[90m[query] [39m[37m[1mselect[22m[39m [37m[1mcount[22m[39m([37m[1mdistinct[22m[39m [33m`a0`[39m[0m.[0m[33m`id`[39m) [37m[1mas[22m[39m [33m`count`[39m [37m[1mfrom[22m[39m [33m`article`[39m [37m[1mas[22m[39m [33m`a0`[39m [37m[1mleft join[22m[39m [33m`user`[39m [37m[1mas[22m[39m [33m`u1`[39m [37m[1mon[22m[39m [33m`a0`[39m[0m.[0m[33m`author_id`[39m [0m=[0m [33m`u1`[39m[0m.[0m[33m`id`[39m [37m[1mleft join[22m[39m [33m`user_to_follower`[39m [37m[1mas[22m[39m [33m`u2`[39m [37m[1mon[22m[39m [33m`u1`[39m[0m.[0m[33m`id`[39m [0m=[0m [33m`u2`[39m[0m.[0m[33m`follower`[39m [37m[1mwhere[22m[39m [33m`u2`[39m[0m.[0m[33m`following`[39m [0m=[0m [32m3[39m[90m [took 0 ms][39m
[90m[query] [39m[37m[1mselect[22m[39m [33m`a0`[39m[0m.[0m[33m`id`[39m[0m,[0m [33m`a0`[39m[0m.[0m[33m`slug`[39m[0m,[0m [33m`a0`[39m[0m.[0m[33m`title`[39m[0m,[0m [33m`a0`[39m[0m.[0m[33m`description`[39m[0m,[0m [33m`a0`[39m[0m.[0m[33m`body`[39m[0m,[0m [33m`a0`[39m[0m.[0m[33m`created_at`[39m[0m,[0m [33m`a0`[39m[0m.[0m[33m`updated_at`[39m[0m,[0m [33m`a0`[39m[0m.[0m[33m`tag_list`[39m[0m,[0m [33m`a0`[39m[0m.[0m[33m`author_id`[39m[0m,[0m [33m`a0`[39m[0m.[0m[33m`favorites_count`[39m[0m,[0m [33m`a1`[39m[0m.[0m[33m`id`[39m [37m[1mas[22m[39m [33m`a1__id`[39m[0m,[0m [33m`a1`[39m[0m.[0m[33m`username`[39m [37m[1mas[22m[39m [33m`a1__username`[39m[0m,[0m [33m`a1`[39m[0m.[0m[33m`email`[39m [37m[1mas[22m[39m [33m`a1__email`[39m[0m,[0m [33m`a1`[39m[0m.[0m[33m`bio`[39m [37m[1mas[22m[39m [33m`a1__bio`[39m[0m,[0m [33m`a1`[39m[0m.[0m[33m`image`[39m [37m[1mas[22m[39m [33m`a1__image`[39m[0m,[0m [33m`a1`[39m[0m.[0m[33m`password`[39m [37m[1mas[22m[39m [33m`a1__password`[39m[0m,[0m [33m`c2`[39m[0m.[0m[33m`id`[39m [37m[1mas[22m[39m [33m`c2__id`[39m[0m,[0m [33m`c2`[39m[0m.[0m[33m`created_at`[39m [37m[1mas[22m[39m [33m`c2__created_at`[39m[0m,[0m [33m`c2`[39m[0m.[0m[33m`updated_at`[39m [37m[1mas[22m[39m [33m`c2__updated_at`[39m[0m,[0m [33m`c2`[39m[0m.[0m[33m`body`[39m [37m[1mas[22m[39m [33m`c2__body`[39m[0m,[0m [33m`c2`[39m[0m.[0m[33m`article_id`[39m [37m[1mas[22m[39m [33m`c2__article_id`[39m[0m,[0m [33m`c2`[39m[0m.[0m[33m`author_id`[39m [37m[1mas[22m[39m [33m`c2__author_id`[39m [37m[1mfrom[22m[39m [33m`article`[39m [37m[1mas[22m[39m [33m`a0`[39m [37m[1mleft join[22m[39m [33m`user`[39m [37m[1mas[22m[39m [33m`a1`[39m [37m[1mon[22m[39m [33m`a0`[39m[0m.[0m[33m`author_id`[39m [0m=[0m [33m`a1`[39m[0m.[0m[33m`id`[39m [37m[1mleft join[22m[39m [33m`comment`[39m [37m[1mas[22m[39m [33m`c2`[39m [37m[1mon[22m[39m [33m`a0`[39m[0m.[0m[33m`id`[39m [0m=[0m [33m`c2`[39m[0m.[0m[33m`article_id`[39m [37m[1mleft join[22m[39m [33m`user_to_follower`[39m [37m[1mas[22m[39m [33m`u3`[39m [37m[1mon[22m[39m [33m`a1`[39m[0m.[0m[33m`id`[39m [0m=[0m [33m`u3`[39m[0m.[0m[33m`follower`[39m [37m[1mwhere[22m[39m [33m`a0`[39m[0m.[0m[33m`id`[39m [37m[1min[22m[39m ([37m[1mselect[22m[39m [33m`a0`[39m[0m.[0m[33m`id`[39m [37m[1mfrom[22m[39m ([37m[1mselect[22m[39m [33m`a0`[39m[0m.[0m[33m`id`[39m [37m[1mfrom[22m[39m [33m`article`[39m [37m[1mas[22m[39m [33m`a0`[39m [37m[1mleft join[22m[39m [33m`user`[39m [37m[1mas[22m[39m [33m`a1`[39m [37m[1mon[22m[39m [33m`a0`[39m[0m.[0m[33m`author_id`[39m [0m=[0m [33m`a1`[39m[0m.[0m[33m`id`[39m [37m[1mleft join[22m[39m [33m`comment`[39m [37m[1mas[22m[39m [33m`c2`[39m [37m[1mon[22m[39m [33m`a0`[39m[0m.[0m[33m`id`[39m [0m=[0m [33m`c2`[39m[0m.[0m[33m`article_id`[39m [37m[1mleft join[22m[39m [33m`user_to_follower`[39m [37m[1mas[22m[39m [33m`u3`[39m [37m[1mon[22m[39m [33m`a1`[39m[0m.[0m[33m`id`[39m [0m=[0m [33m`u3`[39m[0m.[0m[33m`follower`[39m [37m[1mwhere[22m[39m [33m`u3`[39m[0m.[0m[33m`following`[39m [0m=[0m [32m3[39m [37m[1mgroup by[22m[39m [33m`a0`[39m[0m.[0m[33m`id`[39m [37m[1morder by[22m[39m [37m[1mmin[22m[39m([33m`a0`[39m[0m.[0m[33m`created_at`[39m) [37m[1mdesc[22m[39m [37m[1mlimit[22m[39m [32m10[39m) [37m[1mas[22m[39m [33m`a0`[39m) [37m[1morder by[22m[39m [33m`a0`[39m[0m.[0m[33m`created_at`[39m [37m[1mdesc[22m[39m[90m [took 2 ms, 2 results][39m
findFeed {
  articles: [
    Article {
      id: 1,
      slug: 'how-to-do-something',
      title: 'How to do something',
      description: 'Lorem ipsum dolor sit amet',
      body: 'Lorem ipsum dolor sit amet, consectetur adipiscing elit. Sed euismod, diam id aliquam aliquam, nunc ipsum aliquet nunc, vitae aliq',
      createdAt: 2025-10-15T17:52:09.000Z,
      updatedAt: 2025-10-15T17:52:09.000Z,
      tagList: [Array],
      author: [User],
      favoritesCount: 3,
      comments: [Collection<Comment>]
    },
    Article {
      id: 2,
      slug: 'how-to-do-something-else',
      title: 'How to do something else',
      description: 'Sed euismod',
      body: 'Sed euismod, diam id aliquam aliquam, nunc i consectetur adipiscing elit. Sed euismod, diam id aliquam aliquam, nunc ipsum aliquet nunc, vitae aliq',
      createdAt: 2025-10-15T17:52:09.000Z,
      updatedAt: 2025-10-15T17:52:09.000Z,
      tagList: [Array],
      author: [User],
      favoritesCount: 7,
      comments: [Collection<Comment>]
    }
  ],
  articlesCount: 2
}
[90m[query] [39m[37m[1mselect[22m[39m [33m`t0`[39m[0m.[0m[0m*[0m [37m[1mfrom[22m[39m [33m`tag`[39m [37m[1mas[22m[39m [33m`t0`[39m[90m [took 1 ms, 4 results][39m
[90m[query] [39m[37m[1mselect[22m[39m [37m[1mcount[22m[39m([37m[1mdistinct[22m[39m [33m`a`[39m[0m.[0m[33m`id`[39m) [37m[1mas[22m[39m [33m`count`[39m [37m[1mfrom[22m[39m [33m`article`[39m [37m[1mas[22m[39m [33m`a`[39m [37m[1mleft join[22m[39m [33m`user`[39m [37m[1mas[22m[39m [33m`u`[39m [37m[1mon[22m[39m [33m`a`[39m[0m.[0m[33m`author_id`[39m [0m=[0m [33m`u`[39m[0m.[0m[33m`id`[39m [37m[1morder by[22m[39m [33m`a`[39m[0m.[0m[33m`created_at`[39m [37m[1mdesc[22m[39m[90m [took 1 ms][39m
[90m[query] [39m[37m[1mselect[22m[39m [33m`a`[39m[0m.[0m[0m*[0m [37m[1mfrom[22m[39m [33m`article`[39m [37m[1mas[22m[39m [33m`a`[39m [37m[1mleft join[22m[39m [33m`user`[39m [37m[1mas[22m[39m [33m`u`[39m [37m[1mon[22m[39m [33m`a`[39m[0m.[0m[33m`author_id`[39m [0m=[0m [33m`u`[39m[0m.[0m[33m`id`[39m [37m[1morder by[22m[39m [33m`a`[39m[0m.[0m[33m`created_at`[39m [37m[1mdesc[22m[39m[90m [took 0 ms, 2 results][39m
[90m[query] [39m[37m[1mselect[22m[39m [33m`a0`[39m[0m.[0m[33m`id`[39m[0m,[0m [33m`a0`[39m[0m.[0m[33m`slug`[39m[0m,[0m [33m`a0`[39m[0m.[0m[33m`title`[39m[0m,[0m [33m`a0`[39m[0m.[0m[33m`description`[39m[0m,[0m [33m`a0`[39m[0m.[0m[33m`body`[39m[0m,[0m [33m`a0`[39m[0m.[0m[33m`created_at`[39m[0m,[0m [33m`a0`[39m[0m.[0m[33m`updated_at`[39m[0m,[0m [33m`a0`[39m[0m.[0m[33m`tag_list`[39m[0m,[0m [33m`a0`[39m[0m.[0m[33m`author_id`[39m[0m,[0m [33m`a0`[39m[0m.[0m[33m`favorites_count`[39m[0m,[0m [33m`a1`[39m[0m.[0m[33m`id`[39m [37m[1mas[22m[39m [33m`a1__id`[39m[0m,[0m [33m`a1`[39m[0m.[0m[33m`username`[39m [37m[1mas[22m[39m [33m`a1__username`[39m[0m,[0m [33m`a1`[39m[0m.[0m[33m`email`[39m [37m[1mas[22m[39m [33m`a1__email`[39m[0m,[0m [33m`a1`[39m[0m.[0m[33m`bio`[39m [37m[1mas[22m[39m [33m`a1__bio`[39m[0m,[0m [33m`a1`[39m[0m.[0m[33m`image`[39m [37m[1mas[22m[39m [33m`a1__image`[39m[0m,[0m [33m`a1`[39m[0m.[0m[33m`password`[39m [37m[1mas[22m[39m [33m`a1__password`[39m[0m,[0m [33m`c2`[39m[0m.[0m[33m`id`[39m [37m[1mas[22m[39m [33m`c2__id`[39m[0m,[0m [33m`c2`[39m[0m.[0m[33m`created_at`[39m [37m[1mas[22m[39m [33m`c2__created_at`[39m[0m,[0m [33m`c2`[39m[0m.[0m[33m`updated_at`[39m [37m[1mas[22m[39m [33m`c2__updated_at`[39m[0m,[0m [33m`c2`[39m[0m.[0m[33m`body`[39m [37m[1mas[22m[39m [33m`c2__body`[39m[0m,[0m [33m`c2`[39m[0m.[0m[33m`article_id`[39m [37m[1mas[22m[39m [33m`c2__article_id`[39m[0m,[0m [33m`c2`[39m[0m.[0m[33m`author_id`[39m [37m[1mas[22m[39m [33m`c2__author_id`[39m [37m[1mfrom[22m[39m [33m`article`[39m [37m[1mas[22m[39m [33m`a0`[39m [37m[1mleft join[22m[39m [33m`user`[39m [37m[1mas[22m[39m [33m`a1`[39m [37m[1mon[22m[39m [33m`a0`[39m[0m.[0m[33m`author_id`[39m [0m=[0m [33m`a1`[39m[0m.[0m[33m`id`[39m [37m[1mleft join[22m[39m [33m`comment`[39m [37m[1mas[22m[39m [33m`c2`[39m [37m[1mon[22m[39m [33m`a0`[39m[0m.[0m[33m`id`[39m [0m=[0m [33m`c2`[39m[0m.[0m[33m`article_id`[39m [37m[1mwhere[22m[39m [33m`a0`[39m[0m.[0m[33m`id`[39m [37m[1min[22m[39m ([32m1[39m[0m,[0m [32m2[39m)[90m [took 1 ms, 2 results][39m
[90m[query] [39m[37m[1mselect[22m[39m [33m`t0`[39m[0m.[0m[0m*[0m [37m[1mfrom[22m[39m [33m`tag`[39m [37m[1mas[22m[39m [33m`t0`[39m[90m [took 1 ms, 4 results][39m
[90m[query] [39m[37m[1mselect[22m[39m [33m`u0`[39m[0m.[0m[0m*[0m [37m[1mfrom[22m[39m [33m`user`[39m [37m[1mas[22m[39m [33m`u0`[39m [37m[1mwhere[22m[39m [33m`u0`[39m[0m.[0m[33m`id`[39m [0m=[0m [32m3[39m [37m[1mlimit[22m[39m [32m1[39m[90m [took 0 ms, 1 result][39m
[90m[query] [39m[37m[1mselect[22m[39m [33m`u0`[39m[0m.[0m[0m*[0m [37m[1mfrom[22m[39m [33m`user`[39m [37m[1mas[22m[39m [33m`u0`[39m [37m[1mwhere[22m[39m [33m`u0`[39m[0m.[0m[33m`email`[39m [0m=[0m [33m'jcosten0@purevolume.com'[39m [37m[1mlimit[22m[39m [32m1[39m[90m [took 0 ms, 1 result][39m
[90m[query] [39m[37m[1mselect[22m[39m [33m`u0`[39m[0m.[0m[0m*[0m [37m[1mfrom[22m[39m [33m`user`[39m [37m[1mas[22m[39m [33m`u0`[39m [37m[1mwhere[22m[39m [33m`u0`[39m[0m.[0m[33m`id`[39m [0m=[0m [32m3[39m [37m[1mlimit[22m[39m [32m1[39m[90m [took 0 ms, 1 result][39m
[90m[query] [39m[37m[1mselect[22m[39m [33m`u0`[39m[0m.[0m[33m`id`[39m[0m,[0m [33m`u0`[39m[0m.[0m[33m`username`[39m[0m,[0m [33m`u0`[39m[0m.[0m[33m`email`[39m[0m,[0m [33m`u0`[39m[0m.[0m[33m`bio`[39m[0m,[0m [33m`u0`[39m[0m.[0m[33m`image`[39m[0m,[0m [33m`u0`[39m[0m.[0m[33m`password`[39m[0m,[0m [33m`f1`[39m[0m.[0m[33m`id`[39m [37m[1mas[22m[39m [33m`f1__id`[39m[0m,[0m [33m`f1`[39m[0m.[0m[33m`username`[39m [37m[1mas[22m[39m [33m`f1__username`[39m[0m,[0m [33m`f1`[39m[0m.[0m[33m`email`[39m [37m[1mas[22m[39m [33m`f1__email`[39m[0m,[0m [33m`f1`[39m[0m.[0m[33m`bio`[39m [37m[1mas[22m[39m [33m`f1__bio`[39m[0m,[0m [33m`f1`[39m[0m.[0m[33m`image`[39m [37m[1mas[22m[39m [33m`f1__image`[39m[0m,[0m [33m`f1`[39m[0m.[0m[33m`password`[39m [37m[1mas[22m[39m [33m`f1__password`[39m[0m,[0m [33m`f3`[39m[0m.[0m[33m`id`[39m [37m[1mas[22m[39m [33m`f3__id`[39m[0m,[0m [33m`f3`[39m[0m.[0m[33m`slug`[39m [37m[1mas[22m[39m [33m`f3__slug`[39m[0m,[0m [33m`f3`[39m[0m.[0m[33m`title`[39m [37m[1mas[22m[39m [33m`f3__title`[39m[0m,[0m [33m`f3`[39m[0m.[0m[33m`description`[39m [37m[1mas[22m[39m [33m`f3__description`[39m[0m,[0m [33m`f3`[39m[0m.[0m[33m`body`[39m [37m[1mas[22m[39m [33m`f3__body`[39m[0m,[0m [33m`f3`[39m[0m.[0m[33m`created_at`[39m [37m[1mas[22m[39m [33m`f3__created_at`[39m[0m,[0m [33m`f3`[39m[0m.[0m[33m`updated_at`[39m [37m[1mas[22m[39m [33m`f3__updated_at`[39m[0m,[0m [33m`f3`[39m[0m.[0m[33m`tag_list`[39m [37m[1mas[22m[39m [33m`f3__tag_list`[39m[0m,[0m [33m`f3`[39m[0m.[0m[33m`author_id`[39m [37m[1mas[22m[39m [33m`f3__author_id`[39m[0m,[0m [33m`f3`[39m[0m.[0m[33m`favorites_count`[39m [37m[1mas[22m[39m [33m`f3__favorites_count`[39m[0m,[0m [33m`c5`[39m[0m.[0m[33m`id`[39m [37m[1mas[22m[39m [33m`c5__id`[39m[0m,[0m [33m`c5`[39m[0m.[0m[33m`created_at`[39m [37m[1mas[22m[39m [33m`c5__created_at`[39m[0m,[0m [33m`c5`[39m[0m.[0m[33m`updated_at`[39m [37m[1mas[22m[39m [33m`c5__updated_at`[39m[0m,[0m [33m`c5`[39m[0m.[0m[33m`body`[39m [37m[1mas[22m[39m [33m`c5__body`[39m[0m,[0m [33m`c5`[39m[0m.[0m[33m`article_id`[39m [37m[1mas[22m[39m [33m`c5__article_id`[39m[0m,[0m [33m`c5`[39m[0m.[0m[33m`author_id`[39m [37m[1mas[22m[39m [33m`c5__author_id`[39m [37m[1mfrom[22m[39m [33m`user`[39m [37m[1mas[22m[39m [33m`u0`[39m [37m[1mleft join[22m[39m [33m`user_to_follower`[39m [37m[1mas[22m[39m [33m`u2`[39m [37m[1mon[22m[39m [33m`u0`[39m[0m.[0m[33m`id`[39m [0m=[0m [33m`u2`[39m[0m.[0m[33m`follower`[39m [37m[1mleft join[22m[39m [33m`user`[39m [37m[1mas[22m[39m [33m`f1`[39m [37m[1mon[22m[39m [33m`u2`[39m[0m.[0m[33m`following`[39m [0m=[0m [33m`f1`[39m[0m.[0m[33m`id`[39m [37m[1mleft join[22m[39m [33m`user_favorites`[39m [37m[1mas[22m[39m [33m`u4`[39m [37m[1mon[22m[39m [33m`u0`[39m[0m.[0m[33m`id`[39m [0m=[0m [33m`u4`[39m[0m.[0m[33m`user_id`[39m [37m[1mleft join[22m[39m [33m`article`[39m [37m[1mas[22m[39m [33m`f3`[39m [37m[1mon[22m[39m [33m`u4`[39m[0m.[0m[33m`article_id`[39m [0m=[0m [33m`f3`[39m[0m.[0m[33m`id`[39m [37m[1mleft join[22m[39m [33m`comment`[39m [37m[1mas[22m[39m [33m`c5`[39m [37m[1mon[22m[39m [33m`f3`[39m[0m.[0m[33m`id`[39m [0m=[0m [33m`c5`[39m[0m.[0m[33m`article_id`[39m [37m[1mwhere[22m[39m [33m`u0`[39m[0m.[0m[33m`id`[39m [0m=[0m [32m3[39m[90m [took 1 ms, 1 result][39m
[90m[query] [39m[37m[1mselect[22m[39m [37m[1mcount[22m[39m([37m[1mdistinct[22m[39m [33m`a0`[39m[0m.[0m[33m`id`[39m) [37m[1mas[22m[39m [33m`count`[39m [37m[1mfrom[22m[39m [33m`article`[39m [37m[1mas[22m[39m [33m`a0`[39m [37m[1mleft join[22m[39m [33m`user`[39m [37m[1mas[22m[39m [33m`u1`[39m [37m[1mon[22m[39m [33m`a0`[39m[0m.[0m[33m`author_id`[39m [0m=[0m [33m`u1`[39m[0m.[0m[33m`id`[39m [37m[1mleft join[22m[39m [33m`user_to_follower`[39m [37m[1mas[22m[39m [33m`u2`[39m [37m[1mon[22m[39m [33m`u1`[39m[0m.[0m[33m`id`[39m [0m=[0m [33m`u2`[39m[0m.[0m[33m`follower`[39m [37m[1mwhere[22m[39m [33m`u2`[39m[0m.[0m[33m`following`[39m [0m=[0m [32m3[39m[90m [took 1 ms][39m
[90m[query] [39m[37m[1mselect[22m[39m [33m`a0`[39m[0m.[0m[33m`id`[39m[0m,[0m [33m`a0`[39m[0m.[0m[33m`slug`[39m[0m,[0m [33m`a0`[39m[0m.[0m[33m`title`[39m[0m,[0m [33m`a0`[39m[0m.[0m[33m`description`[39m[0m,[0m [33m`a0`[39m[0m.[0m[33m`body`[39m[0m,[0m [33m`a0`[39m[0m.[0m[33m`created_at`[39m[0m,[0m [33m`a0`[39m[0m.[0m[33m`updated_at`[39m[0m,[0m [33m`a0`[39m[0m.[0m[33m`tag_list`[39m[0m,[0m [33m`a0`[39m[0m.[0m[33m`author_id`[39m[0m,[0m [33m`a0`[39m[0m.[0m[33m`favorites_count`[39m[0m,[0m [33m`a1`[39m[0m.[0m[33m`id`[39m [37m[1mas[22m[39m [33m`a1__id`[39m[0m,[0m [33m`a1`[39m[0m.[0m[33m`username`[39m [37m[1mas[22m[39m [33m`a1__username`[39m[0m,[0m [33m`a1`[39m[0m.[0m[33m`email`[39m [37m[1mas[22m[39m [33m`a1__email`[39m[0m,[0m [33m`a1`[39m[0m.[0m[33m`bio`[39m [37m[1mas[22m[39m [33m`a1__bio`[39m[0m,[0m [33m`a1`[39m[0m.[0m[33m`image`[39m [37m[1mas[22m[39m [33m`a1__image`[39m[0m,[0m [33m`a1`[39m[0m.[0m[33m`password`[39m [37m[1mas[22m[39m [33m`a1__password`[39m[0m,[0m [33m`c2`[39m[0m.[0m[33m`id`[39m [37m[1mas[22m[39m [33m`c2__id`[39m[0m,[0m [33m`c2`[39m[0m.[0m[33m`created_at`[39m [37m[1mas[22m[39m [33m`c2__created_at`[39m[0m,[0m [33m`c2`[39m[0m.[0m[33m`updated_at`[39m [37m[1mas[22m[39m [33m`c2__updated_at`[39m[0m,[0m [33m`c2`[39m[0m.[0m[33m`body`[39m [37m[1mas[22m[39m [33m`c2__body`[39m[0m,[0m [33m`c2`[39m[0m.[0m[33m`article_id`[39m [37m[1mas[22m[39m [33m`c2__article_id`[39m[0m,[0m [33m`c2`[39m[0m.[0m[33m`author_id`[39m [37m[1mas[22m[39m [33m`c2__author_id`[39m [37m[1mfrom[22m[39m [33m`article`[39m [37m[1mas[22m[39m [33m`a0`[39m [37m[1mleft join[22m[39m [33m`user`[39m [37m[1mas[22m[39m [33m`a1`[39m [37m[1mon[22m[39m [33m`a0`[39m[0m.[0m[33m`author_id`[39m [0m=[0m [33m`a1`[39m[0m.[0m[33m`id`[39m [37m[1mleft join[22m[39m [33m`comment`[39m [37m[1mas[22m[39m [33m`c2`[39m [37m[1mon[22m[39m [33m`a0`[39m[0m.[0m[33m`id`[39m [0m=[0m [33m`c2`[39m[0m.[0m[33m`article_id`[39m [37m[1mleft join[22m[39m [33m`user_to_follower`[39m [37m[1mas[22m[39m [33m`u3`[39m [37m[1mon[22m[39m [33m`a1`[39m[0m.[0m[33m`id`[39m [0m=[0m [33m`u3`[39m[0m.[0m[33m`follower`[39m [37m[1mwhere[22m[39m [33m`a0`[39m[0m.[0m[33m`id`[39m [37m[1min[22m[39m ([37m[1mselect[22m[39m [33m`a0`[39m[0m.[0m[33m`id`[39m [37m[1mfrom[22m[39m ([37m[1mselect[22m[39m [33m`a0`[39m[0m.[0m[33m`id`[39m [37m[1mfrom[22m[39m [33m`article`[39m [37m[1mas[22m[39m [33m`a0`[39m [37m[1mleft join[22m[39m [33m`user`[39m [37m[1mas[22m[39m [33m`a1`[39m [37m[1mon[22m[39m [33m`a0`[39m[0m.[0m[33m`author_id`[39m [0m=[0m [33m`a1`[39m[0m.[0m[33m`id`[39m [37m[1mleft join[22m[39m [33m`comment`[39m [37m[1mas[22m[39m [33m`c2`[39m [37m[1mon[22m[39m [33m`a0`[39m[0m.[0m[33m`id`[39m [0m=[0m [33m`c2`[39m[0m.[0m[33m`article_id`[39m [37m[1mleft join[22m[39m [33m`user_to_follower`[39m [37m[1mas[22m[39m [33m`u3`[39m [37m[1mon[22m[39m [33m`a1`[39m[0m.[0m[33m`id`[39m [0m=[0m [33m`u3`[39m[0m.[0m[33m`follower`[39m [37m[1mwhere[22m[39m [33m`u3`[39m[0m.[0m[33m`following`[39m [0m=[0m [32m3[39m [37m[1mgroup by[22m[39m [33m`a0`[39m[0m.[0m[33m`id`[39m [37m[1morder by[22m[39m [37m[1mmin[22m[39m([33m`a0`[39m[0m.[0m[33m`created_at`[39m) [37m[1mdesc[22m[39m [37m[1mlimit[22m[39m [32m10[39m) [37m[1mas[22m[39m [33m`a0`[39m) [37m[1morder by[22m[39m [33m`a0`[39m[0m.[0m[33m`created_at`[39m [37m[1mdesc[22m[39m[90m [took 2 ms, 2 results][39m
findFeed {
  articles: [
    Article {
      id: 1,
      slug: 'how-to-do-something',
      title: 'How to do something',
      description: 'Lorem ipsum dolor sit amet',
      body: 'Lorem ipsum dolor sit amet, consectetur adipiscing elit. Sed euismod, diam id aliquam aliquam, nunc ipsum aliquet nunc, vitae aliq',
      createdAt: 2025-10-15T17:52:09.000Z,
      updatedAt: 2025-10-15T17:52:09.000Z,
      tagList: [Array],
      author: [User],
      favoritesCount: 3,
      comments: [Collection<Comment>]
    },
    Article {
      id: 2,
      slug: 'how-to-do-something-else',
      title: 'How to do something else',
      description: 'Sed euismod',
      body: 'Sed euismod, diam id aliquam aliquam, nunc i consectetur adipiscing elit. Sed euismod, diam id aliquam aliquam, nunc ipsum aliquet nunc, vitae aliq',
      createdAt: 2025-10-15T17:52:09.000Z,
      updatedAt: 2025-10-15T17:52:09.000Z,
      tagList: [Array],
      author: [User],
      favoritesCount: 7,
      comments: [Collection<Comment>]
    }
  ],
  articlesCount: 2
}
[90m[query] [39m[37m[1mselect[22m[39m [33m`t0`[39m[0m.[0m[0m*[0m [37m[1mfrom[22m[39m [33m`tag`[39m [37m[1mas[22m[39m [33m`t0`[39m[90m [took 1 ms, 4 results][39m
[90m[query] [39m[37m[1mselect[22m[39m [33m`u0`[39m[0m.[0m[33m`id`[39m[0m,[0m [33m`u0`[39m[0m.[0m[33m`username`[39m[0m,[0m [33m`u0`[39m[0m.[0m[33m`email`[39m[0m,[0m [33m`u0`[39m[0m.[0m[33m`bio`[39m[0m,[0m [33m`u0`[39m[0m.[0m[33m`image`[39m[0m,[0m [33m`u0`[39m[0m.[0m[33m`password`[39m[0m,[0m [33m`f1`[39m[0m.[0m[33m`id`[39m [37m[1mas[22m[39m [33m`f1__id`[39m[0m,[0m [33m`f1`[39m[0m.[0m[33m`username`[39m [37m[1mas[22m[39m [33m`f1__username`[39m[0m,[0m [33m`f1`[39m[0m.[0m[33m`email`[39m [37m[1mas[22m[39m [33m`f1__email`[39m[0m,[0m [33m`f1`[39m[0m.[0m[33m`bio`[39m [37m[1mas[22m[39m [33m`f1__bio`[39m[0m,[0m [33m`f1`[39m[0m.[0m[33m`image`[39m [37m[1mas[22m[39m [33m`f1__image`[39m[0m,[0m [33m`f1`[39m[0m.[0m[33m`password`[39m [37m[1mas[22m[39m [33m`f1__password`[39m [37m[1mfrom[22m[39m [33m`user`[39m [37m[1mas[22m[39m [33m`u0`[39m [37m[1mleft join[22m[39m [33m`user_to_follower`[39m [37m[1mas[22m[39m [33m`u2`[39m [37m[1mon[22m[39m [33m`u0`[39m[0m.[0m[33m`id`[39m [0m=[0m [33m`u2`[39m[0m.[0m[33m`follower`[39m [37m[1mleft join[22m[39m [33m`user`[39m [37m[1mas[22m[39m [33m`f1`[39m [37m[1mon[22m[39m [33m`u2`[39m[0m.[0m[33m`following`[39m [0m=[0m [33m`f1`[39m[0m.[0m[33m`id`[39m [37m[1mwhere[22m[39m [33m`u0`[39m[0m.[0m[33m`username`[39m [0m=[0m [33m'John Costen'[39m[90m [took 1 ms, 1 result][39m
[90m[query] [39m[37m[1mselect[22m[39m [33m`u0`[39m[0m.[0m[33m`id`[39m[0m,[0m [33m`u0`[39m[0m.[0m[33m`username`[39m[0m,[0m [33m`u0`[39m[0m.[0m[33m`email`[39m[0m,[0m [33m`u0`[39m[0m.[0m[33m`bio`[39m[0m,[0m [33m`u0`[39m[0m.[0m[33m`image`[39m[0m,[0m [33m`u0`[39m[0m.[0m[33m`password`[39m[0m,[0m [33m`f1`[39m[0m.[0m[33m`id`[39m [37m[1mas[22m[39m [33m`f1__id`[39m[0m,[0m [33m`f1`[39m[0m.[0m[33m`username`[39m [37m[1mas[22m[39m [33m`f1__username`[39m[0m,[0m [33m`f1`[39m[0m.[0m[33m`email`[39m [37m[1mas[22m[39m [33m`f1__email`[39m[0m,[0m [33m`f1`[39m[0m.[0m[33m`bio`[39m [37m[1mas[22m[39m [33m`f1__bio`[39m[0m,[0m [33m`f1`[39m[0m.[0m[33m`image`[39m [37m[1mas[22m[39m [33m`f1__image`[39m[0m,[0m [33m`f1`[39m[0m.[0m[33m`password`[39m [37m[1mas[22m[39m [33m`f1__password`[39m[0m,[0m [33m`f3`[39m[0m.[0m[33m`id`[39m [37m[1mas[22m[39m [33m`f3__id`[39m[0m,[0m [33m`f3`[39m[0m.[0m[33m`slug`[39m [37m[1mas[22m[39m [33m`f3__slug`[39m[0m,[0m [33m`f3`[39m[0m.[0m[33m`title`[39m [37m[1mas[22m[39m [33m`f3__title`[39m[0m,[0m [33m`f3`[39m[0m.[0m[33m`description`[39m [37m[1mas[22m[39m [33m`f3__description`[39m[0m,[0m [33m`f3`[39m[0m.[0m[33m`body`[39m [37m[1mas[22m[39m [33m`f3__body`[39m[0m,[0m [33m`f3`[39m[0m.[0m[33m`created_at`[39m [37m[1mas[22m[39m [33m`f3__created_at`[39m[0m,[0m [33m`f3`[39m[0m.[0m[33m`updated_at`[39m [37m[1mas[22m[39m [33m`f3__updated_at`[39m[0m,[0m [33m`f3`[39m[0m.[0m[33m`tag_list`[39m [37m[1mas[22m[39m [33m`f3__tag_list`[39m[0m,[0m [33m`f3`[39m[0m.[0m[33m`author_id`[39m [37m[1mas[22m[39m [33m`f3__author_id`[39m[0m,[0m [33m`f3`[39m[0m.[0m[33m`favorites_count`[39m [37m[1mas[22m[39m [33m`f3__favorites_count`[39m[0m,[0m [33m`c5`[39m[0m.[0m[33m`id`[39m [37m[1mas[22m[39m [33m`c5__id`[39m[0m,[0m [33m`c5`[39m[0m.[0m[33m`created_at`[39m [37m[1mas[22m[39m [33m`c5__created_at`[39m[0m,[0m [33m`c5`[39m[0m.[0m[33m`updated_at`[39m [37m[1mas[22m[39m [33m`c5__updated_at`[39m[0m,[0m [33m`c5`[39m[0m.[0m[33m`body`[39m [37m[1mas[22m[39m [33m`c5__body`[39m[0m,[0m [33m`c5`[39m[0m.[0m[33m`article_id`[39m [37m[1mas[22m[39m [33m`c5__article_id`[39m[0m,[0m [33m`c5`[39m[0m.[0m[33m`author_id`[39m [37m[1mas[22m[39m [33m`c5__author_id`[39m [37m[1mfrom[22m[39m [33m`user`[39m [37m[1mas[22m[39m [33m`u0`[39m [37m[1mleft join[22m[39m [33m`user_to_follower`[39m [37m[1mas[22m[39m [33m`u2`[39m [37m[1mon[22m[39m [33m`u0`[39m[0m.[0m[33m`id`[39m [0m=[0m [33m`u2`[39m[0m.[0m[33m`follower`[39m [37m[1mleft join[22m[39m [33m`user`[39m [37m[1mas[22m[39m [33m`f1`[39m [37m[1mon[22m[39m [33m`u2`[39m[0m.[0m[33m`following`[39m [0m=[0m [33m`f1`[39m[0m.[0m[33m`id`[39m [37m[1mleft join[22m[39m [33m`user_favorites`[39m [37m[1mas[22m[39m [33m`u4`[39m [37m[1mon[22m[39m [33m`u0`[39m[0m.[0m[33m`id`[39m [0m=[0m [33m`u4`[39m[0m.[0m[33m`user_id`[39m [37m[1mleft join[22m[39m [33m`article`[39m [37m[1mas[22m[39m [33m`f3`[39m [37m[1mon[22m[39m [33m`u4`[39m[0m.[0m[33m`article_id`[39m [0m=[0m [33m`f3`[39m[0m.[0m[33m`id`[39m [37m[1mleft join[22m[39m [33m`comment`[39m [37m[1mas[22m[39m [33m`c5`[39m [37m[1mon[22m[39m [33m`f3`[39m[0m.[0m[33m`id`[39m [0m=[0m [33m`c5`[39m[0m.[0m[33m`article_id`[39m [37m[1mwhere[22m[39m [33m`u0`[39m[0m.[0m[33m`id`[39m [0m=[0m [32m3[39m[90m [took 1 ms, 1 result][39m
[90m[query] [39m[37m[1mselect[22m[39m [33m`u0`[39m[0m.[0m[0m*[0m [37m[1mfrom[22m[39m [33m`user`[39m [37m[1mas[22m[39m [33m`u0`[39m [37m[1mwhere[22m[39m [33m`u0`[39m[0m.[0m[33m`username`[39m [0m=[0m [33m'John Costen'[39m [37m[1mlimit[22m[39m [32m1[39m[90m [took 1 ms, 1 result][39m
[90m[query] [39m[37m[1mselect[22m[39m [37m[1mcount[22m[39m([37m[1mdistinct[22m[39m [33m`a`[39m[0m.[0m[33m`id`[39m) [37m[1mas[22m[39m [33m`count`[39m [37m[1mfrom[22m[39m [33m`article`[39m [37m[1mas[22m[39m [33m`a`[39m [37m[1mleft join[22m[39m [33m`user`[39m [37m[1mas[22m[39m [33m`u`[39m [37m[1mon[22m[39m [33m`a`[39m[0m.[0m[33m`author_id`[39m [0m=[0m [33m`u`[39m[0m.[0m[33m`id`[39m [37m[1mwhere[22m[39m [33m`a`[39m[0m.[0m[33m`author_id`[39m [0m=[0m [32m3[39m [37m[1morder by[22m[39m [33m`a`[39m[0m.[0m[33m`created_at`[39m [37m[1mdesc[22m[39m[90m [took 0 ms][39m
[90m[query] [39m[37m[1mselect[22m[39m [33m`a`[39m[0m.[0m[0m*[0m [37m[1mfrom[22m[39m [33m`article`[39m [37m[1mas[22m[39m [33m`a`[39m [37m[1mleft join[22m[39m [33m`user`[39m [37m[1mas[22m[39m [33m`u`[39m [37m[1mon[22m[39m [33m`a`[39m[0m.[0m[33m`author_id`[39m [0m=[0m [33m`u`[39m[0m.[0m[33m`id`[39m [37m[1mwhere[22m[39m [33m`a`[39m[0m.[0m[33m`author_id`[39m [0m=[0m [32m3[39m [37m[1morder by[22m[39m [33m`a`[39m[0m.[0m[33m`created_at`[39m [37m[1mdesc[22m[39m [37m[1mlimit[22m[39m [32m10[39m[90m [took 0 ms, 0 result][39m
[90m[query] [39m[37m[1mselect[22m[39m [33m`a0`[39m[0m.[0m[33m`id`[39m[0m,[0m [33m`a0`[39m[0m.[0m[33m`slug`[39m[0m,[0m [33m`a0`[39m[0m.[0m[33m`title`[39m[0m,[0m [33m`a0`[39m[0m.[0m[33m`description`[39m[0m,[0m [33m`a0`[39m[0m.[0m[33m`body`[39m[0m,[0m [33m`a0`[39m[0m.[0m[33m`created_at`[39m[0m,[0m [33m`a0`[39m[0m.[0m[33m`updated_at`[39m[0m,[0m [33m`a0`[39m[0m.[0m[33m`tag_list`[39m[0m,[0m [33m`a0`[39m[0m.[0m[33m`author_id`[39m[0m,[0m [33m`a0`[39m[0m.[0m[33m`favorites_count`[39m[0m,[0m [33m`a1`[39m[0m.[0m[33m`id`[39m [37m[1mas[22m[39m [33m`a1__id`[39m[0m,[0m [33m`a1`[39m[0m.[0m[33m`username`[39m [37m[1mas[22m[39m [33m`a1__username`[39m[0m,[0m [33m`a1`[39m[0m.[0m[33m`email`[39m [37m[1mas[22m[39m [33m`a1__email`[39m[0m,[0m [33m`a1`[39m[0m.[0m[33m`bio`[39m [37m[1mas[22m[39m [33m`a1__bio`[39m[0m,[0m [33m`a1`[39m[0m.[0m[33m`image`[39m [37m[1mas[22m[39m [33m`a1__image`[39m[0m,[0m [33m`a1`[39m[0m.[0m[33m`password`[39m [37m[1mas[22m[39m [33m`a1__password`[39m[0m,[0m [33m`c2`[39m[0m.[0m[33m`id`[39m [37m[1mas[22m[39m [33m`c2__id`[39m[0m,[0m [33m`c2`[39m[0m.[0m[33m`created_at`[39m [37m[1mas[22m[39m [33m`c2__created_at`[39m[0m,[0m [33m`c2`[39m[0m.[0m[33m`updated_at`[39m [37m[1mas[22m[39m [33m`c2__updated_at`[39m[0m,[0m [33m`c2`[39m[0m.[0m[33m`body`[39m [37m[1mas[22m[39m [33m`c2__body`[39m[0m,[0m [33m`c2`[39m[0m.[0m[33m`article_id`[39m [37m[1mas[22m[39m [33m`c2__article_id`[39m[0m,[0m [33m`c2`[39m[0m.[0m[33m`author_id`[39m [37m[1mas[22m[39m [33m`c2__author_id`[39m [37m[1mfrom[22m[39m [33m`article`[39m [37m[1mas[22m[39m [33m`a0`[39m [37m[1mleft join[22m[39m [33m`user`[39m [37m[1mas[22m[39m [33m`a1`[39m [37m[1mon[22m[39m [33m`a0`[39m[0m.[0m[33m`author_id`[39m [0m=[0m [33m`a1`[39m[0m.[0m[33m`id`[39m [37m[1mleft join[22m[39m [33m`comment`[39m [37m[1mas[22m[39m [33m`c2`[39m [37m[1mon[22m[39m [33m`a0`[39m[0m.[0m[33m`id`[39m [0m=[0m [33m`c2`[39m[0m.[0m[33m`article_id`[39m [37m[1mwhere[22m[39m [32m1[39m [0m=[0m [32m0[39m[90m [took 0 ms, 0 result][39m
[31m[Nest] 43261  - [39m10/15/2025, 7:17:38 PM [31m  ERROR[39m [38;5;3m[ExceptionsHandler] [39m[31mjwt malformed[39m
JsonWebTokenError: jwt malformed
    at Object.module.exports [as verify] (/workspace/backend/node_modules/jsonwebtoken/verify.js:70:17)
    at AuthMiddleware.use (/workspace/backend/src/user/auth.middleware.ts:16:27)
    at /workspace/backend/node_modules/@nestjs/core/router/router-proxy.js:9:23
    at middlewareFunction (/workspace/backend/node_modules/@nestjs/core/middleware/middleware-module.js:166:28)
    at Layer.handle [as handle_request] (/workspace/backend/node_modules/express/lib/router/layer.js:95:5)
    at next (/workspace/backend/node_modules/express/lib/router/route.js:149:13)
    at Route.dispatch (/workspace/backend/node_modules/express/lib/router/route.js:119:3)
    at Layer.handle [as handle_request] (/workspace/backend/node_modules/express/lib/router/layer.js:95:5)
    at /workspace/backend/node_modules/express/lib/router/index.js:284:15
    at Function.process_params (/workspace/backend/node_modules/express/lib/router/index.js:346:12)
[90m[query] [39m[37m[1mselect[22m[39m [37m[1mcount[22m[39m([0m*[0m) [37m[1mas[22m[39m [33m`count`[39m [37m[1mfrom[22m[39m [33m`user`[39m [37m[1mas[22m[39m [33m`u0`[39m [37m[1mwhere[22m[39m ([33m`u0`[39m[0m.[0m[33m`username`[39m [0m=[0m [33m'testuser'[39m [37m[1mor[22m[39m [33m`u0`[39m[0m.[0m[33m`email`[39m [0m=[0m [33m'testuser@example.com'[39m)[90m [took 1 ms][39m
[90m[query] [39m[37m[1mbegin[22m[39m
[90m[query] [39m[37m[1minsert[22m[39m [37m[1minto[22m[39m [33m`user`[39m ([33m`username`[39m[0m,[0m [33m`email`[39m[0m,[0m [33m`bio`[39m[0m,[0m [33m`image`[39m[0m,[0m [33m`password`[39m) [37m[1mvalues[22m[39m ([33m'testuser'[39m[0m,[0m [33m'testuser@example.com'[39m[0m,[0m [33m''[39m[0m,[0m [33m''[39m[0m,[0m [33m'498c81ea3c7c52027981967388f9fbce0ae0e3c54deb8eb5b249968c07aaf1c9'[39m)[90m [took 7 ms][39m
[90m[query] [39m[37m[1mcommit[22m[39m
[90m[query] [39m[37m[1mselect[22m[39m [33m`u0`[39m[0m.[0m[0m*[0m [37m[1mfrom[22m[39m [33m`user`[39m [37m[1mas[22m[39m [33m`u0`[39m [37m[1mwhere[22m[39m [33m`u0`[39m[0m.[0m[33m`id`[39m [0m=[0m [32m5[39m [37m[1mlimit[22m[39m [32m1[39m[90m [took 1 ms, 1 result][39m
[90m[query] [39m[37m[1mselect[22m[39m [33m`u0`[39m[0m.[0m[33m`id`[39m[0m,[0m [33m`u0`[39m[0m.[0m[33m`username`[39m[0m,[0m [33m`u0`[39m[0m.[0m[33m`email`[39m[0m,[0m [33m`u0`[39m[0m.[0m[33m`bio`[39m[0m,[0m [33m`u0`[39m[0m.[0m[33m`image`[39m[0m,[0m [33m`u0`[39m[0m.[0m[33m`password`[39m[0m,[0m [33m`f1`[39m[0m.[0m[33m`id`[39m [37m[1mas[22m[39m [33m`f1__id`[39m[0m,[0m [33m`f1`[39m[0m.[0m[33m`username`[39m [37m[1mas[22m[39m [33m`f1__username`[39m[0m,[0m [33m`f1`[39m[0m.[0m[33m`email`[39m [37m[1mas[22m[39m [33m`f1__email`[39m[0m,[0m [33m`f1`[39m[0m.[0m[33m`bio`[39m [37m[1mas[22m[39m [33m`f1__bio`[39m[0m,[0m [33m`f1`[39m[0m.[0m[33m`image`[39m [37m[1mas[22m[39m [33m`f1__image`[39m[0m,[0m [33m`f1`[39m[0m.[0m[33m`password`[39m [37m[1mas[22m[39m [33m`f1__password`[39m[0m,[0m [33m`f3`[39m[0m.[0m[33m`id`[39m [37m[1mas[22m[39m [33m`f3__id`[39m[0m,[0m [33m`f3`[39m[0m.[0m[33m`slug`[39m [37m[1mas[22m[39m [33m`f3__slug`[39m[0m,[0m [33m`f3`[39m[0m.[0m[33m`title`[39m [37m[1mas[22m[39m [33m`f3__title`[39m[0m,[0m [33m`f3`[39m[0m.[0m[33m`description`[39m [37m[1mas[22m[39m [33m`f3__description`[39m[0m,[0m [33m`f3`[39m[0m.[0m[33m`body`[39m [37m[1mas[22m[39m [33m`f3__body`[39m[0m,[0m [33m`f3`[39m[0m.[0m[33m`created_at`[39m [37m[1mas[22m[39m [33m`f3__created_at`[39m[0m,[0m [33m`f3`[39m[0m.[0m[33m`updated_at`[39m [37m[1mas[22m[39m [33m`f3__updated_at`[39m[0m,[0m [33m`f3`[39m[0m.[0m[33m`tag_list`[39m [37m[1mas[22m[39m [33m`f3__tag_list`[39m[0m,[0m [33m`f3`[39m[0m.[0m[33m`author_id`[39m [37m[1mas[22m[39m [33m`f3__author_id`[39m[0m,[0m [33m`f3`[39m[0m.[0m[33m`favorites_count`[39m [37m[1mas[22m[39m [33m`f3__favorites_count`[39m[0m,[0m [33m`c5`[39m[0m.[0m[33m`id`[39m [37m[1mas[22m[39m [33m`c5__id`[39m[0m,[0m [33m`c5`[39m[0m.[0m[33m`created_at`[39m [37m[1mas[22m[39m [33m`c5__created_at`[39m[0m,[0m [33m`c5`[39m[0m.[0m[33m`updated_at`[39m [37m[1mas[22m[39m [33m`c5__updated_at`[39m[0m,[0m [33m`c5`[39m[0m.[0m[33m`body`[39m [37m[1mas[22m[39m [33m`c5__body`[39m[0m,[0m [33m`c5`[39m[0m.[0m[33m`article_id`[39m [37m[1mas[22m[39m [33m`c5__article_id`[39m[0m,[0m [33m`c5`[39m[0m.[0m[33m`author_id`[39m [37m[1mas[22m[39m [33m`c5__author_id`[39m[0m,[0m [33m`a6`[39m[0m.[0m[33m`id`[39m [37m[1mas[22m[39m [33m`a6__id`[39m[0m,[0m [33m`a6`[39m[0m.[0m[33m`slug`[39m [37m[1mas[22m[39m [33m`a6__slug`[39m[0m,[0m [33m`a6`[39m[0m.[0m[33m`title`[39m [37m[1mas[22m[39m [33m`a6__title`[39m[0m,[0m [33m`a6`[39m[0m.[0m[33m`description`[39m [37m[1mas[22m[39m [33m`a6__description`[39m[0m,[0m [33m`a6`[39m[0m.[0m[33m`body`[39m [37m[1mas[22m[39m [33m`a6__body`[39m[0m,[0m [33m`a6`[39m[0m.[0m[33m`created_at`[39m [37m[1mas[22m[39m [33m`a6__created_at`[39m[0m,[0m [33m`a6`[39m[0m.[0m[33m`updated_at`[39m [37m[1mas[22m[39m [33m`a6__updated_at`[39m[0m,[0m [33m`a6`[39m[0m.[0m[33m`tag_list`[39m [37m[1mas[22m[39m [33m`a6__tag_list`[39m[0m,[0m [33m`a6`[39m[0m.[0m[33m`author_id`[39m [37m[1mas[22m[39m [33m`a6__author_id`[39m[0m,[0m [33m`a6`[39m[0m.[0m[33m`favorites_count`[39m [37m[1mas[22m[39m [33m`a6__favorites_count`[39m[0m,[0m [33m`c7`[39m[0m.[0m[33m`id`[39m [37m[1mas[22m[39m [33m`c7__id`[39m[0m,[0m [33m`c7`[39m[0m.[0m[33m`created_at`[39m [37m[1mas[22m[39m [33m`c7__created_at`[39m[0m,[0m [33m`c7`[39m[0m.[0m[33m`updated_at`[39m [37m[1mas[22m[39m [33m`c7__updated_at`[39m[0m,[0m [33m`c7`[39m[0m.[0m[33m`body`[39m [37m[1mas[22m[39m [33m`c7__body`[39m[0m,[0m [33m`c7`[39m[0m.[0m[33m`article_id`[39m [37m[1mas[22m[39m [33m`c7__article_id`[39m[0m,[0m [33m`c7`[39m[0m.[0m[33m`author_id`[39m [37m[1mas[22m[39m [33m`c7__author_id`[39m [37m[1mfrom[22m[39m [33m`user`[39m [37m[1mas[22m[39m [33m`u0`[39m [37m[1mleft join[22m[39m [33m`user_to_follower`[39m [37m[1mas[22m[39m [33m`u2`[39m [37m[1mon[22m[39m [33m`u0`[39m[0m.[0m[33m`id`[39m [0m=[0m [33m`u2`[39m[0m.[0m[33m`follower`[39m [37m[1mleft join[22m[39m [33m`user`[39m [37m[1mas[22m[39m [33m`f1`[39m [37m[1mon[22m[39m [33m`u2`[39m[0m.[0m[33m`following`[39m [0m=[0m [33m`f1`[39m[0m.[0m[33m`id`[39m [37m[1mleft join[22m[39m [33m`user_favorites`[39m [37m[1mas[22m[39m [33m`u4`[39m [37m[1mon[22m[39m [33m`u0`[39m[0m.[0m[33m`id`[39m [0m=[0m [33m`u4`[39m[0m.[0m[33m`user_id`[39m [37m[1mleft join[22m[39m [33m`article`[39m [37m[1mas[22m[39m [33m`f3`[39m [37m[1mon[22m[39m [33m`u4`[39m[0m.[0m[33m`article_id`[39m [0m=[0m [33m`f3`[39m[0m.[0m[33m`id`[39m [37m[1mleft join[22m[39m [33m`comment`[39m [37m[1mas[22m[39m [33m`c5`[39m [37m[1mon[22m[39m [33m`f3`[39m[0m.[0m[33m`id`[39m [0m=[0m [33m`c5`[39m[0m.[0m[33m`article_id`[39m [37m[1mleft join[22m[39m [33m`article`[39m [37m[1mas[22m[39m [33m`a6`[39m [37m[1mon[22m[39m [33m`u0`[39m[0m.[0m[33m`id`[39m [0m=[0m [33m`a6`[39m[0m.[0m[33m`author_id`[39m [37m[1mleft join[22m[39m [33m`comment`[39m [37m[1mas[22m[39m [33m`c7`[39m [37m[1mon[22m[39m [33m`a6`[39m[0m.[0m[33m`id`[39m [0m=[0m [33m`c7`[39m[0m.[0m[33m`article_id`[39m [37m[1mwhere[22m[39m [33m`u0`[39m[0m.[0m[33m`id`[39m [0m=[0m [32m5[39m[90m [took 2 ms, 1 result][39m
[90m[query] [39m[37m[1mbegin[22m[39m
[90m[query] [39m[37m[1minsert[22m[39m [37m[1minto[22m[39m [33m`article`[39m ([33m`slug`[39m[0m,[0m [33m`title`[39m[0m,[0m [33m`description`[39m[0m,[0m [33m`body`[39m[0m,[0m [33m`created_at`[39m[0m,[0m [33m`updated_at`[39m[0m,[0m [33m`tag_list`[39m[0m,[0m [33m`author_id`[39m[0m,[0m [33m`favorites_count`[39m) [37m[1mvalues[22m[39m ([33m'my-first-test-article-y3bhzz'[39m[0m,[0m [33m'My First Test Article'[39m[0m,[0m [33m'This is a test article'[39m[0m,[0m [33m'Hello World! Testing article creation.'[39m[0m,[0m [33m'2025-10-15 19:19:38.714'[39m[0m,[0m [33m'2025-10-15 19:19:38.714'[39m[0m,[0m [33m'test,backend'[39m[0m,[0m [32m5[39m[0m,[0m [32m0[39m)[90m [took 1 ms][39m
[90m[query] [39m[37m[1mcommit[22m[39m
[90m[query] [39m[37m[1mselect[22m[39m [33m`u0`[39m[0m.[0m[0m*[0m [37m[1mfrom[22m[39m [33m`user`[39m [37m[1mas[22m[39m [33m`u0`[39m [37m[1mwhere[22m[39m [33m`u0`[39m[0m.[0m[33m`id`[39m [0m=[0m [32m3[39m [37m[1mlimit[22m[39m [32m1[39m[90m [took 1 ms, 1 result][39m
[90m[query] [39m[37m[1mselect[22m[39m [33m`u0`[39m[0m.[0m[0m*[0m [37m[1mfrom[22m[39m [33m`user`[39m [37m[1mas[22m[39m [33m`u0`[39m [37m[1mwhere[22m[39m [33m`u0`[39m[0m.[0m[33m`email`[39m [0m=[0m [33m'jcosten0@purevolume.com'[39m [37m[1mlimit[22m[39m [32m1[39m[90m [took 1 ms, 1 result][39m
[90m[query] [39m[37m[1mselect[22m[39m [33m`u0`[39m[0m.[0m[33m`id`[39m[0m,[0m [33m`u0`[39m[0m.[0m[33m`username`[39m[0m,[0m [33m`u0`[39m[0m.[0m[33m`email`[39m[0m,[0m [33m`u0`[39m[0m.[0m[33m`bio`[39m[0m,[0m [33m`u0`[39m[0m.[0m[33m`image`[39m[0m,[0m [33m`u0`[39m[0m.[0m[33m`password`[39m[0m,[0m [33m`f1`[39m[0m.[0m[33m`id`[39m [37m[1mas[22m[39m [33m`f1__id`[39m[0m,[0m [33m`f1`[39m[0m.[0m[33m`username`[39m [37m[1mas[22m[39m [33m`f1__username`[39m[0m,[0m [33m`f1`[39m[0m.[0m[33m`email`[39m [37m[1mas[22m[39m [33m`f1__email`[39m[0m,[0m [33m`f1`[39m[0m.[0m[33m`bio`[39m [37m[1mas[22m[39m [33m`f1__bio`[39m[0m,[0m [33m`f1`[39m[0m.[0m[33m`image`[39m [37m[1mas[22m[39m [33m`f1__image`[39m[0m,[0m [33m`f1`[39m[0m.[0m[33m`password`[39m [37m[1mas[22m[39m [33m`f1__password`[39m [37m[1mfrom[22m[39m [33m`user`[39m [37m[1mas[22m[39m [33m`u0`[39m [37m[1mleft join[22m[39m [33m`user_to_follower`[39m [37m[1mas[22m[39m [33m`u2`[39m [37m[1mon[22m[39m [33m`u0`[39m[0m.[0m[33m`id`[39m [0m=[0m [33m`u2`[39m[0m.[0m[33m`follower`[39m [37m[1mleft join[22m[39m [33m`user`[39m [37m[1mas[22m[39m [33m`f1`[39m [37m[1mon[22m[39m [33m`u2`[39m[0m.[0m[33m`following`[39m [0m=[0m [33m`f1`[39m[0m.[0m[33m`id`[39m [37m[1mwhere[22m[39m [33m`u0`[39m[0m.[0m[33m`username`[39m [0m=[0m [33m'John Costen'[39m[90m [took 1 ms, 1 result][39m
[90m[query] [39m[37m[1mselect[22m[39m [33m`u0`[39m[0m.[0m[33m`id`[39m[0m,[0m [33m`u0`[39m[0m.[0m[33m`username`[39m[0m,[0m [33m`u0`[39m[0m.[0m[33m`email`[39m[0m,[0m [33m`u0`[39m[0m.[0m[33m`bio`[39m[0m,[0m [33m`u0`[39m[0m.[0m[33m`image`[39m[0m,[0m [33m`u0`[39m[0m.[0m[33m`password`[39m[0m,[0m [33m`f1`[39m[0m.[0m[33m`id`[39m [37m[1mas[22m[39m [33m`f1__id`[39m[0m,[0m [33m`f1`[39m[0m.[0m[33m`username`[39m [37m[1mas[22m[39m [33m`f1__username`[39m[0m,[0m [33m`f1`[39m[0m.[0m[33m`email`[39m [37m[1mas[22m[39m [33m`f1__email`[39m[0m,[0m [33m`f1`[39m[0m.[0m[33m`bio`[39m [37m[1mas[22m[39m [33m`f1__bio`[39m[0m,[0m [33m`f1`[39m[0m.[0m[33m`image`[39m [37m[1mas[22m[39m [33m`f1__image`[39m[0m,[0m [33m`f1`[39m[0m.[0m[33m`password`[39m [37m[1mas[22m[39m [33m`f1__password`[39m[0m,[0m [33m`f3`[39m[0m.[0m[33m`id`[39m [37m[1mas[22m[39m [33m`f3__id`[39m[0m,[0m [33m`f3`[39m[0m.[0m[33m`slug`[39m [37m[1mas[22m[39m [33m`f3__slug`[39m[0m,[0m [33m`f3`[39m[0m.[0m[33m`title`[39m [37m[1mas[22m[39m [33m`f3__title`[39m[0m,[0m [33m`f3`[39m[0m.[0m[33m`description`[39m [37m[1mas[22m[39m [33m`f3__description`[39m[0m,[0m [33m`f3`[39m[0m.[0m[33m`body`[39m [37m[1mas[22m[39m [33m`f3__body`[39m[0m,[0m [33m`f3`[39m[0m.[0m[33m`created_at`[39m [37m[1mas[22m[39m [33m`f3__created_at`[39m[0m,[0m [33m`f3`[39m[0m.[0m[33m`updated_at`[39m [37m[1mas[22m[39m [33m`f3__updated_at`[39m[0m,[0m [33m`f3`[39m[0m.[0m[33m`tag_list`[39m [37m[1mas[22m[39m [33m`f3__tag_list`[39m[0m,[0m [33m`f3`[39m[0m.[0m[33m`author_id`[39m [37m[1mas[22m[39m [33m`f3__author_id`[39m[0m,[0m [33m`f3`[39m[0m.[0m[33m`favorites_count`[39m [37m[1mas[22m[39m [33m`f3__favorites_count`[39m[0m,[0m [33m`c5`[39m[0m.[0m[33m`id`[39m [37m[1mas[22m[39m [33m`c5__id`[39m[0m,[0m [33m`c5`[39m[0m.[0m[33m`created_at`[39m [37m[1mas[22m[39m [33m`c5__created_at`[39m[0m,[0m [33m`c5`[39m[0m.[0m[33m`updated_at`[39m [37m[1mas[22m[39m [33m`c5__updated_at`[39m[0m,[0m [33m`c5`[39m[0m.[0m[33m`body`[39m [37m[1mas[22m[39m [33m`c5__body`[39m[0m,[0m [33m`c5`[39m[0m.[0m[33m`article_id`[39m [37m[1mas[22m[39m [33m`c5__article_id`[39m[0m,[0m [33m`c5`[39m[0m.[0m[33m`author_id`[39m [37m[1mas[22m[39m [33m`c5__author_id`[39m [37m[1mfrom[22m[39m [33m`user`[39m [37m[1mas[22m[39m [33m`u0`[39m [37m[1mleft join[22m[39m [33m`user_to_follower`[39m [37m[1mas[22m[39m [33m`u2`[39m [37m[1mon[22m[39m [33m`u0`[39m[0m.[0m[33m`id`[39m [0m=[0m [33m`u2`[39m[0m.[0m[33m`follower`[39m [37m[1mleft join[22m[39m [33m`user`[39m [37m[1mas[22m[39m [33m`f1`[39m [37m[1mon[22m[39m [33m`u2`[39m[0m.[0m[33m`following`[39m [0m=[0m [33m`f1`[39m[0m.[0m[33m`id`[39m [37m[1mleft join[22m[39m [33m`user_favorites`[39m [37m[1mas[22m[39m [33m`u4`[39m [37m[1mon[22m[39m [33m`u0`[39m[0m.[0m[33m`id`[39m [0m=[0m [33m`u4`[39m[0m.[0m[33m`user_id`[39m [37m[1mleft join[22m[39m [33m`article`[39m [37m[1mas[22m[39m [33m`f3`[39m [37m[1mon[22m[39m [33m`u4`[39m[0m.[0m[33m`article_id`[39m [0m=[0m [33m`f3`[39m[0m.[0m[33m`id`[39m [37m[1mleft join[22m[39m [33m`comment`[39m [37m[1mas[22m[39m [33m`c5`[39m [37m[1mon[22m[39m [33m`f3`[39m[0m.[0m[33m`id`[39m [0m=[0m [33m`c5`[39m[0m.[0m[33m`article_id`[39m [37m[1mwhere[22m[39m [33m`u0`[39m[0m.[0m[33m`id`[39m [0m=[0m [32m3[39m[90m [took 3 ms, 1 result][39m
[90m[query] [39m[37m[1mselect[22m[39m [33m`u0`[39m[0m.[0m[0m*[0m [37m[1mfrom[22m[39m [33m`user`[39m [37m[1mas[22m[39m [33m`u0`[39m [37m[1mwhere[22m[39m [33m`u0`[39m[0m.[0m[33m`username`[39m [0m=[0m [33m'John Costen'[39m [37m[1mlimit[22m[39m [32m1[39m[90m [took 1 ms, 1 result][39m
[90m[query] [39m[37m[1mselect[22m[39m [37m[1mcount[22m[39m([37m[1mdistinct[22m[39m [33m`a`[39m[0m.[0m[33m`id`[39m) [37m[1mas[22m[39m [33m`count`[39m [37m[1mfrom[22m[39m [33m`article`[39m [37m[1mas[22m[39m [33m`a`[39m [37m[1mleft join[22m[39m [33m`user`[39m [37m[1mas[22m[39m [33m`u`[39m [37m[1mon[22m[39m [33m`a`[39m[0m.[0m[33m`author_id`[39m [0m=[0m [33m`u`[39m[0m.[0m[33m`id`[39m [37m[1mwhere[22m[39m [33m`a`[39m[0m.[0m[33m`author_id`[39m [0m=[0m [32m3[39m [37m[1morder by[22m[39m [33m`a`[39m[0m.[0m[33m`created_at`[39m [37m[1mdesc[22m[39m[90m [took 1 ms][39m
[90m[query] [39m[37m[1mselect[22m[39m [33m`a`[39m[0m.[0m[0m*[0m [37m[1mfrom[22m[39m [33m`article`[39m [37m[1mas[22m[39m [33m`a`[39m [37m[1mleft join[22m[39m [33m`user`[39m [37m[1mas[22m[39m [33m`u`[39m [37m[1mon[22m[39m [33m`a`[39m[0m.[0m[33m`author_id`[39m [0m=[0m [33m`u`[39m[0m.[0m[33m`id`[39m [37m[1mwhere[22m[39m [33m`a`[39m[0m.[0m[33m`author_id`[39m [0m=[0m [32m3[39m [37m[1morder by[22m[39m [33m`a`[39m[0m.[0m[33m`created_at`[39m [37m[1mdesc[22m[39m [37m[1mlimit[22m[39m [32m10[39m[90m [took 1 ms, 0 result][39m
[90m[query] [39m[37m[1mselect[22m[39m [33m`a0`[39m[0m.[0m[33m`id`[39m[0m,[0m [33m`a0`[39m[0m.[0m[33m`slug`[39m[0m,[0m [33m`a0`[39m[0m.[0m[33m`title`[39m[0m,[0m [33m`a0`[39m[0m.[0m[33m`description`[39m[0m,[0m [33m`a0`[39m[0m.[0m[33m`body`[39m[0m,[0m [33m`a0`[39m[0m.[0m[33m`created_at`[39m[0m,[0m [33m`a0`[39m[0m.[0m[33m`updated_at`[39m[0m,[0m [33m`a0`[39m[0m.[0m[33m`tag_list`[39m[0m,[0m [33m`a0`[39m[0m.[0m[33m`author_id`[39m[0m,[0m [33m`a0`[39m[0m.[0m[33m`favorites_count`[39m[0m,[0m [33m`a1`[39m[0m.[0m[33m`id`[39m [37m[1mas[22m[39m [33m`a1__id`[39m[0m,[0m [33m`a1`[39m[0m.[0m[33m`username`[39m [37m[1mas[22m[39m [33m`a1__username`[39m[0m,[0m [33m`a1`[39m[0m.[0m[33m`email`[39m [37m[1mas[22m[39m [33m`a1__email`[39m[0m,[0m [33m`a1`[39m[0m.[0m[33m`bio`[39m [37m[1mas[22m[39m [33m`a1__bio`[39m[0m,[0m [33m`a1`[39m[0m.[0m[33m`image`[39m [37m[1mas[22m[39m [33m`a1__image`[39m[0m,[0m [33m`a1`[39m[0m.[0m[33m`password`[39m [37m[1mas[22m[39m [33m`a1__password`[39m[0m,[0m [33m`c2`[39m[0m.[0m[33m`id`[39m [37m[1mas[22m[39m [33m`c2__id`[39m[0m,[0m [33m`c2`[39m[0m.[0m[33m`created_at`[39m [37m[1mas[22m[39m [33m`c2__created_at`[39m[0m,[0m [33m`c2`[39m[0m.[0m[33m`updated_at`[39m [37m[1mas[22m[39m [33m`c2__updated_at`[39m[0m,[0m [33m`c2`[39m[0m.[0m[33m`body`[39m [37m[1mas[22m[39m [33m`c2__body`[39m[0m,[0m [33m`c2`[39m[0m.[0m[33m`article_id`[39m [37m[1mas[22m[39m [33m`c2__article_id`[39m[0m,[0m [33m`c2`[39m[0m.[0m[33m`author_id`[39m [37m[1mas[22m[39m [33m`c2__author_id`[39m [37m[1mfrom[22m[39m [33m`article`[39m [37m[1mas[22m[39m [33m`a0`[39m [37m[1mleft join[22m[39m [33m`user`[39m [37m[1mas[22m[39m [33m`a1`[39m [37m[1mon[22m[39m [33m`a0`[39m[0m.[0m[33m`author_id`[39m [0m=[0m [33m`a1`[39m[0m.[0m[33m`id`[39m [37m[1mleft join[22m[39m [33m`comment`[39m [37m[1mas[22m[39m [33m`c2`[39m [37m[1mon[22m[39m [33m`a0`[39m[0m.[0m[33m`id`[39m [0m=[0m [33m`c2`[39m[0m.[0m[33m`article_id`[39m [37m[1mwhere[22m[39m [32m1[39m [0m=[0m [32m0[39m[90m [took 3 ms, 0 result][39m
[90m[query] [39m[37m[1mselect[22m[39m [33m`u0`[39m[0m.[0m[0m*[0m [37m[1mfrom[22m[39m [33m`user`[39m [37m[1mas[22m[39m [33m`u0`[39m [37m[1mwhere[22m[39m [33m`u0`[39m[0m.[0m[33m`id`[39m [0m=[0m [32m3[39m [37m[1mlimit[22m[39m [32m1[39m[90m [took 1 ms, 1 result][39m
[90m[query] [39m[37m[1mselect[22m[39m [33m`u0`[39m[0m.[0m[33m`id`[39m[0m,[0m [33m`u0`[39m[0m.[0m[33m`username`[39m[0m,[0m [33m`u0`[39m[0m.[0m[33m`email`[39m[0m,[0m [33m`u0`[39m[0m.[0m[33m`bio`[39m[0m,[0m [33m`u0`[39m[0m.[0m[33m`image`[39m[0m,[0m [33m`u0`[39m[0m.[0m[33m`password`[39m[0m,[0m [33m`f1`[39m[0m.[0m[33m`id`[39m [37m[1mas[22m[39m [33m`f1__id`[39m[0m,[0m [33m`f1`[39m[0m.[0m[33m`username`[39m [37m[1mas[22m[39m [33m`f1__username`[39m[0m,[0m [33m`f1`[39m[0m.[0m[33m`email`[39m [37m[1mas[22m[39m [33m`f1__email`[39m[0m,[0m [33m`f1`[39m[0m.[0m[33m`bio`[39m [37m[1mas[22m[39m [33m`f1__bio`[39m[0m,[0m [33m`f1`[39m[0m.[0m[33m`image`[39m [37m[1mas[22m[39m [33m`f1__image`[39m[0m,[0m [33m`f1`[39m[0m.[0m[33m`password`[39m [37m[1mas[22m[39m [33m`f1__password`[39m[0m,[0m [33m`f3`[39m[0m.[0m[33m`id`[39m [37m[1mas[22m[39m [33m`f3__id`[39m[0m,[0m [33m`f3`[39m[0m.[0m[33m`slug`[39m [37m[1mas[22m[39m [33m`f3__slug`[39m[0m,[0m [33m`f3`[39m[0m.[0m[33m`title`[39m [37m[1mas[22m[39m [33m`f3__title`[39m[0m,[0m [33m`f3`[39m[0m.[0m[33m`description`[39m [37m[1mas[22m[39m [33m`f3__description`[39m[0m,[0m [33m`f3`[39m[0m.[0m[33m`body`[39m [37m[1mas[22m[39m [33m`f3__body`[39m[0m,[0m [33m`f3`[39m[0m.[0m[33m`created_at`[39m [37m[1mas[22m[39m [33m`f3__created_at`[39m[0m,[0m [33m`f3`[39m[0m.[0m[33m`updated_at`[39m [37m[1mas[22m[39m [33m`f3__updated_at`[39m[0m,[0m [33m`f3`[39m[0m.[0m[33m`tag_list`[39m [37m[1mas[22m[39m [33m`f3__tag_list`[39m[0m,[0m [33m`f3`[39m[0m.[0m[33m`author_id`[39m [37m[1mas[22m[39m [33m`f3__author_id`[39m[0m,[0m [33m`f3`[39m[0m.[0m[33m`favorites_count`[39m [37m[1mas[22m[39m [33m`f3__favorites_count`[39m[0m,[0m [33m`c5`[39m[0m.[0m[33m`id`[39m [37m[1mas[22m[39m [33m`c5__id`[39m[0m,[0m [33m`c5`[39m[0m.[0m[33m`created_at`[39m [37m[1mas[22m[39m [33m`c5__created_at`[39m[0m,[0m [33m`c5`[39m[0m.[0m[33m`updated_at`[39m [37m[1mas[22m[39m [33m`c5__updated_at`[39m[0m,[0m [33m`c5`[39m[0m.[0m[33m`body`[39m [37m[1mas[22m[39m [33m`c5__body`[39m[0m,[0m [33m`c5`[39m[0m.[0m[33m`article_id`[39m [37m[1mas[22m[39m [33m`c5__article_id`[39m[0m,[0m [33m`c5`[39m[0m.[0m[33m`author_id`[39m [37m[1mas[22m[39m [33m`c5__author_id`[39m [37m[1mfrom[22m[39m [33m`user`[39m [37m[1mas[22m[39m [33m`u0`[39m [37m[1mleft join[22m[39m [33m`user_to_follower`[39m [37m[1mas[22m[39m [33m`u2`[39m [37m[1mon[22m[39m [33m`u0`[39m[0m.[0m[33m`id`[39m [0m=[0m [33m`u2`[39m[0m.[0m[33m`follower`[39m [37m[1mleft join[22m[39m [33m`user`[39m [37m[1mas[22m[39m [33m`f1`[39m [37m[1mon[22m[39m [33m`u2`[39m[0m.[0m[33m`following`[39m [0m=[0m [33m`f1`[39m[0m.[0m[33m`id`[39m [37m[1mleft join[22m[39m [33m`user_favorites`[39m [37m[1mas[22m[39m [33m`u4`[39m [37m[1mon[22m[39m [33m`u0`[39m[0m.[0m[33m`id`[39m [0m=[0m [33m`u4`[39m[0m.[0m[33m`user_id`[39m [37m[1mleft join[22m[39m [33m`article`[39m [37m[1mas[22m[39m [33m`f3`[39m [37m[1mon[22m[39m [33m`u4`[39m[0m.[0m[33m`article_id`[39m [0m=[0m [33m`f3`[39m[0m.[0m[33m`id`[39m [37m[1mleft join[22m[39m [33m`comment`[39m [37m[1mas[22m[39m [33m`c5`[39m [37m[1mon[22m[39m [33m`f3`[39m[0m.[0m[33m`id`[39m [0m=[0m [33m`c5`[39m[0m.[0m[33m`article_id`[39m [37m[1mwhere[22m[39m [33m`u0`[39m[0m.[0m[33m`id`[39m [0m=[0m [32m3[39m[90m [took 0 ms, 1 result][39m
[90m[query] [39m[37m[1mselect[22m[39m [37m[1mcount[22m[39m([37m[1mdistinct[22m[39m [33m`a0`[39m[0m.[0m[33m`id`[39m) [37m[1mas[22m[39m [33m`count`[39m [37m[1mfrom[22m[39m [33m`article`[39m [37m[1mas[22m[39m [33m`a0`[39m [37m[1mleft join[22m[39m [33m`user`[39m [37m[1mas[22m[39m [33m`u1`[39m [37m[1mon[22m[39m [33m`a0`[39m[0m.[0m[33m`author_id`[39m [0m=[0m [33m`u1`[39m[0m.[0m[33m`id`[39m [37m[1mleft join[22m[39m [33m`user_to_follower`[39m [37m[1mas[22m[39m [33m`u2`[39m [37m[1mon[22m[39m [33m`u1`[39m[0m.[0m[33m`id`[39m [0m=[0m [33m`u2`[39m[0m.[0m[33m`follower`[39m [37m[1mwhere[22m[39m [33m`u2`[39m[0m.[0m[33m`following`[39m [0m=[0m [32m3[39m[90m [took 1 ms][39m
[90m[query] [39m[37m[1mselect[22m[39m [33m`a0`[39m[0m.[0m[33m`id`[39m[0m,[0m [33m`a0`[39m[0m.[0m[33m`slug`[39m[0m,[0m [33m`a0`[39m[0m.[0m[33m`title`[39m[0m,[0m [33m`a0`[39m[0m.[0m[33m`description`[39m[0m,[0m [33m`a0`[39m[0m.[0m[33m`body`[39m[0m,[0m [33m`a0`[39m[0m.[0m[33m`created_at`[39m[0m,[0m [33m`a0`[39m[0m.[0m[33m`updated_at`[39m[0m,[0m [33m`a0`[39m[0m.[0m[33m`tag_list`[39m[0m,[0m [33m`a0`[39m[0m.[0m[33m`author_id`[39m[0m,[0m [33m`a0`[39m[0m.[0m[33m`favorites_count`[39m[0m,[0m [33m`a1`[39m[0m.[0m[33m`id`[39m [37m[1mas[22m[39m [33m`a1__id`[39m[0m,[0m [33m`a1`[39m[0m.[0m[33m`username`[39m [37m[1mas[22m[39m [33m`a1__username`[39m[0m,[0m [33m`a1`[39m[0m.[0m[33m`email`[39m [37m[1mas[22m[39m [33m`a1__email`[39m[0m,[0m [33m`a1`[39m[0m.[0m[33m`bio`[39m [37m[1mas[22m[39m [33m`a1__bio`[39m[0m,[0m [33m`a1`[39m[0m.[0m[33m`image`[39m [37m[1mas[22m[39m [33m`a1__image`[39m[0m,[0m [33m`a1`[39m[0m.[0m[33m`password`[39m [37m[1mas[22m[39m [33m`a1__password`[39m[0m,[0m [33m`c2`[39m[0m.[0m[33m`id`[39m [37m[1mas[22m[39m [33m`c2__id`[39m[0m,[0m [33m`c2`[39m[0m.[0m[33m`created_at`[39m [37m[1mas[22m[39m [33m`c2__created_at`[39m[0m,[0m [33m`c2`[39m[0m.[0m[33m`updated_at`[39m [37m[1mas[22m[39m [33m`c2__updated_at`[39m[0m,[0m [33m`c2`[39m[0m.[0m[33m`body`[39m [37m[1mas[22m[39m [33m`c2__body`[39m[0m,[0m [33m`c2`[39m[0m.[0m[33m`article_id`[39m [37m[1mas[22m[39m [33m`c2__article_id`[39m[0m,[0m [33m`c2`[39m[0m.[0m[33m`author_id`[39m [37m[1mas[22m[39m [33m`c2__author_id`[39m [37m[1mfrom[22m[39m [33m`article`[39m [37m[1mas[22m[39m [33m`a0`[39m [37m[1mleft join[22m[39m [33m`user`[39m [37m[1mas[22m[39m [33m`a1`[39m [37m[1mon[22m[39m [33m`a0`[39m[0m.[0m[33m`author_id`[39m [0m=[0m [33m`a1`[39m[0m.[0m[33m`id`[39m [37m[1mleft join[22m[39m [33m`comment`[39m [37m[1mas[22m[39m [33m`c2`[39m [37m[1mon[22m[39m [33m`a0`[39m[0m.[0m[33m`id`[39m [0m=[0m [33m`c2`[39m[0m.[0m[33m`article_id`[39m [37m[1mleft join[22m[39m [33m`user_to_follower`[39m [37m[1mas[22m[39m [33m`u3`[39m [37m[1mon[22m[39m [33m`a1`[39m[0m.[0m[33m`id`[39m [0m=[0m [33m`u3`[39m[0m.[0m[33m`follower`[39m [37m[1mwhere[22m[39m [33m`a0`[39m[0m.[0m[33m`id`[39m [37m[1min[22m[39m ([37m[1mselect[22m[39m [33m`a0`[39m[0m.[0m[33m`id`[39m [37m[1mfrom[22m[39m ([37m[1mselect[22m[39m [33m`a0`[39m[0m.[0m[33m`id`[39m [37m[1mfrom[22m[39m [33m`article`[39m [37m[1mas[22m[39m [33m`a0`[39m [37m[1mleft join[22m[39m [33m`user`[39m [37m[1mas[22m[39m [33m`a1`[39m [37m[1mon[22m[39m [33m`a0`[39m[0m.[0m[33m`author_id`[39m [0m=[0m [33m`a1`[39m[0m.[0m[33m`id`[39m [37m[1mleft join[22m[39m [33m`comment`[39m [37m[1mas[22m[39m [33m`c2`[39m [37m[1mon[22m[39m [33m`a0`[39m[0m.[0m[33m`id`[39m [0m=[0m [33m`c2`[39m[0m.[0m[33m`article_id`[39m [37m[1mleft join[22m[39m [33m`user_to_follower`[39m [37m[1mas[22m[39m [33m`u3`[39m [37m[1mon[22m[39m [33m`a1`[39m[0m.[0m[33m`id`[39m [0m=[0m [33m`u3`[39m[0m.[0m[33m`follower`[39m [37m[1mwhere[22m[39m [33m`u3`[39m[0m.[0m[33m`following`[39m [0m=[0m [32m3[39m [37m[1mgroup by[22m[39m [33m`a0`[39m[0m.[0m[33m`id`[39m [37m[1morder by[22m[39m [37m[1mmin[22m[39m([33m`a0`[39m[0m.[0m[33m`created_at`[39m) [37m[1mdesc[22m[39m [37m[1mlimit[22m[39m [32m10[39m) [37m[1mas[22m[39m [33m`a0`[39m) [37m[1morder by[22m[39m [33m`a0`[39m[0m.[0m[33m`created_at`[39m [37m[1mdesc[22m[39m[90m [took 1 ms, 2 results][39m
findFeed {
  articles: [
    Article {
      id: 1,
      slug: 'how-to-do-something',
      title: 'How to do something',
      description: 'Lorem ipsum dolor sit amet',
      body: 'Lorem ipsum dolor sit amet, consectetur adipiscing elit. Sed euismod, diam id aliquam aliquam, nunc ipsum aliquet nunc, vitae aliq',
      createdAt: 2025-10-15T17:52:09.000Z,
      updatedAt: 2025-10-15T17:52:09.000Z,
      tagList: [Array],
      author: [User],
      favoritesCount: 3,
      comments: [Collection<Comment>]
    },
    Article {
      id: 2,
      slug: 'how-to-do-something-else',
      title: 'How to do something else',
      description: 'Sed euismod',
      body: 'Sed euismod, diam id aliquam aliquam, nunc i consectetur adipiscing elit. Sed euismod, diam id aliquam aliquam, nunc ipsum aliquet nunc, vitae aliq',
      createdAt: 2025-10-15T17:52:09.000Z,
      updatedAt: 2025-10-15T17:52:09.000Z,
      tagList: [Array],
      author: [User],
      favoritesCount: 7,
      comments: [Collection<Comment>]
    }
  ],
  articlesCount: 2
}
[90m[query] [39m[37m[1mselect[22m[39m [33m`u0`[39m[0m.[0m[33m`id`[39m[0m,[0m [33m`u0`[39m[0m.[0m[33m`username`[39m[0m,[0m [33m`u0`[39m[0m.[0m[33m`email`[39m[0m,[0m [33m`u0`[39m[0m.[0m[33m`bio`[39m[0m,[0m [33m`u0`[39m[0m.[0m[33m`image`[39m[0m,[0m [33m`u0`[39m[0m.[0m[33m`password`[39m[0m,[0m [33m`f1`[39m[0m.[0m[33m`id`[39m [37m[1mas[22m[39m [33m`f1__id`[39m[0m,[0m [33m`f1`[39m[0m.[0m[33m`username`[39m [37m[1mas[22m[39m [33m`f1__username`[39m[0m,[0m [33m`f1`[39m[0m.[0m[33m`email`[39m [37m[1mas[22m[39m [33m`f1__email`[39m[0m,[0m [33m`f1`[39m[0m.[0m[33m`bio`[39m [37m[1mas[22m[39m [33m`f1__bio`[39m[0m,[0m [33m`f1`[39m[0m.[0m[33m`image`[39m [37m[1mas[22m[39m [33m`f1__image`[39m[0m,[0m [33m`f1`[39m[0m.[0m[33m`password`[39m [37m[1mas[22m[39m [33m`f1__password`[39m[0m,[0m [33m`f3`[39m[0m.[0m[33m`id`[39m [37m[1mas[22m[39m [33m`f3__id`[39m[0m,[0m [33m`f3`[39m[0m.[0m[33m`slug`[39m [37m[1mas[22m[39m [33m`f3__slug`[39m[0m,[0m [33m`f3`[39m[0m.[0m[33m`title`[39m [37m[1mas[22m[39m [33m`f3__title`[39m[0m,[0m [33m`f3`[39m[0m.[0m[33m`description`[39m [37m[1mas[22m[39m [33m`f3__description`[39m[0m,[0m [33m`f3`[39m[0m.[0m[33m`body`[39m [37m[1mas[22m[39m [33m`f3__body`[39m[0m,[0m [33m`f3`[39m[0m.[0m[33m`created_at`[39m [37m[1mas[22m[39m [33m`f3__created_at`[39m[0m,[0m [33m`f3`[39m[0m.[0m[33m`updated_at`[39m [37m[1mas[22m[39m [33m`f3__updated_at`[39m[0m,[0m [33m`f3`[39m[0m.[0m[33m`tag_list`[39m [37m[1mas[22m[39m [33m`f3__tag_list`[39m[0m,[0m [33m`f3`[39m[0m.[0m[33m`author_id`[39m [37m[1mas[22m[39m [33m`f3__author_id`[39m[0m,[0m [33m`f3`[39m[0m.[0m[33m`favorites_count`[39m [37m[1mas[22m[39m [33m`f3__favorites_count`[39m[0m,[0m [33m`c5`[39m[0m.[0m[33m`id`[39m [37m[1mas[22m[39m [33m`c5__id`[39m[0m,[0m [33m`c5`[39m[0m.[0m[33m`created_at`[39m [37m[1mas[22m[39m [33m`c5__created_at`[39m[0m,[0m [33m`c5`[39m[0m.[0m[33m`updated_at`[39m [37m[1mas[22m[39m [33m`c5__updated_at`[39m[0m,[0m [33m`c5`[39m[0m.[0m[33m`body`[39m [37m[1mas[22m[39m [33m`c5__body`[39m[0m,[0m [33m`c5`[39m[0m.[0m[33m`article_id`[39m [37m[1mas[22m[39m [33m`c5__article_id`[39m[0m,[0m [33m`c5`[39m[0m.[0m[33m`author_id`[39m [37m[1mas[22m[39m [33m`c5__author_id`[39m [37m[1mfrom[22m[39m [33m`user`[39m [37m[1mas[22m[39m [33m`u0`[39m [37m[1mleft join[22m[39m [33m`user_to_follower`[39m [37m[1mas[22m[39m [33m`u2`[39m [37m[1mon[22m[39m [33m`u0`[39m[0m.[0m[33m`id`[39m [0m=[0m [33m`u2`[39m[0m.[0m[33m`follower`[39m [37m[1mleft join[22m[39m [33m`user`[39m [37m[1mas[22m[39m [33m`f1`[39m [37m[1mon[22m[39m [33m`u2`[39m[0m.[0m[33m`following`[39m [0m=[0m [33m`f1`[39m[0m.[0m[33m`id`[39m [37m[1mleft join[22m[39m [33m`user_favorites`[39m [37m[1mas[22m[39m [33m`u4`[39m [37m[1mon[22m[39m [33m`u0`[39m[0m.[0m[33m`id`[39m [0m=[0m [33m`u4`[39m[0m.[0m[33m`user_id`[39m [37m[1mleft join[22m[39m [33m`article`[39m [37m[1mas[22m[39m [33m`f3`[39m [37m[1mon[22m[39m [33m`u4`[39m[0m.[0m[33m`article_id`[39m [0m=[0m [33m`f3`[39m[0m.[0m[33m`id`[39m [37m[1mleft join[22m[39m [33m`comment`[39m [37m[1mas[22m[39m [33m`c5`[39m [37m[1mon[22m[39m [33m`f3`[39m[0m.[0m[33m`id`[39m [0m=[0m [33m`c5`[39m[0m.[0m[33m`article_id`[39m [37m[1mwhere[22m[39m [33m`u0`[39m[0m.[0m[33m`id`[39m [0m=[0m [32m3[39m[90m [took 1 ms, 1 result][39m
[90m[query] [39m[37m[1mselect[22m[39m [33m`u0`[39m[0m.[0m[33m`id`[39m[0m,[0m [33m`u0`[39m[0m.[0m[33m`username`[39m[0m,[0m [33m`u0`[39m[0m.[0m[33m`email`[39m[0m,[0m [33m`u0`[39m[0m.[0m[33m`bio`[39m[0m,[0m [33m`u0`[39m[0m.[0m[33m`image`[39m[0m,[0m [33m`u0`[39m[0m.[0m[33m`password`[39m[0m,[0m [33m`f1`[39m[0m.[0m[33m`id`[39m [37m[1mas[22m[39m [33m`f1__id`[39m[0m,[0m [33m`f1`[39m[0m.[0m[33m`slug`[39m [37m[1mas[22m[39m [33m`f1__slug`[39m[0m,[0m [33m`f1`[39m[0m.[0m[33m`title`[39m [37m[1mas[22m[39m [33m`f1__title`[39m[0m,[0m [33m`f1`[39m[0m.[0m[33m`description`[39m [37m[1mas[22m[39m [33m`f1__description`[39m[0m,[0m [33m`f1`[39m[0m.[0m[33m`body`[39m [37m[1mas[22m[39m [33m`f1__body`[39m[0m,[0m [33m`f1`[39m[0m.[0m[33m`created_at`[39m [37m[1mas[22m[39m [33m`f1__created_at`[39m[0m,[0m [33m`f1`[39m[0m.[0m[33m`updated_at`[39m [37m[1mas[22m[39m [33m`f1__updated_at`[39m[0m,[0m [33m`f1`[39m[0m.[0m[33m`tag_list`[39m [37m[1mas[22m[39m [33m`f1__tag_list`[39m[0m,[0m [33m`f1`[39m[0m.[0m[33m`author_id`[39m [37m[1mas[22m[39m [33m`f1__author_id`[39m[0m,[0m [33m`f1`[39m[0m.[0m[33m`favorites_count`[39m [37m[1mas[22m[39m [33m`f1__favorites_count`[39m[0m,[0m [33m`c3`[39m[0m.[0m[33m`id`[39m [37m[1mas[22m[39m [33m`c3__id`[39m[0m,[0m [33m`c3`[39m[0m.[0m[33m`created_at`[39m [37m[1mas[22m[39m [33m`c3__created_at`[39m[0m,[0m [33m`c3`[39m[0m.[0m[33m`updated_at`[39m [37m[1mas[22m[39m [33m`c3__updated_at`[39m[0m,[0m [33m`c3`[39m[0m.[0m[33m`body`[39m [37m[1mas[22m[39m [33m`c3__body`[39m[0m,[0m [33m`c3`[39m[0m.[0m[33m`article_id`[39m [37m[1mas[22m[39m [33m`c3__article_id`[39m[0m,[0m [33m`c3`[39m[0m.[0m[33m`author_id`[39m [37m[1mas[22m[39m [33m`c3__author_id`[39m [37m[1mfrom[22m[39m [33m`user`[39m [37m[1mas[22m[39m [33m`u0`[39m [37m[1mleft join[22m[39m [33m`user_favorites`[39m [37m[1mas[22m[39m [33m`u2`[39m [37m[1mon[22m[39m [33m`u0`[39m[0m.[0m[33m`id`[39m [0m=[0m [33m`u2`[39m[0m.[0m[33m`user_id`[39m [37m[1mleft join[22m[39m [33m`article`[39m [37m[1mas[22m[39m [33m`f1`[39m [37m[1mon[22m[39m [33m`u2`[39m[0m.[0m[33m`article_id`[39m [0m=[0m [33m`f1`[39m[0m.[0m[33m`id`[39m [37m[1mleft join[22m[39m [33m`comment`[39m [37m[1mas[22m[39m [33m`c3`[39m [37m[1mon[22m[39m [33m`f1`[39m[0m.[0m[33m`id`[39m [0m=[0m [33m`c3`[39m[0m.[0m[33m`article_id`[39m [37m[1mwhere[22m[39m [33m`u0`[39m[0m.[0m[33m`username`[39m [0m=[0m [33m'John Costen'[39m[90m [took 1 ms, 1 result][39m
[90m[query] [39m[37m[1mselect[22m[39m [37m[1mcount[22m[39m([37m[1mdistinct[22m[39m [33m`a`[39m[0m.[0m[33m`id`[39m) [37m[1mas[22m[39m [33m`count`[39m [37m[1mfrom[22m[39m [33m`article`[39m [37m[1mas[22m[39m [33m`a`[39m [37m[1mleft join[22m[39m [33m`user`[39m [37m[1mas[22m[39m [33m`u`[39m [37m[1mon[22m[39m [33m`a`[39m[0m.[0m[33m`author_id`[39m [0m=[0m [33m`u`[39m[0m.[0m[33m`id`[39m [37m[1mwhere[22m[39m [32m1[39m [0m=[0m [32m0[39m [37m[1morder by[22m[39m [33m`a`[39m[0m.[0m[33m`created_at`[39m [37m[1mdesc[22m[39m[90m [took 0 ms][39m
[90m[query] [39m[37m[1mselect[22m[39m [33m`a`[39m[0m.[0m[0m*[0m [37m[1mfrom[22m[39m [33m`article`[39m [37m[1mas[22m[39m [33m`a`[39m [37m[1mleft join[22m[39m [33m`user`[39m [37m[1mas[22m[39m [33m`u`[39m [37m[1mon[22m[39m [33m`a`[39m[0m.[0m[33m`author_id`[39m [0m=[0m [33m`u`[39m[0m.[0m[33m`id`[39m [37m[1mwhere[22m[39m [32m1[39m [0m=[0m [32m0[39m [37m[1morder by[22m[39m [33m`a`[39m[0m.[0m[33m`created_at`[39m [37m[1mdesc[22m[39m [37m[1mlimit[22m[39m [32m10[39m[90m [took 1 ms, 0 result][39m
[90m[query] [39m[37m[1mselect[22m[39m [33m`a0`[39m[0m.[0m[33m`id`[39m[0m,[0m [33m`a0`[39m[0m.[0m[33m`slug`[39m[0m,[0m [33m`a0`[39m[0m.[0m[33m`title`[39m[0m,[0m [33m`a0`[39m[0m.[0m[33m`description`[39m[0m,[0m [33m`a0`[39m[0m.[0m[33m`body`[39m[0m,[0m [33m`a0`[39m[0m.[0m[33m`created_at`[39m[0m,[0m [33m`a0`[39m[0m.[0m[33m`updated_at`[39m[0m,[0m [33m`a0`[39m[0m.[0m[33m`tag_list`[39m[0m,[0m [33m`a0`[39m[0m.[0m[33m`author_id`[39m[0m,[0m [33m`a0`[39m[0m.[0m[33m`favorites_count`[39m[0m,[0m [33m`a1`[39m[0m.[0m[33m`id`[39m [37m[1mas[22m[39m [33m`a1__id`[39m[0m,[0m [33m`a1`[39m[0m.[0m[33m`username`[39m [37m[1mas[22m[39m [33m`a1__username`[39m[0m,[0m [33m`a1`[39m[0m.[0m[33m`email`[39m [37m[1mas[22m[39m [33m`a1__email`[39m[0m,[0m [33m`a1`[39m[0m.[0m[33m`bio`[39m [37m[1mas[22m[39m [33m`a1__bio`[39m[0m,[0m [33m`a1`[39m[0m.[0m[33m`image`[39m [37m[1mas[22m[39m [33m`a1__image`[39m[0m,[0m [33m`a1`[39m[0m.[0m[33m`password`[39m [37m[1mas[22m[39m [33m`a1__password`[39m[0m,[0m [33m`c2`[39m[0m.[0m[33m`id`[39m [37m[1mas[22m[39m [33m`c2__id`[39m[0m,[0m [33m`c2`[39m[0m.[0m[33m`created_at`[39m [37m[1mas[22m[39m [33m`c2__created_at`[39m[0m,[0m [33m`c2`[39m[0m.[0m[33m`updated_at`[39m [37m[1mas[22m[39m [33m`c2__updated_at`[39m[0m,[0m [33m`c2`[39m[0m.[0m[33m`body`[39m [37m[1mas[22m[39m [33m`c2__body`[39m[0m,[0m [33m`c2`[39m[0m.[0m[33m`article_id`[39m [37m[1mas[22m[39m [33m`c2__article_id`[39m[0m,[0m [33m`c2`[39m[0m.[0m[33m`author_id`[39m [37m[1mas[22m[39m [33m`c2__author_id`[39m [37m[1mfrom[22m[39m [33m`article`[39m [37m[1mas[22m[39m [33m`a0`[39m [37m[1mleft join[22m[39m [33m`user`[39m [37m[1mas[22m[39m [33m`a1`[39m [37m[1mon[22m[39m [33m`a0`[39m[0m.[0m[33m`author_id`[39m [0m=[0m [33m`a1`[39m[0m.[0m[33m`id`[39m [37m[1mleft join[22m[39m [33m`comment`[39m [37m[1mas[22m[39m [33m`c2`[39m [37m[1mon[22m[39m [33m`a0`[39m[0m.[0m[33m`id`[39m [0m=[0m [33m`c2`[39m[0m.[0m[33m`article_id`[39m [37m[1mwhere[22m[39m [32m1[39m [0m=[0m [32m0[39m[90m [took 1 ms, 0 result][39m
[90m[query] [39m[37m[1mselect[22m[39m [33m`t0`[39m[0m.[0m[0m*[0m [37m[1mfrom[22m[39m [33m`tag`[39m [37m[1mas[22m[39m [33m`t0`[39m[90m [took 1 ms, 4 results][39m
[90m[query] [39m[37m[1mselect[22m[39m [33m`u0`[39m[0m.[0m[33m`id`[39m[0m,[0m [33m`u0`[39m[0m.[0m[33m`username`[39m[0m,[0m [33m`u0`[39m[0m.[0m[33m`email`[39m[0m,[0m [33m`u0`[39m[0m.[0m[33m`bio`[39m[0m,[0m [33m`u0`[39m[0m.[0m[33m`image`[39m[0m,[0m [33m`u0`[39m[0m.[0m[33m`password`[39m[0m,[0m [33m`f1`[39m[0m.[0m[33m`id`[39m [37m[1mas[22m[39m [33m`f1__id`[39m[0m,[0m [33m`f1`[39m[0m.[0m[33m`username`[39m [37m[1mas[22m[39m [33m`f1__username`[39m[0m,[0m [33m`f1`[39m[0m.[0m[33m`email`[39m [37m[1mas[22m[39m [33m`f1__email`[39m[0m,[0m [33m`f1`[39m[0m.[0m[33m`bio`[39m [37m[1mas[22m[39m [33m`f1__bio`[39m[0m,[0m [33m`f1`[39m[0m.[0m[33m`image`[39m [37m[1mas[22m[39m [33m`f1__image`[39m[0m,[0m [33m`f1`[39m[0m.[0m[33m`password`[39m [37m[1mas[22m[39m [33m`f1__password`[39m [37m[1mfrom[22m[39m [33m`user`[39m [37m[1mas[22m[39m [33m`u0`[39m [37m[1mleft join[22m[39m [33m`user_to_follower`[39m [37m[1mas[22m[39m [33m`u2`[39m [37m[1mon[22m[39m [33m`u0`[39m[0m.[0m[33m`id`[39m [0m=[0m [33m`u2`[39m[0m.[0m[33m`follower`[39m [37m[1mleft join[22m[39m [33m`user`[39m [37m[1mas[22m[39m [33m`f1`[39m [37m[1mon[22m[39m [33m`u2`[39m[0m.[0m[33m`following`[39m [0m=[0m [33m`f1`[39m[0m.[0m[33m`id`[39m [37m[1mwhere[22m[39m [33m`u0`[39m[0m.[0m[33m`username`[39m [0m=[0m [33m'John Costen'[39m[90m [took 1 ms, 1 result][39m
[90m[query] [39m[37m[1mselect[22m[39m [33m`u0`[39m[0m.[0m[33m`id`[39m[0m,[0m [33m`u0`[39m[0m.[0m[33m`username`[39m[0m,[0m [33m`u0`[39m[0m.[0m[33m`email`[39m[0m,[0m [33m`u0`[39m[0m.[0m[33m`bio`[39m[0m,[0m [33m`u0`[39m[0m.[0m[33m`image`[39m[0m,[0m [33m`u0`[39m[0m.[0m[33m`password`[39m[0m,[0m [33m`f1`[39m[0m.[0m[33m`id`[39m [37m[1mas[22m[39m [33m`f1__id`[39m[0m,[0m [33m`f1`[39m[0m.[0m[33m`username`[39m [37m[1mas[22m[39m [33m`f1__username`[39m[0m,[0m [33m`f1`[39m[0m.[0m[33m`email`[39m [37m[1mas[22m[39m [33m`f1__email`[39m[0m,[0m [33m`f1`[39m[0m.[0m[33m`bio`[39m [37m[1mas[22m[39m [33m`f1__bio`[39m[0m,[0m [33m`f1`[39m[0m.[0m[33m`image`[39m [37m[1mas[22m[39m [33m`f1__image`[39m[0m,[0m [33m`f1`[39m[0m.[0m[33m`password`[39m [37m[1mas[22m[39m [33m`f1__password`[39m[0m,[0m [33m`f3`[39m[0m.[0m[33m`id`[39m [37m[1mas[22m[39m [33m`f3__id`[39m[0m,[0m [33m`f3`[39m[0m.[0m[33m`slug`[39m [37m[1mas[22m[39m [33m`f3__slug`[39m[0m,[0m [33m`f3`[39m[0m.[0m[33m`title`[39m [37m[1mas[22m[39m [33m`f3__title`[39m[0m,[0m [33m`f3`[39m[0m.[0m[33m`description`[39m [37m[1mas[22m[39m [33m`f3__description`[39m[0m,[0m [33m`f3`[39m[0m.[0m[33m`body`[39m [37m[1mas[22m[39m [33m`f3__body`[39m[0m,[0m [33m`f3`[39m[0m.[0m[33m`created_at`[39m [37m[1mas[22m[39m [33m`f3__created_at`[39m[0m,[0m [33m`f3`[39m[0m.[0m[33m`updated_at`[39m [37m[1mas[22m[39m [33m`f3__updated_at`[39m[0m,[0m [33m`f3`[39m[0m.[0m[33m`tag_list`[39m [37m[1mas[22m[39m [33m`f3__tag_list`[39m[0m,[0m [33m`f3`[39m[0m.[0m[33m`author_id`[39m [37m[1mas[22m[39m [33m`f3__author_id`[39m[0m,[0m [33m`f3`[39m[0m.[0m[33m`favorites_count`[39m [37m[1mas[22m[39m [33m`f3__favorites_count`[39m[0m,[0m [33m`c5`[39m[0m.[0m[33m`id`[39m [37m[1mas[22m[39m [33m`c5__id`[39m[0m,[0m [33m`c5`[39m[0m.[0m[33m`created_at`[39m [37m[1mas[22m[39m [33m`c5__created_at`[39m[0m,[0m [33m`c5`[39m[0m.[0m[33m`updated_at`[39m [37m[1mas[22m[39m [33m`c5__updated_at`[39m[0m,[0m [33m`c5`[39m[0m.[0m[33m`body`[39m [37m[1mas[22m[39m [33m`c5__body`[39m[0m,[0m [33m`c5`[39m[0m.[0m[33m`article_id`[39m [37m[1mas[22m[39m [33m`c5__article_id`[39m[0m,[0m [33m`c5`[39m[0m.[0m[33m`author_id`[39m [37m[1mas[22m[39m [33m`c5__author_id`[39m [37m[1mfrom[22m[39m [33m`user`[39m [37m[1mas[22m[39m [33m`u0`[39m [37m[1mleft join[22m[39m [33m`user_to_follower`[39m [37m[1mas[22m[39m [33m`u2`[39m [37m[1mon[22m[39m [33m`u0`[39m[0m.[0m[33m`id`[39m [0m=[0m [33m`u2`[39m[0m.[0m[33m`follower`[39m [37m[1mleft join[22m[39m [33m`user`[39m [37m[1mas[22m[39m [33m`f1`[39m [37m[1mon[22m[39m [33m`u2`[39m[0m.[0m[33m`following`[39m [0m=[0m [33m`f1`[39m[0m.[0m[33m`id`[39m [37m[1mleft join[22m[39m [33m`user_favorites`[39m [37m[1mas[22m[39m [33m`u4`[39m [37m[1mon[22m[39m [33m`u0`[39m[0m.[0m[33m`id`[39m [0m=[0m [33m`u4`[39m[0m.[0m[33m`user_id`[39m [37m[1mleft join[22m[39m [33m`article`[39m [37m[1mas[22m[39m [33m`f3`[39m [37m[1mon[22m[39m [33m`u4`[39m[0m.[0m[33m`article_id`[39m [0m=[0m [33m`f3`[39m[0m.[0m[33m`id`[39m [37m[1mleft join[22m[39m [33m`comment`[39m [37m[1mas[22m[39m [33m`c5`[39m [37m[1mon[22m[39m [33m`f3`[39m[0m.[0m[33m`id`[39m [0m=[0m [33m`c5`[39m[0m.[0m[33m`article_id`[39m [37m[1mwhere[22m[39m [33m`u0`[39m[0m.[0m[33m`id`[39m [0m=[0m [32m3[39m[90m [took 0 ms, 1 result][39m
[90m[query] [39m[37m[1mselect[22m[39m [33m`u0`[39m[0m.[0m[0m*[0m [37m[1mfrom[22m[39m [33m`user`[39m [37m[1mas[22m[39m [33m`u0`[39m [37m[1mwhere[22m[39m [33m`u0`[39m[0m.[0m[33m`username`[39m [0m=[0m [33m'John Costen'[39m [37m[1mlimit[22m[39m [32m1[39m[90m [took 0 ms, 1 result][39m
[90m[query] [39m[37m[1mselect[22m[39m [37m[1mcount[22m[39m([37m[1mdistinct[22m[39m [33m`a`[39m[0m.[0m[33m`id`[39m) [37m[1mas[22m[39m [33m`count`[39m [37m[1mfrom[22m[39m [33m`article`[39m [37m[1mas[22m[39m [33m`a`[39m [37m[1mleft join[22m[39m [33m`user`[39m [37m[1mas[22m[39m [33m`u`[39m [37m[1mon[22m[39m [33m`a`[39m[0m.[0m[33m`author_id`[39m [0m=[0m [33m`u`[39m[0m.[0m[33m`id`[39m [37m[1mwhere[22m[39m [33m`a`[39m[0m.[0m[33m`author_id`[39m [0m=[0m [32m3[39m [37m[1morder by[22m[39m [33m`a`[39m[0m.[0m[33m`created_at`[39m [37m[1mdesc[22m[39m[90m [took 0 ms][39m
[90m[query] [39m[37m[1mselect[22m[39m [33m`a`[39m[0m.[0m[0m*[0m [37m[1mfrom[22m[39m [33m`article`[39m [37m[1mas[22m[39m [33m`a`[39m [37m[1mleft join[22m[39m [33m`user`[39m [37m[1mas[22m[39m [33m`u`[39m [37m[1mon[22m[39m [33m`a`[39m[0m.[0m[33m`author_id`[39m [0m=[0m [33m`u`[39m[0m.[0m[33m`id`[39m [37m[1mwhere[22m[39m [33m`a`[39m[0m.[0m[33m`author_id`[39m [0m=[0m [32m3[39m [37m[1morder by[22m[39m [33m`a`[39m[0m.[0m[33m`created_at`[39m [37m[1mdesc[22m[39m [37m[1mlimit[22m[39m [32m10[39m[90m [took 0 ms, 0 result][39m
[90m[query] [39m[37m[1mselect[22m[39m [33m`a0`[39m[0m.[0m[33m`id`[39m[0m,[0m [33m`a0`[39m[0m.[0m[33m`slug`[39m[0m,[0m [33m`a0`[39m[0m.[0m[33m`title`[39m[0m,[0m [33m`a0`[39m[0m.[0m[33m`description`[39m[0m,[0m [33m`a0`[39m[0m.[0m[33m`body`[39m[0m,[0m [33m`a0`[39m[0m.[0m[33m`created_at`[39m[0m,[0m [33m`a0`[39m[0m.[0m[33m`updated_at`[39m[0m,[0m [33m`a0`[39m[0m.[0m[33m`tag_list`[39m[0m,[0m [33m`a0`[39m[0m.[0m[33m`author_id`[39m[0m,[0m [33m`a0`[39m[0m.[0m[33m`favorites_count`[39m[0m,[0m [33m`a1`[39m[0m.[0m[33m`id`[39m [37m[1mas[22m[39m [33m`a1__id`[39m[0m,[0m [33m`a1`[39m[0m.[0m[33m`username`[39m [37m[1mas[22m[39m [33m`a1__username`[39m[0m,[0m [33m`a1`[39m[0m.[0m[33m`email`[39m [37m[1mas[22m[39m [33m`a1__email`[39m[0m,[0m [33m`a1`[39m[0m.[0m[33m`bio`[39m [37m[1mas[22m[39m [33m`a1__bio`[39m[0m,[0m [33m`a1`[39m[0m.[0m[33m`image`[39m [37m[1mas[22m[39m [33m`a1__image`[39m[0m,[0m [33m`a1`[39m[0m.[0m[33m`password`[39m [37m[1mas[22m[39m [33m`a1__password`[39m[0m,[0m [33m`c2`[39m[0m.[0m[33m`id`[39m [37m[1mas[22m[39m [33m`c2__id`[39m[0m,[0m [33m`c2`[39m[0m.[0m[33m`created_at`[39m [37m[1mas[22m[39m [33m`c2__created_at`[39m[0m,[0m [33m`c2`[39m[0m.[0m[33m`updated_at`[39m [37m[1mas[22m[39m [33m`c2__updated_at`[39m[0m,[0m [33m`c2`[39m[0m.[0m[33m`body`[39m [37m[1mas[22m[39m [33m`c2__body`[39m[0m,[0m [33m`c2`[39m[0m.[0m[33m`article_id`[39m [37m[1mas[22m[39m [33m`c2__article_id`[39m[0m,[0m [33m`c2`[39m[0m.[0m[33m`author_id`[39m [37m[1mas[22m[39m [33m`c2__author_id`[39m [37m[1mfrom[22m[39m [33m`article`[39m [37m[1mas[22m[39m [33m`a0`[39m [37m[1mleft join[22m[39m [33m`user`[39m [37m[1mas[22m[39m [33m`a1`[39m [37m[1mon[22m[39m [33m`a0`[39m[0m.[0m[33m`author_id`[39m [0m=[0m [33m`a1`[39m[0m.[0m[33m`id`[39m [37m[1mleft join[22m[39m [33m`comment`[39m [37m[1mas[22m[39m [33m`c2`[39m [37m[1mon[22m[39m [33m`a0`[39m[0m.[0m[33m`id`[39m [0m=[0m [33m`c2`[39m[0m.[0m[33m`article_id`[39m [37m[1mwhere[22m[39m [32m1[39m [0m=[0m [32m0[39m[90m [took 1 ms, 0 result][39m
[90m[query] [39m[37m[1mselect[22m[39m [33m`u0`[39m[0m.[0m[33m`id`[39m[0m,[0m [33m`u0`[39m[0m.[0m[33m`username`[39m[0m,[0m [33m`u0`[39m[0m.[0m[33m`email`[39m[0m,[0m [33m`u0`[39m[0m.[0m[33m`bio`[39m[0m,[0m [33m`u0`[39m[0m.[0m[33m`image`[39m[0m,[0m [33m`u0`[39m[0m.[0m[33m`password`[39m[0m,[0m [33m`f1`[39m[0m.[0m[33m`id`[39m [37m[1mas[22m[39m [33m`f1__id`[39m[0m,[0m [33m`f1`[39m[0m.[0m[33m`username`[39m [37m[1mas[22m[39m [33m`f1__username`[39m[0m,[0m [33m`f1`[39m[0m.[0m[33m`email`[39m [37m[1mas[22m[39m [33m`f1__email`[39m[0m,[0m [33m`f1`[39m[0m.[0m[33m`bio`[39m [37m[1mas[22m[39m [33m`f1__bio`[39m[0m,[0m [33m`f1`[39m[0m.[0m[33m`image`[39m [37m[1mas[22m[39m [33m`f1__image`[39m[0m,[0m [33m`f1`[39m[0m.[0m[33m`password`[39m [37m[1mas[22m[39m [33m`f1__password`[39m[0m,[0m [33m`f3`[39m[0m.[0m[33m`id`[39m [37m[1mas[22m[39m [33m`f3__id`[39m[0m,[0m [33m`f3`[39m[0m.[0m[33m`slug`[39m [37m[1mas[22m[39m [33m`f3__slug`[39m[0m,[0m [33m`f3`[39m[0m.[0m[33m`title`[39m [37m[1mas[22m[39m [33m`f3__title`[39m[0m,[0m [33m`f3`[39m[0m.[0m[33m`description`[39m [37m[1mas[22m[39m [33m`f3__description`[39m[0m,[0m [33m`f3`[39m[0m.[0m[33m`body`[39m [37m[1mas[22m[39m [33m`f3__body`[39m[0m,[0m [33m`f3`[39m[0m.[0m[33m`created_at`[39m [37m[1mas[22m[39m [33m`f3__created_at`[39m[0m,[0m [33m`f3`[39m[0m.[0m[33m`updated_at`[39m [37m[1mas[22m[39m [33m`f3__updated_at`[39m[0m,[0m [33m`f3`[39m[0m.[0m[33m`tag_list`[39m [37m[1mas[22m[39m [33m`f3__tag_list`[39m[0m,[0m [33m`f3`[39m[0m.[0m[33m`author_id`[39m [37m[1mas[22m[39m [33m`f3__author_id`[39m[0m,[0m [33m`f3`[39m[0m.[0m[33m`favorites_count`[39m [37m[1mas[22m[39m [33m`f3__favorites_count`[39m[0m,[0m [33m`c5`[39m[0m.[0m[33m`id`[39m [37m[1mas[22m[39m [33m`c5__id`[39m[0m,[0m [33m`c5`[39m[0m.[0m[33m`created_at`[39m [37m[1mas[22m[39m [33m`c5__created_at`[39m[0m,[0m [33m`c5`[39m[0m.[0m[33m`updated_at`[39m [37m[1mas[22m[39m [33m`c5__updated_at`[39m[0m,[0m [33m`c5`[39m[0m.[0m[33m`body`[39m [37m[1mas[22m[39m [33m`c5__body`[39m[0m,[0m [33m`c5`[39m[0m.[0m[33m`article_id`[39m [37m[1mas[22m[39m [33m`c5__article_id`[39m[0m,[0m [33m`c5`[39m[0m.[0m[33m`author_id`[39m [37m[1mas[22m[39m [33m`c5__author_id`[39m [37m[1mfrom[22m[39m [33m`user`[39m [37m[1mas[22m[39m [33m`u0`[39m [37m[1mleft join[22m[39m [33m`user_to_follower`[39m [37m[1mas[22m[39m [33m`u2`[39m [37m[1mon[22m[39m [33m`u0`[39m[0m.[0m[33m`id`[39m [0m=[0m [33m`u2`[39m[0m.[0m[33m`follower`[39m [37m[1mleft join[22m[39m [33m`user`[39m [37m[1mas[22m[39m [33m`f1`[39m [37m[1mon[22m[39m [33m`u2`[39m[0m.[0m[33m`following`[39m [0m=[0m [33m`f1`[39m[0m.[0m[33m`id`[39m [37m[1mleft join[22m[39m [33m`user_favorites`[39m [37m[1mas[22m[39m [33m`u4`[39m [37m[1mon[22m[39m [33m`u0`[39m[0m.[0m[33m`id`[39m [0m=[0m [33m`u4`[39m[0m.[0m[33m`user_id`[39m [37m[1mleft join[22m[39m [33m`article`[39m [37m[1mas[22m[39m [33m`f3`[39m [37m[1mon[22m[39m [33m`u4`[39m[0m.[0m[33m`article_id`[39m [0m=[0m [33m`f3`[39m[0m.[0m[33m`id`[39m [37m[1mleft join[22m[39m [33m`comment`[39m [37m[1mas[22m[39m [33m`c5`[39m [37m[1mon[22m[39m [33m`f3`[39m[0m.[0m[33m`id`[39m [0m=[0m [33m`c5`[39m[0m.[0m[33m`article_id`[39m [37m[1mwhere[22m[39m [33m`u0`[39m[0m.[0m[33m`id`[39m [0m=[0m [32m3[39m[90m [took 1 ms, 1 result][39m
[90m[query] [39m[37m[1mselect[22m[39m [33m`u0`[39m[0m.[0m[0m*[0m [37m[1mfrom[22m[39m [33m`user`[39m [37m[1mas[22m[39m [33m`u0`[39m [37m[1mwhere[22m[39m [33m`u0`[39m[0m.[0m[33m`username`[39m [0m=[0m [33m'John Costen'[39m [37m[1mlimit[22m[39m [32m1[39m[90m [took 0 ms, 1 result][39m
[90m[query] [39m[37m[1mselect[22m[39m [37m[1mcount[22m[39m([37m[1mdistinct[22m[39m [33m`a`[39m[0m.[0m[33m`id`[39m) [37m[1mas[22m[39m [33m`count`[39m [37m[1mfrom[22m[39m [33m`article`[39m [37m[1mas[22m[39m [33m`a`[39m [37m[1mleft join[22m[39m [33m`user`[39m [37m[1mas[22m[39m [33m`u`[39m [37m[1mon[22m[39m [33m`a`[39m[0m.[0m[33m`author_id`[39m [0m=[0m [33m`u`[39m[0m.[0m[33m`id`[39m [37m[1mwhere[22m[39m [33m`a`[39m[0m.[0m[33m`author_id`[39m [0m=[0m [32m3[39m [37m[1morder by[22m[39m [33m`a`[39m[0m.[0m[33m`created_at`[39m [37m[1mdesc[22m[39m[90m [took 0 ms][39m
[90m[query] [39m[37m[1mselect[22m[39m [33m`a`[39m[0m.[0m[0m*[0m [37m[1mfrom[22m[39m [33m`article`[39m [37m[1mas[22m[39m [33m`a`[39m [37m[1mleft join[22m[39m [33m`user`[39m [37m[1mas[22m[39m [33m`u`[39m [37m[1mon[22m[39m [33m`a`[39m[0m.[0m[33m`author_id`[39m [0m=[0m [33m`u`[39m[0m.[0m[33m`id`[39m [37m[1mwhere[22m[39m [33m`a`[39m[0m.[0m[33m`author_id`[39m [0m=[0m [32m3[39m [37m[1morder by[22m[39m [33m`a`[39m[0m.[0m[33m`created_at`[39m [37m[1mdesc[22m[39m [37m[1mlimit[22m[39m [32m10[39m[90m [took 0 ms, 0 result][39m
[90m[query] [39m[37m[1mselect[22m[39m [33m`a0`[39m[0m.[0m[33m`id`[39m[0m,[0m [33m`a0`[39m[0m.[0m[33m`slug`[39m[0m,[0m [33m`a0`[39m[0m.[0m[33m`title`[39m[0m,[0m [33m`a0`[39m[0m.[0m[33m`description`[39m[0m,[0m [33m`a0`[39m[0m.[0m[33m`body`[39m[0m,[0m [33m`a0`[39m[0m.[0m[33m`created_at`[39m[0m,[0m [33m`a0`[39m[0m.[0m[33m`updated_at`[39m[0m,[0m [33m`a0`[39m[0m.[0m[33m`tag_list`[39m[0m,[0m [33m`a0`[39m[0m.[0m[33m`author_id`[39m[0m,[0m [33m`a0`[39m[0m.[0m[33m`favorites_count`[39m[0m,[0m [33m`a1`[39m[0m.[0m[33m`id`[39m [37m[1mas[22m[39m [33m`a1__id`[39m[0m,[0m [33m`a1`[39m[0m.[0m[33m`username`[39m [37m[1mas[22m[39m [33m`a1__username`[39m[0m,[0m [33m`a1`[39m[0m.[0m[33m`email`[39m [37m[1mas[22m[39m [33m`a1__email`[39m[0m,[0m [33m`a1`[39m[0m.[0m[33m`bio`[39m [37m[1mas[22m[39m [33m`a1__bio`[39m[0m,[0m [33m`a1`[39m[0m.[0m[33m`image`[39m [37m[1mas[22m[39m [33m`a1__image`[39m[0m,[0m [33m`a1`[39m[0m.[0m[33m`password`[39m [37m[1mas[22m[39m [33m`a1__password`[39m[0m,[0m [33m`c2`[39m[0m.[0m[33m`id`[39m [37m[1mas[22m[39m [33m`c2__id`[39m[0m,[0m [33m`c2`[39m[0m.[0m[33m`created_at`[39m [37m[1mas[22m[39m [33m`c2__created_at`[39m[0m,[0m [33m`c2`[39m[0m.[0m[33m`updated_at`[39m [37m[1mas[22m[39m [33m`c2__updated_at`[39m[0m,[0m [33m`c2`[39m[0m.[0m[33m`body`[39m [37m[1mas[22m[39m [33m`c2__body`[39m[0m,[0m [33m`c2`[39m[0m.[0m[33m`article_id`[39m [37m[1mas[22m[39m [33m`c2__article_id`[39m[0m,[0m [33m`c2`[39m[0m.[0m[33m`author_id`[39m [37m[1mas[22m[39m [33m`c2__author_id`[39m [37m[1mfrom[22m[39m [33m`article`[39m [37m[1mas[22m[39m [33m`a0`[39m [37m[1mleft join[22m[39m [33m`user`[39m [37m[1mas[22m[39m [33m`a1`[39m [37m[1mon[22m[39m [33m`a0`[39m[0m.[0m[33m`author_id`[39m [0m=[0m [33m`a1`[39m[0m.[0m[33m`id`[39m [37m[1mleft join[22m[39m [33m`comment`[39m [37m[1mas[22m[39m [33m`c2`[39m [37m[1mon[22m[39m [33m`a0`[39m[0m.[0m[33m`id`[39m [0m=[0m [33m`c2`[39m[0m.[0m[33m`article_id`[39m [37m[1mwhere[22m[39m [32m1[39m [0m=[0m [32m0[39m[90m [took 0 ms, 0 result][39m
[90m[query] [39m[37m[1mselect[22m[39m [33m`u0`[39m[0m.[0m[33m`id`[39m[0m,[0m [33m`u0`[39m[0m.[0m[33m`username`[39m[0m,[0m [33m`u0`[39m[0m.[0m[33m`email`[39m[0m,[0m [33m`u0`[39m[0m.[0m[33m`bio`[39m[0m,[0m [33m`u0`[39m[0m.[0m[33m`image`[39m[0m,[0m [33m`u0`[39m[0m.[0m[33m`password`[39m[0m,[0m [33m`f1`[39m[0m.[0m[33m`id`[39m [37m[1mas[22m[39m [33m`f1__id`[39m[0m,[0m [33m`f1`[39m[0m.[0m[33m`username`[39m [37m[1mas[22m[39m [33m`f1__username`[39m[0m,[0m [33m`f1`[39m[0m.[0m[33m`email`[39m [37m[1mas[22m[39m [33m`f1__email`[39m[0m,[0m [33m`f1`[39m[0m.[0m[33m`bio`[39m [37m[1mas[22m[39m [33m`f1__bio`[39m[0m,[0m [33m`f1`[39m[0m.[0m[33m`image`[39m [37m[1mas[22m[39m [33m`f1__image`[39m[0m,[0m [33m`f1`[39m[0m.[0m[33m`password`[39m [37m[1mas[22m[39m [33m`f1__password`[39m [37m[1mfrom[22m[39m [33m`user`[39m [37m[1mas[22m[39m [33m`u0`[39m [37m[1mleft join[22m[39m [33m`user_to_follower`[39m [37m[1mas[22m[39m [33m`u2`[39m [37m[1mon[22m[39m [33m`u0`[39m[0m.[0m[33m`id`[39m [0m=[0m [33m`u2`[39m[0m.[0m[33m`follower`[39m [37m[1mleft join[22m[39m [33m`user`[39m [37m[1mas[22m[39m [33m`f1`[39m [37m[1mon[22m[39m [33m`u2`[39m[0m.[0m[33m`following`[39m [0m=[0m [33m`f1`[39m[0m.[0m[33m`id`[39m [37m[1mwhere[22m[39m [33m`u0`[39m[0m.[0m[33m`username`[39m [0m=[0m [33m'John Costen'[39m[90m [took 1 ms, 1 result][39m
[90m[query] [39m[37m[1mselect[22m[39m [33m`u0`[39m[0m.[0m[33m`id`[39m[0m,[0m [33m`u0`[39m[0m.[0m[33m`username`[39m[0m,[0m [33m`u0`[39m[0m.[0m[33m`email`[39m[0m,[0m [33m`u0`[39m[0m.[0m[33m`bio`[39m[0m,[0m [33m`u0`[39m[0m.[0m[33m`image`[39m[0m,[0m [33m`u0`[39m[0m.[0m[33m`password`[39m[0m,[0m [33m`f1`[39m[0m.[0m[33m`id`[39m [37m[1mas[22m[39m [33m`f1__id`[39m[0m,[0m [33m`f1`[39m[0m.[0m[33m`username`[39m [37m[1mas[22m[39m [33m`f1__username`[39m[0m,[0m [33m`f1`[39m[0m.[0m[33m`email`[39m [37m[1mas[22m[39m [33m`f1__email`[39m[0m,[0m [33m`f1`[39m[0m.[0m[33m`bio`[39m [37m[1mas[22m[39m [33m`f1__bio`[39m[0m,[0m [33m`f1`[39m[0m.[0m[33m`image`[39m [37m[1mas[22m[39m [33m`f1__image`[39m[0m,[0m [33m`f1`[39m[0m.[0m[33m`password`[39m [37m[1mas[22m[39m [33m`f1__password`[39m[0m,[0m [33m`f3`[39m[0m.[0m[33m`id`[39m [37m[1mas[22m[39m [33m`f3__id`[39m[0m,[0m [33m`f3`[39m[0m.[0m[33m`slug`[39m [37m[1mas[22m[39m [33m`f3__slug`[39m[0m,[0m [33m`f3`[39m[0m.[0m[33m`title`[39m [37m[1mas[22m[39m [33m`f3__title`[39m[0m,[0m [33m`f3`[39m[0m.[0m[33m`description`[39m [37m[1mas[22m[39m [33m`f3__description`[39m[0m,[0m [33m`f3`[39m[0m.[0m[33m`body`[39m [37m[1mas[22m[39m [33m`f3__body`[39m[0m,[0m [33m`f3`[39m[0m.[0m[33m`created_at`[39m [37m[1mas[22m[39m [33m`f3__created_at`[39m[0m,[0m [33m`f3`[39m[0m.[0m[33m`updated_at`[39m [37m[1mas[22m[39m [33m`f3__updated_at`[39m[0m,[0m [33m`f3`[39m[0m.[0m[33m`tag_list`[39m [37m[1mas[22m[39m [33m`f3__tag_list`[39m[0m,[0m [33m`f3`[39m[0m.[0m[33m`author_id`[39m [37m[1mas[22m[39m [33m`f3__author_id`[39m[0m,[0m [33m`f3`[39m[0m.[0m[33m`favorites_count`[39m [37m[1mas[22m[39m [33m`f3__favorites_count`[39m[0m,[0m [33m`c5`[39m[0m.[0m[33m`id`[39m [37m[1mas[22m[39m [33m`c5__id`[39m[0m,[0m [33m`c5`[39m[0m.[0m[33m`created_at`[39m [37m[1mas[22m[39m [33m`c5__created_at`[39m[0m,[0m [33m`c5`[39m[0m.[0m[33m`updated_at`[39m [37m[1mas[22m[39m [33m`c5__updated_at`[39m[0m,[0m [33m`c5`[39m[0m.[0m[33m`body`[39m [37m[1mas[22m[39m [33m`c5__body`[39m[0m,[0m [33m`c5`[39m[0m.[0m[33m`article_id`[39m [37m[1mas[22m[39m [33m`c5__article_id`[39m[0m,[0m [33m`c5`[39m[0m.[0m[33m`author_id`[39m [37m[1mas[22m[39m [33m`c5__author_id`[39m [37m[1mfrom[22m[39m [33m`user`[39m [37m[1mas[22m[39m [33m`u0`[39m [37m[1mleft join[22m[39m [33m`user_to_follower`[39m [37m[1mas[22m[39m [33m`u2`[39m [37m[1mon[22m[39m [33m`u0`[39m[0m.[0m[33m`id`[39m [0m=[0m [33m`u2`[39m[0m.[0m[33m`follower`[39m [37m[1mleft join[22m[39m [33m`user`[39m [37m[1mas[22m[39m [33m`f1`[39m [37m[1mon[22m[39m [33m`u2`[39m[0m.[0m[33m`following`[39m [0m=[0m [33m`f1`[39m[0m.[0m[33m`id`[39m [37m[1mleft join[22m[39m [33m`user_favorites`[39m [37m[1mas[22m[39m [33m`u4`[39m [37m[1mon[22m[39m [33m`u0`[39m[0m.[0m[33m`id`[39m [0m=[0m [33m`u4`[39m[0m.[0m[33m`user_id`[39m [37m[1mleft join[22m[39m [33m`article`[39m [37m[1mas[22m[39m [33m`f3`[39m [37m[1mon[22m[39m [33m`u4`[39m[0m.[0m[33m`article_id`[39m [0m=[0m [33m`f3`[39m[0m.[0m[33m`id`[39m [37m[1mleft join[22m[39m [33m`comment`[39m [37m[1mas[22m[39m [33m`c5`[39m [37m[1mon[22m[39m [33m`f3`[39m[0m.[0m[33m`id`[39m [0m=[0m [33m`c5`[39m[0m.[0m[33m`article_id`[39m [37m[1mwhere[22m[39m [33m`u0`[39m[0m.[0m[33m`id`[39m [0m=[0m [32m3[39m[90m [took 1 ms, 1 result][39m
[90m[query] [39m[37m[1mselect[22m[39m [33m`u0`[39m[0m.[0m[0m*[0m [37m[1mfrom[22m[39m [33m`user`[39m [37m[1mas[22m[39m [33m`u0`[39m [37m[1mwhere[22m[39m [33m`u0`[39m[0m.[0m[33m`username`[39m [0m=[0m [33m'John Costen'[39m [37m[1mlimit[22m[39m [32m1[39m[90m [took 1 ms, 1 result][39m
[90m[query] [39m[37m[1mselect[22m[39m [37m[1mcount[22m[39m([37m[1mdistinct[22m[39m [33m`a`[39m[0m.[0m[33m`id`[39m) [37m[1mas[22m[39m [33m`count`[39m [37m[1mfrom[22m[39m [33m`article`[39m [37m[1mas[22m[39m [33m`a`[39m [37m[1mleft join[22m[39m [33m`user`[39m [37m[1mas[22m[39m [33m`u`[39m [37m[1mon[22m[39m [33m`a`[39m[0m.[0m[33m`author_id`[39m [0m=[0m [33m`u`[39m[0m.[0m[33m`id`[39m [37m[1mwhere[22m[39m [33m`a`[39m[0m.[0m[33m`author_id`[39m [0m=[0m [32m3[39m [37m[1morder by[22m[39m [33m`a`[39m[0m.[0m[33m`created_at`[39m [37m[1mdesc[22m[39m[90m [took 1 ms][39m
[90m[query] [39m[37m[1mselect[22m[39m [33m`a`[39m[0m.[0m[0m*[0m [37m[1mfrom[22m[39m [33m`article`[39m [37m[1mas[22m[39m [33m`a`[39m [37m[1mleft join[22m[39m [33m`user`[39m [37m[1mas[22m[39m [33m`u`[39m [37m[1mon[22m[39m [33m`a`[39m[0m.[0m[33m`author_id`[39m [0m=[0m [33m`u`[39m[0m.[0m[33m`id`[39m [37m[1mwhere[22m[39m [33m`a`[39m[0m.[0m[33m`author_id`[39m [0m=[0m [32m3[39m [37m[1morder by[22m[39m [33m`a`[39m[0m.[0m[33m`created_at`[39m [37m[1mdesc[22m[39m [37m[1mlimit[22m[39m [32m10[39m[90m [took 0 ms, 0 result][39m
[90m[query] [39m[37m[1mselect[22m[39m [33m`a0`[39m[0m.[0m[33m`id`[39m[0m,[0m [33m`a0`[39m[0m.[0m[33m`slug`[39m[0m,[0m [33m`a0`[39m[0m.[0m[33m`title`[39m[0m,[0m [33m`a0`[39m[0m.[0m[33m`description`[39m[0m,[0m [33m`a0`[39m[0m.[0m[33m`body`[39m[0m,[0m [33m`a0`[39m[0m.[0m[33m`created_at`[39m[0m,[0m [33m`a0`[39m[0m.[0m[33m`updated_at`[39m[0m,[0m [33m`a0`[39m[0m.[0m[33m`tag_list`[39m[0m,[0m [33m`a0`[39m[0m.[0m[33m`author_id`[39m[0m,[0m [33m`a0`[39m[0m.[0m[33m`favorites_count`[39m[0m,[0m [33m`a1`[39m[0m.[0m[33m`id`[39m [37m[1mas[22m[39m [33m`a1__id`[39m[0m,[0m [33m`a1`[39m[0m.[0m[33m`username`[39m [37m[1mas[22m[39m [33m`a1__username`[39m[0m,[0m [33m`a1`[39m[0m.[0m[33m`email`[39m [37m[1mas[22m[39m [33m`a1__email`[39m[0m,[0m [33m`a1`[39m[0m.[0m[33m`bio`[39m [37m[1mas[22m[39m [33m`a1__bio`[39m[0m,[0m [33m`a1`[39m[0m.[0m[33m`image`[39m [37m[1mas[22m[39m [33m`a1__image`[39m[0m,[0m [33m`a1`[39m[0m.[0m[33m`password`[39m [37m[1mas[22m[39m [33m`a1__password`[39m[0m,[0m [33m`c2`[39m[0m.[0m[33m`id`[39m [37m[1mas[22m[39m [33m`c2__id`[39m[0m,[0m [33m`c2`[39m[0m.[0m[33m`created_at`[39m [37m[1mas[22m[39m [33m`c2__created_at`[39m[0m,[0m [33m`c2`[39m[0m.[0m[33m`updated_at`[39m [37m[1mas[22m[39m [33m`c2__updated_at`[39m[0m,[0m [33m`c2`[39m[0m.[0m[33m`body`[39m [37m[1mas[22m[39m [33m`c2__body`[39m[0m,[0m [33m`c2`[39m[0m.[0m[33m`article_id`[39m [37m[1mas[22m[39m [33m`c2__article_id`[39m[0m,[0m [33m`c2`[39m[0m.[0m[33m`author_id`[39m [37m[1mas[22m[39m [33m`c2__author_id`[39m [37m[1mfrom[22m[39m [33m`article`[39m [37m[1mas[22m[39m [33m`a0`[39m [37m[1mleft join[22m[39m [33m`user`[39m [37m[1mas[22m[39m [33m`a1`[39m [37m[1mon[22m[39m [33m`a0`[39m[0m.[0m[33m`author_id`[39m [0m=[0m [33m`a1`[39m[0m.[0m[33m`id`[39m [37m[1mleft join[22m[39m [33m`comment`[39m [37m[1mas[22m[39m [33m`c2`[39m [37m[1mon[22m[39m [33m`a0`[39m[0m.[0m[33m`id`[39m [0m=[0m [33m`c2`[39m[0m.[0m[33m`article_id`[39m [37m[1mwhere[22m[39m [32m1[39m [0m=[0m [32m0[39m[90m [took 1 ms, 0 result][39m
[31m[Nest] 43261  - [39m10/15/2025, 7:20:15 PM [31m  ERROR[39m [38;5;3m[ExceptionsHandler] [39m[31mjwt malformed[39m
JsonWebTokenError: jwt malformed
    at Object.module.exports [as verify] (/workspace/backend/node_modules/jsonwebtoken/verify.js:70:17)
    at AuthMiddleware.use (/workspace/backend/src/user/auth.middleware.ts:16:27)
    at /workspace/backend/node_modules/@nestjs/core/router/router-proxy.js:9:23
    at middlewareFunction (/workspace/backend/node_modules/@nestjs/core/middleware/middleware-module.js:166:28)
    at Layer.handle [as handle_request] (/workspace/backend/node_modules/express/lib/router/layer.js:95:5)
    at next (/workspace/backend/node_modules/express/lib/router/route.js:149:13)
    at Route.dispatch (/workspace/backend/node_modules/express/lib/router/route.js:119:3)
    at Layer.handle [as handle_request] (/workspace/backend/node_modules/express/lib/router/layer.js:95:5)
    at /workspace/backend/node_modules/express/lib/router/index.js:284:15
    at param (/workspace/backend/node_modules/express/lib/router/index.js:365:14)
[31m[Nest] 43261  - [39m10/15/2025, 7:20:32 PM [31m  ERROR[39m [38;5;3m[ExceptionsHandler] [39m[31mjwt malformed[39m
JsonWebTokenError: jwt malformed
    at Object.module.exports [as verify] (/workspace/backend/node_modules/jsonwebtoken/verify.js:70:17)
    at AuthMiddleware.use (/workspace/backend/src/user/auth.middleware.ts:16:27)
    at /workspace/backend/node_modules/@nestjs/core/router/router-proxy.js:9:23
    at middlewareFunction (/workspace/backend/node_modules/@nestjs/core/middleware/middleware-module.js:166:28)
    at Layer.handle [as handle_request] (/workspace/backend/node_modules/express/lib/router/layer.js:95:5)
    at next (/workspace/backend/node_modules/express/lib/router/route.js:149:13)
    at Route.dispatch (/workspace/backend/node_modules/express/lib/router/route.js:119:3)
    at Layer.handle [as handle_request] (/workspace/backend/node_modules/express/lib/router/layer.js:95:5)
    at /workspace/backend/node_modules/express/lib/router/index.js:284:15
    at param (/workspace/backend/node_modules/express/lib/router/index.js:365:14)
[90m[query] [39m[37m[1mselect[22m[39m [33m`t0`[39m[0m.[0m[0m*[0m [37m[1mfrom[22m[39m [33m`tag`[39m [37m[1mas[22m[39m [33m`t0`[39m[90m [took 0 ms, 4 results][39m
[31m[Nest] 43261  - [39m10/15/2025, 7:22:04 PM [31m  ERROR[39m [38;5;3m[ExceptionsHandler] [39m[31mjwt malformed[39m
JsonWebTokenError: jwt malformed
    at Object.module.exports [as verify] (/workspace/backend/node_modules/jsonwebtoken/verify.js:70:17)
    at AuthMiddleware.use (/workspace/backend/src/user/auth.middleware.ts:16:27)
    at /workspace/backend/node_modules/@nestjs/core/router/router-proxy.js:9:23
    at middlewareFunction (/workspace/backend/node_modules/@nestjs/core/middleware/middleware-module.js:166:28)
    at Layer.handle [as handle_request] (/workspace/backend/node_modules/express/lib/router/layer.js:95:5)
    at next (/workspace/backend/node_modules/express/lib/router/route.js:149:13)
    at Route.dispatch (/workspace/backend/node_modules/express/lib/router/route.js:119:3)
    at Layer.handle [as handle_request] (/workspace/backend/node_modules/express/lib/router/layer.js:95:5)
    at /workspace/backend/node_modules/express/lib/router/index.js:284:15
    at Function.process_params (/workspace/backend/node_modules/express/lib/router/index.js:346:12)
[90m[query] [39m[37m[1mselect[22m[39m [33m`u0`[39m[0m.[0m[0m*[0m [37m[1mfrom[22m[39m [33m`user`[39m [37m[1mas[22m[39m [33m`u0`[39m [37m[1mwhere[22m[39m [33m`u0`[39m[0m.[0m[33m`id`[39m [0m=[0m [32m5[39m [37m[1mlimit[22m[39m [32m1[39m[90m [took 0 ms, 1 result][39m
[90m[query] [39m[37m[1mselect[22m[39m [33m`u0`[39m[0m.[0m[33m`id`[39m[0m,[0m [33m`u0`[39m[0m.[0m[33m`username`[39m[0m,[0m [33m`u0`[39m[0m.[0m[33m`email`[39m[0m,[0m [33m`u0`[39m[0m.[0m[33m`bio`[39m[0m,[0m [33m`u0`[39m[0m.[0m[33m`image`[39m[0m,[0m [33m`u0`[39m[0m.[0m[33m`password`[39m[0m,[0m [33m`f1`[39m[0m.[0m[33m`id`[39m [37m[1mas[22m[39m [33m`f1__id`[39m[0m,[0m [33m`f1`[39m[0m.[0m[33m`username`[39m [37m[1mas[22m[39m [33m`f1__username`[39m[0m,[0m [33m`f1`[39m[0m.[0m[33m`email`[39m [37m[1mas[22m[39m [33m`f1__email`[39m[0m,[0m [33m`f1`[39m[0m.[0m[33m`bio`[39m [37m[1mas[22m[39m [33m`f1__bio`[39m[0m,[0m [33m`f1`[39m[0m.[0m[33m`image`[39m [37m[1mas[22m[39m [33m`f1__image`[39m[0m,[0m [33m`f1`[39m[0m.[0m[33m`password`[39m [37m[1mas[22m[39m [33m`f1__password`[39m[0m,[0m [33m`f3`[39m[0m.[0m[33m`id`[39m [37m[1mas[22m[39m [33m`f3__id`[39m[0m,[0m [33m`f3`[39m[0m.[0m[33m`slug`[39m [37m[1mas[22m[39m [33m`f3__slug`[39m[0m,[0m [33m`f3`[39m[0m.[0m[33m`title`[39m [37m[1mas[22m[39m [33m`f3__title`[39m[0m,[0m [33m`f3`[39m[0m.[0m[33m`description`[39m [37m[1mas[22m[39m [33m`f3__description`[39m[0m,[0m [33m`f3`[39m[0m.[0m[33m`body`[39m [37m[1mas[22m[39m [33m`f3__body`[39m[0m,[0m [33m`f3`[39m[0m.[0m[33m`created_at`[39m [37m[1mas[22m[39m [33m`f3__created_at`[39m[0m,[0m [33m`f3`[39m[0m.[0m[33m`updated_at`[39m [37m[1mas[22m[39m [33m`f3__updated_at`[39m[0m,[0m [33m`f3`[39m[0m.[0m[33m`tag_list`[39m [37m[1mas[22m[39m [33m`f3__tag_list`[39m[0m,[0m [33m`f3`[39m[0m.[0m[33m`author_id`[39m [37m[1mas[22m[39m [33m`f3__author_id`[39m[0m,[0m [33m`f3`[39m[0m.[0m[33m`favorites_count`[39m [37m[1mas[22m[39m [33m`f3__favorites_count`[39m[0m,[0m [33m`c5`[39m[0m.[0m[33m`id`[39m [37m[1mas[22m[39m [33m`c5__id`[39m[0m,[0m [33m`c5`[39m[0m.[0m[33m`created_at`[39m [37m[1mas[22m[39m [33m`c5__created_at`[39m[0m,[0m [33m`c5`[39m[0m.[0m[33m`updated_at`[39m [37m[1mas[22m[39m [33m`c5__updated_at`[39m[0m,[0m [33m`c5`[39m[0m.[0m[33m`body`[39m [37m[1mas[22m[39m [33m`c5__body`[39m[0m,[0m [33m`c5`[39m[0m.[0m[33m`article_id`[39m [37m[1mas[22m[39m [33m`c5__article_id`[39m[0m,[0m [33m`c5`[39m[0m.[0m[33m`author_id`[39m [37m[1mas[22m[39m [33m`c5__author_id`[39m[0m,[0m [33m`a6`[39m[0m.[0m[33m`id`[39m [37m[1mas[22m[39m [33m`a6__id`[39m[0m,[0m [33m`a6`[39m[0m.[0m[33m`slug`[39m [37m[1mas[22m[39m [33m`a6__slug`[39m[0m,[0m [33m`a6`[39m[0m.[0m[33m`title`[39m [37m[1mas[22m[39m [33m`a6__title`[39m[0m,[0m [33m`a6`[39m[0m.[0m[33m`description`[39m [37m[1mas[22m[39m [33m`a6__description`[39m[0m,[0m [33m`a6`[39m[0m.[0m[33m`body`[39m [37m[1mas[22m[39m [33m`a6__body`[39m[0m,[0m [33m`a6`[39m[0m.[0m[33m`created_at`[39m [37m[1mas[22m[39m [33m`a6__created_at`[39m[0m,[0m [33m`a6`[39m[0m.[0m[33m`updated_at`[39m [37m[1mas[22m[39m [33m`a6__updated_at`[39m[0m,[0m [33m`a6`[39m[0m.[0m[33m`tag_list`[39m [37m[1mas[22m[39m [33m`a6__tag_list`[39m[0m,[0m [33m`a6`[39m[0m.[0m[33m`author_id`[39m [37m[1mas[22m[39m [33m`a6__author_id`[39m[0m,[0m [33m`a6`[39m[0m.[0m[33m`favorites_count`[39m [37m[1mas[22m[39m [33m`a6__favorites_count`[39m[0m,[0m [33m`c7`[39m[0m.[0m[33m`id`[39m [37m[1mas[22m[39m [33m`c7__id`[39m[0m,[0m [33m`c7`[39m[0m.[0m[33m`created_at`[39m [37m[1mas[22m[39m [33m`c7__created_at`[39m[0m,[0m [33m`c7`[39m[0m.[0m[33m`updated_at`[39m [37m[1mas[22m[39m [33m`c7__updated_at`[39m[0m,[0m [33m`c7`[39m[0m.[0m[33m`body`[39m [37m[1mas[22m[39m [33m`c7__body`[39m[0m,[0m [33m`c7`[39m[0m.[0m[33m`article_id`[39m [37m[1mas[22m[39m [33m`c7__article_id`[39m[0m,[0m [33m`c7`[39m[0m.[0m[33m`author_id`[39m [37m[1mas[22m[39m [33m`c7__author_id`[39m [37m[1mfrom[22m[39m [33m`user`[39m [37m[1mas[22m[39m [33m`u0`[39m [37m[1mleft join[22m[39m [33m`user_to_follower`[39m [37m[1mas[22m[39m [33m`u2`[39m [37m[1mon[22m[39m [33m`u0`[39m[0m.[0m[33m`id`[39m [0m=[0m [33m`u2`[39m[0m.[0m[33m`follower`[39m [37m[1mleft join[22m[39m [33m`user`[39m [37m[1mas[22m[39m [33m`f1`[39m [37m[1mon[22m[39m [33m`u2`[39m[0m.[0m[33m`following`[39m [0m=[0m [33m`f1`[39m[0m.[0m[33m`id`[39m [37m[1mleft join[22m[39m [33m`user_favorites`[39m [37m[1mas[22m[39m [33m`u4`[39m [37m[1mon[22m[39m [33m`u0`[39m[0m.[0m[33m`id`[39m [0m=[0m [33m`u4`[39m[0m.[0m[33m`user_id`[39m [37m[1mleft join[22m[39m [33m`article`[39m [37m[1mas[22m[39m [33m`f3`[39m [37m[1mon[22m[39m [33m`u4`[39m[0m.[0m[33m`article_id`[39m [0m=[0m [33m`f3`[39m[0m.[0m[33m`id`[39m [37m[1mleft join[22m[39m [33m`comment`[39m [37m[1mas[22m[39m [33m`c5`[39m [37m[1mon[22m[39m [33m`f3`[39m[0m.[0m[33m`id`[39m [0m=[0m [33m`c5`[39m[0m.[0m[33m`article_id`[39m [37m[1mleft join[22m[39m [33m`article`[39m [37m[1mas[22m[39m [33m`a6`[39m [37m[1mon[22m[39m [33m`u0`[39m[0m.[0m[33m`id`[39m [0m=[0m [33m`a6`[39m[0m.[0m[33m`author_id`[39m [37m[1mleft join[22m[39m [33m`comment`[39m [37m[1mas[22m[39m [33m`c7`[39m [37m[1mon[22m[39m [33m`a6`[39m[0m.[0m[33m`id`[39m [0m=[0m [33m`c7`[39m[0m.[0m[33m`article_id`[39m [37m[1mwhere[22m[39m [33m`u0`[39m[0m.[0m[33m`id`[39m [0m=[0m [32m5[39m[90m [took 1 ms, 1 result][39m
[90m[query] [39m[37m[1mbegin[22m[39m
[90m[query] [39m[37m[1minsert[22m[39m [37m[1minto[22m[39m [33m`article`[39m ([33m`slug`[39m[0m,[0m [33m`title`[39m[0m,[0m [33m`description`[39m[0m,[0m [33m`body`[39m[0m,[0m [33m`created_at`[39m[0m,[0m [33m`updated_at`[39m[0m,[0m [33m`tag_list`[39m[0m,[0m [33m`author_id`[39m[0m,[0m [33m`favorites_count`[39m) [37m[1mvalues[22m[39m ([33m'my-first-test-article-6vcgr9'[39m[0m,[0m [33m'My First Test Article'[39m[0m,[0m [33m'This is a test article'[39m[0m,[0m [33m'Hello World! Testing article creation.'[39m[0m,[0m [33m'2025-10-15 19:25:00.397'[39m[0m,[0m [33m'2025-10-15 19:25:00.397'[39m[0m,[0m [33m'test,backend'[39m[0m,[0m [32m5[39m[0m,[0m [32m0[39m)[90m [took 0 ms][39m
[90m[query] [39m[37m[1mcommit[22m[39m
[90m[query] [39m[37m[1mselect[22m[39m [33m`u0`[39m[0m.[0m[0m*[0m [37m[1mfrom[22m[39m [33m`user`[39m [37m[1mas[22m[39m [33m`u0`[39m [37m[1mwhere[22m[39m [33m`u0`[39m[0m.[0m[33m`id`[39m [0m=[0m [32m5[39m [37m[1mlimit[22m[39m [32m1[39m[90m [took 1 ms, 1 result][39m
[90m[query] [39m[37m[1mselect[22m[39m [33m`u0`[39m[0m.[0m[33m`id`[39m[0m,[0m [33m`u0`[39m[0m.[0m[33m`username`[39m[0m,[0m [33m`u0`[39m[0m.[0m[33m`email`[39m[0m,[0m [33m`u0`[39m[0m.[0m[33m`bio`[39m[0m,[0m [33m`u0`[39m[0m.[0m[33m`image`[39m[0m,[0m [33m`u0`[39m[0m.[0m[33m`password`[39m[0m,[0m [33m`f1`[39m[0m.[0m[33m`id`[39m [37m[1mas[22m[39m [33m`f1__id`[39m[0m,[0m [33m`f1`[39m[0m.[0m[33m`username`[39m [37m[1mas[22m[39m [33m`f1__username`[39m[0m,[0m [33m`f1`[39m[0m.[0m[33m`email`[39m [37m[1mas[22m[39m [33m`f1__email`[39m[0m,[0m [33m`f1`[39m[0m.[0m[33m`bio`[39m [37m[1mas[22m[39m [33m`f1__bio`[39m[0m,[0m [33m`f1`[39m[0m.[0m[33m`image`[39m [37m[1mas[22m[39m [33m`f1__image`[39m[0m,[0m [33m`f1`[39m[0m.[0m[33m`password`[39m [37m[1mas[22m[39m [33m`f1__password`[39m[0m,[0m [33m`f3`[39m[0m.[0m[33m`id`[39m [37m[1mas[22m[39m [33m`f3__id`[39m[0m,[0m [33m`f3`[39m[0m.[0m[33m`slug`[39m [37m[1mas[22m[39m [33m`f3__slug`[39m[0m,[0m [33m`f3`[39m[0m.[0m[33m`title`[39m [37m[1mas[22m[39m [33m`f3__title`[39m[0m,[0m [33m`f3`[39m[0m.[0m[33m`description`[39m [37m[1mas[22m[39m [33m`f3__description`[39m[0m,[0m [33m`f3`[39m[0m.[0m[33m`body`[39m [37m[1mas[22m[39m [33m`f3__body`[39m[0m,[0m [33m`f3`[39m[0m.[0m[33m`created_at`[39m [37m[1mas[22m[39m [33m`f3__created_at`[39m[0m,[0m [33m`f3`[39m[0m.[0m[33m`updated_at`[39m [37m[1mas[22m[39m [33m`f3__updated_at`[39m[0m,[0m [33m`f3`[39m[0m.[0m[33m`tag_list`[39m [37m[1mas[22m[39m [33m`f3__tag_list`[39m[0m,[0m [33m`f3`[39m[0m.[0m[33m`author_id`[39m [37m[1mas[22m[39m [33m`f3__author_id`[39m[0m,[0m [33m`f3`[39m[0m.[0m[33m`favorites_count`[39m [37m[1mas[22m[39m [33m`f3__favorites_count`[39m[0m,[0m [33m`c5`[39m[0m.[0m[33m`id`[39m [37m[1mas[22m[39m [33m`c5__id`[39m[0m,[0m [33m`c5`[39m[0m.[0m[33m`created_at`[39m [37m[1mas[22m[39m [33m`c5__created_at`[39m[0m,[0m [33m`c5`[39m[0m.[0m[33m`updated_at`[39m [37m[1mas[22m[39m [33m`c5__updated_at`[39m[0m,[0m [33m`c5`[39m[0m.[0m[33m`body`[39m [37m[1mas[22m[39m [33m`c5__body`[39m[0m,[0m [33m`c5`[39m[0m.[0m[33m`article_id`[39m [37m[1mas[22m[39m [33m`c5__article_id`[39m[0m,[0m [33m`c5`[39m[0m.[0m[33m`author_id`[39m [37m[1mas[22m[39m [33m`c5__author_id`[39m[0m,[0m [33m`a6`[39m[0m.[0m[33m`id`[39m [37m[1mas[22m[39m [33m`a6__id`[39m[0m,[0m [33m`a6`[39m[0m.[0m[33m`slug`[39m [37m[1mas[22m[39m [33m`a6__slug`[39m[0m,[0m [33m`a6`[39m[0m.[0m[33m`title`[39m [37m[1mas[22m[39m [33m`a6__title`[39m[0m,[0m [33m`a6`[39m[0m.[0m[33m`description`[39m [37m[1mas[22m[39m [33m`a6__description`[39m[0m,[0m [33m`a6`[39m[0m.[0m[33m`body`[39m [37m[1mas[22m[39m [33m`a6__body`[39m[0m,[0m [33m`a6`[39m[0m.[0m[33m`created_at`[39m [37m[1mas[22m[39m [33m`a6__created_at`[39m[0m,[0m [33m`a6`[39m[0m.[0m[33m`updated_at`[39m [37m[1mas[22m[39m [33m`a6__updated_at`[39m[0m,[0m [33m`a6`[39m[0m.[0m[33m`tag_list`[39m [37m[1mas[22m[39m [33m`a6__tag_list`[39m[0m,[0m [33m`a6`[39m[0m.[0m[33m`author_id`[39m [37m[1mas[22m[39m [33m`a6__author_id`[39m[0m,[0m [33m`a6`[39m[0m.[0m[33m`favorites_count`[39m [37m[1mas[22m[39m [33m`a6__favorites_count`[39m[0m,[0m [33m`c7`[39m[0m.[0m[33m`id`[39m [37m[1mas[22m[39m [33m`c7__id`[39m[0m,[0m [33m`c7`[39m[0m.[0m[33m`created_at`[39m [37m[1mas[22m[39m [33m`c7__created_at`[39m[0m,[0m [33m`c7`[39m[0m.[0m[33m`updated_at`[39m [37m[1mas[22m[39m [33m`c7__updated_at`[39m[0m,[0m [33m`c7`[39m[0m.[0m[33m`body`[39m [37m[1mas[22m[39m [33m`c7__body`[39m[0m,[0m [33m`c7`[39m[0m.[0m[33m`article_id`[39m [37m[1mas[22m[39m [33m`c7__article_id`[39m[0m,[0m [33m`c7`[39m[0m.[0m[33m`author_id`[39m [37m[1mas[22m[39m [33m`c7__author_id`[39m [37m[1mfrom[22m[39m [33m`user`[39m [37m[1mas[22m[39m [33m`u0`[39m [37m[1mleft join[22m[39m [33m`user_to_follower`[39m [37m[1mas[22m[39m [33m`u2`[39m [37m[1mon[22m[39m [33m`u0`[39m[0m.[0m[33m`id`[39m [0m=[0m [33m`u2`[39m[0m.[0m[33m`follower`[39m [37m[1mleft join[22m[39m [33m`user`[39m [37m[1mas[22m[39m [33m`f1`[39m [37m[1mon[22m[39m [33m`u2`[39m[0m.[0m[33m`following`[39m [0m=[0m [33m`f1`[39m[0m.[0m[33m`id`[39m [37m[1mleft join[22m[39m [33m`user_favorites`[39m [37m[1mas[22m[39m [33m`u4`[39m [37m[1mon[22m[39m [33m`u0`[39m[0m.[0m[33m`id`[39m [0m=[0m [33m`u4`[39m[0m.[0m[33m`user_id`[39m [37m[1mleft join[22m[39m [33m`article`[39m [37m[1mas[22m[39m [33m`f3`[39m [37m[1mon[22m[39m [33m`u4`[39m[0m.[0m[33m`article_id`[39m [0m=[0m [33m`f3`[39m[0m.[0m[33m`id`[39m [37m[1mleft join[22m[39m [33m`comment`[39m [37m[1mas[22m[39m [33m`c5`[39m [37m[1mon[22m[39m [33m`f3`[39m[0m.[0m[33m`id`[39m [0m=[0m [33m`c5`[39m[0m.[0m[33m`article_id`[39m [37m[1mleft join[22m[39m [33m`article`[39m [37m[1mas[22m[39m [33m`a6`[39m [37m[1mon[22m[39m [33m`u0`[39m[0m.[0m[33m`id`[39m [0m=[0m [33m`a6`[39m[0m.[0m[33m`author_id`[39m [37m[1mleft join[22m[39m [33m`comment`[39m [37m[1mas[22m[39m [33m`c7`[39m [37m[1mon[22m[39m [33m`a6`[39m[0m.[0m[33m`id`[39m [0m=[0m [33m`c7`[39m[0m.[0m[33m`article_id`[39m [37m[1mwhere[22m[39m [33m`u0`[39m[0m.[0m[33m`id`[39m [0m=[0m [32m5[39m[90m [took 1 ms, 2 results][39m
[90m[query] [39m[37m[1mselect[22m[39m [33m`a0`[39m[0m.[0m[33m`id`[39m[0m,[0m [33m`a0`[39m[0m.[0m[33m`slug`[39m[0m,[0m [33m`a0`[39m[0m.[0m[33m`title`[39m[0m,[0m [33m`a0`[39m[0m.[0m[33m`description`[39m[0m,[0m [33m`a0`[39m[0m.[0m[33m`body`[39m[0m,[0m [33m`a0`[39m[0m.[0m[33m`created_at`[39m[0m,[0m [33m`a0`[39m[0m.[0m[33m`updated_at`[39m[0m,[0m [33m`a0`[39m[0m.[0m[33m`tag_list`[39m[0m,[0m [33m`a0`[39m[0m.[0m[33m`author_id`[39m[0m,[0m [33m`a0`[39m[0m.[0m[33m`favorites_count`[39m[0m,[0m [33m`a1`[39m[0m.[0m[33m`id`[39m [37m[1mas[22m[39m [33m`a1__id`[39m[0m,[0m [33m`a1`[39m[0m.[0m[33m`username`[39m [37m[1mas[22m[39m [33m`a1__username`[39m[0m,[0m [33m`a1`[39m[0m.[0m[33m`email`[39m [37m[1mas[22m[39m [33m`a1__email`[39m[0m,[0m [33m`a1`[39m[0m.[0m[33m`bio`[39m [37m[1mas[22m[39m [33m`a1__bio`[39m[0m,[0m [33m`a1`[39m[0m.[0m[33m`image`[39m [37m[1mas[22m[39m [33m`a1__image`[39m[0m,[0m [33m`a1`[39m[0m.[0m[33m`password`[39m [37m[1mas[22m[39m [33m`a1__password`[39m[0m,[0m [33m`c2`[39m[0m.[0m[33m`id`[39m [37m[1mas[22m[39m [33m`c2__id`[39m[0m,[0m [33m`c2`[39m[0m.[0m[33m`created_at`[39m [37m[1mas[22m[39m [33m`c2__created_at`[39m[0m,[0m [33m`c2`[39m[0m.[0m[33m`updated_at`[39m [37m[1mas[22m[39m [33m`c2__updated_at`[39m[0m,[0m [33m`c2`[39m[0m.[0m[33m`body`[39m [37m[1mas[22m[39m [33m`c2__body`[39m[0m,[0m [33m`c2`[39m[0m.[0m[33m`article_id`[39m [37m[1mas[22m[39m [33m`c2__article_id`[39m[0m,[0m [33m`c2`[39m[0m.[0m[33m`author_id`[39m [37m[1mas[22m[39m [33m`c2__author_id`[39m [37m[1mfrom[22m[39m [33m`article`[39m [37m[1mas[22m[39m [33m`a0`[39m [37m[1mleft join[22m[39m [33m`user`[39m [37m[1mas[22m[39m [33m`a1`[39m [37m[1mon[22m[39m [33m`a0`[39m[0m.[0m[33m`author_id`[39m [0m=[0m [33m`a1`[39m[0m.[0m[33m`id`[39m [37m[1mleft join[22m[39m [33m`comment`[39m [37m[1mas[22m[39m [33m`c2`[39m [37m[1mon[22m[39m [33m`a0`[39m[0m.[0m[33m`id`[39m [0m=[0m [33m`c2`[39m[0m.[0m[33m`article_id`[39m [37m[1mwhere[22m[39m [33m`a0`[39m[0m.[0m[33m`slug`[39m [0m=[0m [33m'my-first-test-article-y3bhzz'[39m[90m [took 1 ms, 1 result][39m
[90m[query] [39m[37m[1mbegin[22m[39m
[90m[query] [39m[37m[1mupdate[22m[39m [33m`article`[39m [37m[1mset[22m[39m [33m`title`[39m [0m=[0m [33m'Updated Test Article'[39m[0m,[0m [33m`description`[39m [0m=[0m [33m'Updated description'[39m[0m,[0m [33m`body`[39m [0m=[0m [33m'Updated body content'[39m[0m,[0m [33m`updated_at`[39m [0m=[0m [33m'2025-10-15 19:25:20.697'[39m [37m[1mwhere[22m[39m [33m`id`[39m [0m=[0m [32m3[39m[90m [took 0 ms][39m
[90m[query] [39m[37m[1mcommit[22m[39m
[90m[query] [39m[37m[1mselect[22m[39m [33m`u0`[39m[0m.[0m[0m*[0m [37m[1mfrom[22m[39m [33m`user`[39m [37m[1mas[22m[39m [33m`u0`[39m [37m[1mwhere[22m[39m [33m`u0`[39m[0m.[0m[33m`id`[39m [0m=[0m [32m5[39m [37m[1mlimit[22m[39m [32m1[39m[90m [took 1 ms, 1 result][39m
[90m[query] [39m[37m[1mdelete from[22m[39m [33m`article`[39m [37m[1mwhere[22m[39m [33m`slug`[39m [0m=[0m [33m'my-first-test-article-y3bhzz'[39m[90m [took 3 ms][39m
[90m[query] [39m[37m[1mselect[22m[39m [33m`u0`[39m[0m.[0m[0m*[0m [37m[1mfrom[22m[39m [33m`user`[39m [37m[1mas[22m[39m [33m`u0`[39m [37m[1mwhere[22m[39m [33m`u0`[39m[0m.[0m[33m`id`[39m [0m=[0m [32m5[39m [37m[1mlimit[22m[39m [32m1[39m[90m [took 1 ms, 1 result][39m
[90m[query] [39m[37m[1mselect[22m[39m [33m`u0`[39m[0m.[0m[0m*[0m [37m[1mfrom[22m[39m [33m`user`[39m [37m[1mas[22m[39m [33m`u0`[39m [37m[1mwhere[22m[39m [33m`u0`[39m[0m.[0m[33m`email`[39m [0m=[0m [33m'testuser@example.com'[39m [37m[1mlimit[22m[39m [32m1[39m[90m [took 0 ms, 1 result][39m
[90m[query] [39m[37m[1mselect[22m[39m [33m`u0`[39m[0m.[0m[0m*[0m [37m[1mfrom[22m[39m [33m`user`[39m [37m[1mas[22m[39m [33m`u0`[39m [37m[1mwhere[22m[39m [33m`u0`[39m[0m.[0m[33m`id`[39m [0m=[0m [32m3[39m [37m[1mlimit[22m[39m [32m1[39m[90m [took 1 ms, 1 result][39m
[90m[query] [39m[37m[1mselect[22m[39m [33m`u0`[39m[0m.[0m[0m*[0m [37m[1mfrom[22m[39m [33m`user`[39m [37m[1mas[22m[39m [33m`u0`[39m [37m[1mwhere[22m[39m [33m`u0`[39m[0m.[0m[33m`email`[39m [0m=[0m [33m'jcosten0@purevolume.com'[39m [37m[1mlimit[22m[39m [32m1[39m[90m [took 1 ms, 1 result][39m
[90m[query] [39m[37m[1mselect[22m[39m [33m`u0`[39m[0m.[0m[33m`id`[39m[0m,[0m [33m`u0`[39m[0m.[0m[33m`username`[39m[0m,[0m [33m`u0`[39m[0m.[0m[33m`email`[39m[0m,[0m [33m`u0`[39m[0m.[0m[33m`bio`[39m[0m,[0m [33m`u0`[39m[0m.[0m[33m`image`[39m[0m,[0m [33m`u0`[39m[0m.[0m[33m`password`[39m[0m,[0m [33m`f1`[39m[0m.[0m[33m`id`[39m [37m[1mas[22m[39m [33m`f1__id`[39m[0m,[0m [33m`f1`[39m[0m.[0m[33m`username`[39m [37m[1mas[22m[39m [33m`f1__username`[39m[0m,[0m [33m`f1`[39m[0m.[0m[33m`email`[39m [37m[1mas[22m[39m [33m`f1__email`[39m[0m,[0m [33m`f1`[39m[0m.[0m[33m`bio`[39m [37m[1mas[22m[39m [33m`f1__bio`[39m[0m,[0m [33m`f1`[39m[0m.[0m[33m`image`[39m [37m[1mas[22m[39m [33m`f1__image`[39m[0m,[0m [33m`f1`[39m[0m.[0m[33m`password`[39m [37m[1mas[22m[39m [33m`f1__password`[39m [37m[1mfrom[22m[39m [33m`user`[39m [37m[1mas[22m[39m [33m`u0`[39m [37m[1mleft join[22m[39m [33m`user_to_follower`[39m [37m[1mas[22m[39m [33m`u2`[39m [37m[1mon[22m[39m [33m`u0`[39m[0m.[0m[33m`id`[39m [0m=[0m [33m`u2`[39m[0m.[0m[33m`follower`[39m [37m[1mleft join[22m[39m [33m`user`[39m [37m[1mas[22m[39m [33m`f1`[39m [37m[1mon[22m[39m [33m`u2`[39m[0m.[0m[33m`following`[39m [0m=[0m [33m`f1`[39m[0m.[0m[33m`id`[39m [37m[1mwhere[22m[39m [33m`u0`[39m[0m.[0m[33m`username`[39m [0m=[0m [33m'John Costen'[39m[90m [took 1 ms, 1 result][39m
[90m[query] [39m[37m[1mselect[22m[39m [33m`u0`[39m[0m.[0m[33m`id`[39m[0m,[0m [33m`u0`[39m[0m.[0m[33m`username`[39m[0m,[0m [33m`u0`[39m[0m.[0m[33m`email`[39m[0m,[0m [33m`u0`[39m[0m.[0m[33m`bio`[39m[0m,[0m [33m`u0`[39m[0m.[0m[33m`image`[39m[0m,[0m [33m`u0`[39m[0m.[0m[33m`password`[39m[0m,[0m [33m`f1`[39m[0m.[0m[33m`id`[39m [37m[1mas[22m[39m [33m`f1__id`[39m[0m,[0m [33m`f1`[39m[0m.[0m[33m`username`[39m [37m[1mas[22m[39m [33m`f1__username`[39m[0m,[0m [33m`f1`[39m[0m.[0m[33m`email`[39m [37m[1mas[22m[39m [33m`f1__email`[39m[0m,[0m [33m`f1`[39m[0m.[0m[33m`bio`[39m [37m[1mas[22m[39m [33m`f1__bio`[39m[0m,[0m [33m`f1`[39m[0m.[0m[33m`image`[39m [37m[1mas[22m[39m [33m`f1__image`[39m[0m,[0m [33m`f1`[39m[0m.[0m[33m`password`[39m [37m[1mas[22m[39m [33m`f1__password`[39m[0m,[0m [33m`f3`[39m[0m.[0m[33m`id`[39m [37m[1mas[22m[39m [33m`f3__id`[39m[0m,[0m [33m`f3`[39m[0m.[0m[33m`slug`[39m [37m[1mas[22m[39m [33m`f3__slug`[39m[0m,[0m [33m`f3`[39m[0m.[0m[33m`title`[39m [37m[1mas[22m[39m [33m`f3__title`[39m[0m,[0m [33m`f3`[39m[0m.[0m[33m`description`[39m [37m[1mas[22m[39m [33m`f3__description`[39m[0m,[0m [33m`f3`[39m[0m.[0m[33m`body`[39m [37m[1mas[22m[39m [33m`f3__body`[39m[0m,[0m [33m`f3`[39m[0m.[0m[33m`created_at`[39m [37m[1mas[22m[39m [33m`f3__created_at`[39m[0m,[0m [33m`f3`[39m[0m.[0m[33m`updated_at`[39m [37m[1mas[22m[39m [33m`f3__updated_at`[39m[0m,[0m [33m`f3`[39m[0m.[0m[33m`tag_list`[39m [37m[1mas[22m[39m [33m`f3__tag_list`[39m[0m,[0m [33m`f3`[39m[0m.[0m[33m`author_id`[39m [37m[1mas[22m[39m [33m`f3__author_id`[39m[0m,[0m [33m`f3`[39m[0m.[0m[33m`favorites_count`[39m [37m[1mas[22m[39m [33m`f3__favorites_count`[39m[0m,[0m [33m`c5`[39m[0m.[0m[33m`id`[39m [37m[1mas[22m[39m [33m`c5__id`[39m[0m,[0m [33m`c5`[39m[0m.[0m[33m`created_at`[39m [37m[1mas[22m[39m [33m`c5__created_at`[39m[0m,[0m [33m`c5`[39m[0m.[0m[33m`updated_at`[39m [37m[1mas[22m[39m [33m`c5__updated_at`[39m[0m,[0m [33m`c5`[39m[0m.[0m[33m`body`[39m [37m[1mas[22m[39m [33m`c5__body`[39m[0m,[0m [33m`c5`[39m[0m.[0m[33m`article_id`[39m [37m[1mas[22m[39m [33m`c5__article_id`[39m[0m,[0m [33m`c5`[39m[0m.[0m[33m`author_id`[39m [37m[1mas[22m[39m [33m`c5__author_id`[39m [37m[1mfrom[22m[39m [33m`user`[39m [37m[1mas[22m[39m [33m`u0`[39m [37m[1mleft join[22m[39m [33m`user_to_follower`[39m [37m[1mas[22m[39m [33m`u2`[39m [37m[1mon[22m[39m [33m`u0`[39m[0m.[0m[33m`id`[39m [0m=[0m [33m`u2`[39m[0m.[0m[33m`follower`[39m [37m[1mleft join[22m[39m [33m`user`[39m [37m[1mas[22m[39m [33m`f1`[39m [37m[1mon[22m[39m [33m`u2`[39m[0m.[0m[33m`following`[39m [0m=[0m [33m`f1`[39m[0m.[0m[33m`id`[39m [37m[1mleft join[22m[39m [33m`user_favorites`[39m [37m[1mas[22m[39m [33m`u4`[39m [37m[1mon[22m[39m [33m`u0`[39m[0m.[0m[33m`id`[39m [0m=[0m [33m`u4`[39m[0m.[0m[33m`user_id`[39m [37m[1mleft join[22m[39m [33m`article`[39m [37m[1mas[22m[39m [33m`f3`[39m [37m[1mon[22m[39m [33m`u4`[39m[0m.[0m[33m`article_id`[39m [0m=[0m [33m`f3`[39m[0m.[0m[33m`id`[39m [37m[1mleft join[22m[39m [33m`comment`[39m [37m[1mas[22m[39m [33m`c5`[39m [37m[1mon[22m[39m [33m`f3`[39m[0m.[0m[33m`id`[39m [0m=[0m [33m`c5`[39m[0m.[0m[33m`article_id`[39m [37m[1mwhere[22m[39m [33m`u0`[39m[0m.[0m[33m`id`[39m [0m=[0m [32m3[39m[90m [took 1 ms, 1 result][39m
[90m[query] [39m[37m[1mselect[22m[39m [33m`u0`[39m[0m.[0m[0m*[0m [37m[1mfrom[22m[39m [33m`user`[39m [37m[1mas[22m[39m [33m`u0`[39m [37m[1mwhere[22m[39m [33m`u0`[39m[0m.[0m[33m`username`[39m [0m=[0m [33m'John Costen'[39m [37m[1mlimit[22m[39m [32m1[39m[90m [took 1 ms, 1 result][39m
[90m[query] [39m[37m[1mselect[22m[39m [37m[1mcount[22m[39m([37m[1mdistinct[22m[39m [33m`a`[39m[0m.[0m[33m`id`[39m) [37m[1mas[22m[39m [33m`count`[39m [37m[1mfrom[22m[39m [33m`article`[39m [37m[1mas[22m[39m [33m`a`[39m [37m[1mleft join[22m[39m [33m`user`[39m [37m[1mas[22m[39m [33m`u`[39m [37m[1mon[22m[39m [33m`a`[39m[0m.[0m[33m`author_id`[39m [0m=[0m [33m`u`[39m[0m.[0m[33m`id`[39m [37m[1mwhere[22m[39m [33m`a`[39m[0m.[0m[33m`author_id`[39m [0m=[0m [32m3[39m [37m[1morder by[22m[39m [33m`a`[39m[0m.[0m[33m`created_at`[39m [37m[1mdesc[22m[39m[90m [took 1 ms][39m
[90m[query] [39m[37m[1mselect[22m[39m [33m`a`[39m[0m.[0m[0m*[0m [37m[1mfrom[22m[39m [33m`article`[39m [37m[1mas[22m[39m [33m`a`[39m [37m[1mleft join[22m[39m [33m`user`[39m [37m[1mas[22m[39m [33m`u`[39m [37m[1mon[22m[39m [33m`a`[39m[0m.[0m[33m`author_id`[39m [0m=[0m [33m`u`[39m[0m.[0m[33m`id`[39m [37m[1mwhere[22m[39m [33m`a`[39m[0m.[0m[33m`author_id`[39m [0m=[0m [32m3[39m [37m[1morder by[22m[39m [33m`a`[39m[0m.[0m[33m`created_at`[39m [37m[1mdesc[22m[39m [37m[1mlimit[22m[39m [32m10[39m[90m [took 1 ms, 0 result][39m
[90m[query] [39m[37m[1mselect[22m[39m [33m`a0`[39m[0m.[0m[33m`id`[39m[0m,[0m [33m`a0`[39m[0m.[0m[33m`slug`[39m[0m,[0m [33m`a0`[39m[0m.[0m[33m`title`[39m[0m,[0m [33m`a0`[39m[0m.[0m[33m`description`[39m[0m,[0m [33m`a0`[39m[0m.[0m[33m`body`[39m[0m,[0m [33m`a0`[39m[0m.[0m[33m`created_at`[39m[0m,[0m [33m`a0`[39m[0m.[0m[33m`updated_at`[39m[0m,[0m [33m`a0`[39m[0m.[0m[33m`tag_list`[39m[0m,[0m [33m`a0`[39m[0m.[0m[33m`author_id`[39m[0m,[0m [33m`a0`[39m[0m.[0m[33m`favorites_count`[39m[0m,[0m [33m`a1`[39m[0m.[0m[33m`id`[39m [37m[1mas[22m[39m [33m`a1__id`[39m[0m,[0m [33m`a1`[39m[0m.[0m[33m`username`[39m [37m[1mas[22m[39m [33m`a1__username`[39m[0m,[0m [33m`a1`[39m[0m.[0m[33m`email`[39m [37m[1mas[22m[39m [33m`a1__email`[39m[0m,[0m [33m`a1`[39m[0m.[0m[33m`bio`[39m [37m[1mas[22m[39m [33m`a1__bio`[39m[0m,[0m [33m`a1`[39m[0m.[0m[33m`image`[39m [37m[1mas[22m[39m [33m`a1__image`[39m[0m,[0m [33m`a1`[39m[0m.[0m[33m`password`[39m [37m[1mas[22m[39m [33m`a1__password`[39m[0m,[0m [33m`c2`[39m[0m.[0m[33m`id`[39m [37m[1mas[22m[39m [33m`c2__id`[39m[0m,[0m [33m`c2`[39m[0m.[0m[33m`created_at`[39m [37m[1mas[22m[39m [33m`c2__created_at`[39m[0m,[0m [33m`c2`[39m[0m.[0m[33m`updated_at`[39m [37m[1mas[22m[39m [33m`c2__updated_at`[39m[0m,[0m [33m`c2`[39m[0m.[0m[33m`body`[39m [37m[1mas[22m[39m [33m`c2__body`[39m[0m,[0m [33m`c2`[39m[0m.[0m[33m`article_id`[39m [37m[1mas[22m[39m [33m`c2__article_id`[39m[0m,[0m [33m`c2`[39m[0m.[0m[33m`author_id`[39m [37m[1mas[22m[39m [33m`c2__author_id`[39m [37m[1mfrom[22m[39m [33m`article`[39m [37m[1mas[22m[39m [33m`a0`[39m [37m[1mleft join[22m[39m [33m`user`[39m [37m[1mas[22m[39m [33m`a1`[39m [37m[1mon[22m[39m [33m`a0`[39m[0m.[0m[33m`author_id`[39m [0m=[0m [33m`a1`[39m[0m.[0m[33m`id`[39m [37m[1mleft join[22m[39m [33m`comment`[39m [37m[1mas[22m[39m [33m`c2`[39m [37m[1mon[22m[39m [33m`a0`[39m[0m.[0m[33m`id`[39m [0m=[0m [33m`c2`[39m[0m.[0m[33m`article_id`[39m [37m[1mwhere[22m[39m [32m1[39m [0m=[0m [32m0[39m[90m [took 1 ms, 0 result][39m
[90m[query] [39m[37m[1mselect[22m[39m [37m[1mcount[22m[39m([0m*[0m) [37m[1mas[22m[39m [33m`count`[39m [37m[1mfrom[22m[39m [33m`user`[39m [37m[1mas[22m[39m [33m`u0`[39m [37m[1mwhere[22m[39m ([33m`u0`[39m[0m.[0m[33m`username`[39m [0m=[0m [33m'testuser'[39m [37m[1mor[22m[39m [33m`u0`[39m[0m.[0m[33m`email`[39m [0m=[0m [33m'testuser@example.com'[39m)[90m [took 1 ms][39m
[90m[query] [39m[37m[1mselect[22m[39m [37m[1mcount[22m[39m([37m[1mdistinct[22m[39m [33m`a`[39m[0m.[0m[33m`id`[39m) [37m[1mas[22m[39m [33m`count`[39m [37m[1mfrom[22m[39m [33m`article`[39m [37m[1mas[22m[39m [33m`a`[39m [37m[1mleft join[22m[39m [33m`user`[39m [37m[1mas[22m[39m [33m`u`[39m [37m[1mon[22m[39m [33m`a`[39m[0m.[0m[33m`author_id`[39m [0m=[0m [33m`u`[39m[0m.[0m[33m`id`[39m [37m[1morder by[22m[39m [33m`a`[39m[0m.[0m[33m`created_at`[39m [37m[1mdesc[22m[39m[90m [took 0 ms][39m
[90m[query] [39m[37m[1mselect[22m[39m [33m`a`[39m[0m.[0m[0m*[0m [37m[1mfrom[22m[39m [33m`article`[39m [37m[1mas[22m[39m [33m`a`[39m [37m[1mleft join[22m[39m [33m`user`[39m [37m[1mas[22m[39m [33m`u`[39m [37m[1mon[22m[39m [33m`a`[39m[0m.[0m[33m`author_id`[39m [0m=[0m [33m`u`[39m[0m.[0m[33m`id`[39m [37m[1morder by[22m[39m [33m`a`[39m[0m.[0m[33m`created_at`[39m [37m[1mdesc[22m[39m[90m [took 0 ms, 3 results][39m
[90m[query] [39m[37m[1mselect[22m[39m [33m`a0`[39m[0m.[0m[33m`id`[39m[0m,[0m [33m`a0`[39m[0m.[0m[33m`slug`[39m[0m,[0m [33m`a0`[39m[0m.[0m[33m`title`[39m[0m,[0m [33m`a0`[39m[0m.[0m[33m`description`[39m[0m,[0m [33m`a0`[39m[0m.[0m[33m`body`[39m[0m,[0m [33m`a0`[39m[0m.[0m[33m`created_at`[39m[0m,[0m [33m`a0`[39m[0m.[0m[33m`updated_at`[39m[0m,[0m [33m`a0`[39m[0m.[0m[33m`tag_list`[39m[0m,[0m [33m`a0`[39m[0m.[0m[33m`author_id`[39m[0m,[0m [33m`a0`[39m[0m.[0m[33m`favorites_count`[39m[0m,[0m [33m`a1`[39m[0m.[0m[33m`id`[39m [37m[1mas[22m[39m [33m`a1__id`[39m[0m,[0m [33m`a1`[39m[0m.[0m[33m`username`[39m [37m[1mas[22m[39m [33m`a1__username`[39m[0m,[0m [33m`a1`[39m[0m.[0m[33m`email`[39m [37m[1mas[22m[39m [33m`a1__email`[39m[0m,[0m [33m`a1`[39m[0m.[0m[33m`bio`[39m [37m[1mas[22m[39m [33m`a1__bio`[39m[0m,[0m [33m`a1`[39m[0m.[0m[33m`image`[39m [37m[1mas[22m[39m [33m`a1__image`[39m[0m,[0m [33m`a1`[39m[0m.[0m[33m`password`[39m [37m[1mas[22m[39m [33m`a1__password`[39m[0m,[0m [33m`c2`[39m[0m.[0m[33m`id`[39m [37m[1mas[22m[39m [33m`c2__id`[39m[0m,[0m [33m`c2`[39m[0m.[0m[33m`created_at`[39m [37m[1mas[22m[39m [33m`c2__created_at`[39m[0m,[0m [33m`c2`[39m[0m.[0m[33m`updated_at`[39m [37m[1mas[22m[39m [33m`c2__updated_at`[39m[0m,[0m [33m`c2`[39m[0m.[0m[33m`body`[39m [37m[1mas[22m[39m [33m`c2__body`[39m[0m,[0m [33m`c2`[39m[0m.[0m[33m`article_id`[39m [37m[1mas[22m[39m [33m`c2__article_id`[39m[0m,[0m [33m`c2`[39m[0m.[0m[33m`author_id`[39m [37m[1mas[22m[39m [33m`c2__author_id`[39m [37m[1mfrom[22m[39m [33m`article`[39m [37m[1mas[22m[39m [33m`a0`[39m [37m[1mleft join[22m[39m [33m`user`[39m [37m[1mas[22m[39m [33m`a1`[39m [37m[1mon[22m[39m [33m`a0`[39m[0m.[0m[33m`author_id`[39m [0m=[0m [33m`a1`[39m[0m.[0m[33m`id`[39m [37m[1mleft join[22m[39m [33m`comment`[39m [37m[1mas[22m[39m [33m`c2`[39m [37m[1mon[22m[39m [33m`a0`[39m[0m.[0m[33m`id`[39m [0m=[0m [33m`c2`[39m[0m.[0m[33m`article_id`[39m [37m[1mwhere[22m[39m [33m`a0`[39m[0m.[0m[33m`id`[39m [37m[1min[22m[39m ([32m4[39m[0m,[0m [32m1[39m[0m,[0m [32m2[39m)[90m [took 1 ms, 3 results][39m
[90m[query] [39m[37m[1mselect[22m[39m [33m`t0`[39m[0m.[0m[0m*[0m [37m[1mfrom[22m[39m [33m`tag`[39m [37m[1mas[22m[39m [33m`t0`[39m[90m [took 2 ms, 4 results][39m
[90m[query] [39m[37m[1mselect[22m[39m [37m[1mcount[22m[39m([0m*[0m) [37m[1mas[22m[39m [33m`count`[39m [37m[1mfrom[22m[39m [33m`user`[39m [37m[1mas[22m[39m [33m`u0`[39m [37m[1mwhere[22m[39m ([33m`u0`[39m[0m.[0m[33m`username`[39m [0m=[0m [33m'testuser'[39m [37m[1mor[22m[39m [33m`u0`[39m[0m.[0m[33m`email`[39m [0m=[0m [33m'testuser@example.com'[39m)[90m [took 1 ms][39m
[90m[query] [39m[37m[1mselect[22m[39m [33m`u0`[39m[0m.[0m[0m*[0m [37m[1mfrom[22m[39m [33m`user`[39m [37m[1mas[22m[39m [33m`u0`[39m [37m[1mwhere[22m[39m [33m`u0`[39m[0m.[0m[33m`id`[39m [0m=[0m [32m3[39m [37m[1mlimit[22m[39m [32m1[39m[90m [took 1 ms, 1 result][39m
[90m[query] [39m[37m[1mselect[22m[39m [33m`u0`[39m[0m.[0m[33m`id`[39m[0m,[0m [33m`u0`[39m[0m.[0m[33m`username`[39m[0m,[0m [33m`u0`[39m[0m.[0m[33m`email`[39m[0m,[0m [33m`u0`[39m[0m.[0m[33m`bio`[39m[0m,[0m [33m`u0`[39m[0m.[0m[33m`image`[39m[0m,[0m [33m`u0`[39m[0m.[0m[33m`password`[39m[0m,[0m [33m`f1`[39m[0m.[0m[33m`id`[39m [37m[1mas[22m[39m [33m`f1__id`[39m[0m,[0m [33m`f1`[39m[0m.[0m[33m`username`[39m [37m[1mas[22m[39m [33m`f1__username`[39m[0m,[0m [33m`f1`[39m[0m.[0m[33m`email`[39m [37m[1mas[22m[39m [33m`f1__email`[39m[0m,[0m [33m`f1`[39m[0m.[0m[33m`bio`[39m [37m[1mas[22m[39m [33m`f1__bio`[39m[0m,[0m [33m`f1`[39m[0m.[0m[33m`image`[39m [37m[1mas[22m[39m [33m`f1__image`[39m[0m,[0m [33m`f1`[39m[0m.[0m[33m`password`[39m [37m[1mas[22m[39m [33m`f1__password`[39m[0m,[0m [33m`f3`[39m[0m.[0m[33m`id`[39m [37m[1mas[22m[39m [33m`f3__id`[39m[0m,[0m [33m`f3`[39m[0m.[0m[33m`slug`[39m [37m[1mas[22m[39m [33m`f3__slug`[39m[0m,[0m [33m`f3`[39m[0m.[0m[33m`title`[39m [37m[1mas[22m[39m [33m`f3__title`[39m[0m,[0m [33m`f3`[39m[0m.[0m[33m`description`[39m [37m[1mas[22m[39m [33m`f3__description`[39m[0m,[0m [33m`f3`[39m[0m.[0m[33m`body`[39m [37m[1mas[22m[39m [33m`f3__body`[39m[0m,[0m [33m`f3`[39m[0m.[0m[33m`created_at`[39m [37m[1mas[22m[39m [33m`f3__created_at`[39m[0m,[0m [33m`f3`[39m[0m.[0m[33m`updated_at`[39m [37m[1mas[22m[39m [33m`f3__updated_at`[39m[0m,[0m [33m`f3`[39m[0m.[0m[33m`tag_list`[39m [37m[1mas[22m[39m [33m`f3__tag_list`[39m[0m,[0m [33m`f3`[39m[0m.[0m[33m`author_id`[39m [37m[1mas[22m[39m [33m`f3__author_id`[39m[0m,[0m [33m`f3`[39m[0m.[0m[33m`favorites_count`[39m [37m[1mas[22m[39m [33m`f3__favorites_count`[39m[0m,[0m [33m`c5`[39m[0m.[0m[33m`id`[39m [37m[1mas[22m[39m [33m`c5__id`[39m[0m,[0m [33m`c5`[39m[0m.[0m[33m`created_at`[39m [37m[1mas[22m[39m [33m`c5__created_at`[39m[0m,[0m [33m`c5`[39m[0m.[0m[33m`updated_at`[39m [37m[1mas[22m[39m [33m`c5__updated_at`[39m[0m,[0m [33m`c5`[39m[0m.[0m[33m`body`[39m [37m[1mas[22m[39m [33m`c5__body`[39m[0m,[0m [33m`c5`[39m[0m.[0m[33m`article_id`[39m [37m[1mas[22m[39m [33m`c5__article_id`[39m[0m,[0m [33m`c5`[39m[0m.[0m[33m`author_id`[39m [37m[1mas[22m[39m [33m`c5__author_id`[39m[0m,[0m [33m`a6`[39m[0m.[0m[33m`id`[39m [37m[1mas[22m[39m [33m`a6__id`[39m[0m,[0m [33m`a6`[39m[0m.[0m[33m`slug`[39m [37m[1mas[22m[39m [33m`a6__slug`[39m[0m,[0m [33m`a6`[39m[0m.[0m[33m`title`[39m [37m[1mas[22m[39m [33m`a6__title`[39m[0m,[0m [33m`a6`[39m[0m.[0m[33m`description`[39m [37m[1mas[22m[39m [33m`a6__description`[39m[0m,[0m [33m`a6`[39m[0m.[0m[33m`body`[39m [37m[1mas[22m[39m [33m`a6__body`[39m[0m,[0m [33m`a6`[39m[0m.[0m[33m`created_at`[39m [37m[1mas[22m[39m [33m`a6__created_at`[39m[0m,[0m [33m`a6`[39m[0m.[0m[33m`updated_at`[39m [37m[1mas[22m[39m [33m`a6__updated_at`[39m[0m,[0m [33m`a6`[39m[0m.[0m[33m`tag_list`[39m [37m[1mas[22m[39m [33m`a6__tag_list`[39m[0m,[0m [33m`a6`[39m[0m.[0m[33m`author_id`[39m [37m[1mas[22m[39m [33m`a6__author_id`[39m[0m,[0m [33m`a6`[39m[0m.[0m[33m`favorites_count`[39m [37m[1mas[22m[39m [33m`a6__favorites_count`[39m[0m,[0m [33m`c7`[39m[0m.[0m[33m`id`[39m [37m[1mas[22m[39m [33m`c7__id`[39m[0m,[0m [33m`c7`[39m[0m.[0m[33m`created_at`[39m [37m[1mas[22m[39m [33m`c7__created_at`[39m[0m,[0m [33m`c7`[39m[0m.[0m[33m`updated_at`[39m [37m[1mas[22m[39m [33m`c7__updated_at`[39m[0m,[0m [33m`c7`[39m[0m.[0m[33m`body`[39m [37m[1mas[22m[39m [33m`c7__body`[39m[0m,[0m [33m`c7`[39m[0m.[0m[33m`article_id`[39m [37m[1mas[22m[39m [33m`c7__article_id`[39m[0m,[0m [33m`c7`[39m[0m.[0m[33m`author_id`[39m [37m[1mas[22m[39m [33m`c7__author_id`[39m [37m[1mfrom[22m[39m [33m`user`[39m [37m[1mas[22m[39m [33m`u0`[39m [37m[1mleft join[22m[39m [33m`user_to_follower`[39m [37m[1mas[22m[39m [33m`u2`[39m [37m[1mon[22m[39m [33m`u0`[39m[0m.[0m[33m`id`[39m [0m=[0m [33m`u2`[39m[0m.[0m[33m`follower`[39m [37m[1mleft join[22m[39m [33m`user`[39m [37m[1mas[22m[39m [33m`f1`[39m [37m[1mon[22m[39m [33m`u2`[39m[0m.[0m[33m`following`[39m [0m=[0m [33m`f1`[39m[0m.[0m[33m`id`[39m [37m[1mleft join[22m[39m [33m`user_favorites`[39m [37m[1mas[22m[39m [33m`u4`[39m [37m[1mon[22m[39m [33m`u0`[39m[0m.[0m[33m`id`[39m [0m=[0m [33m`u4`[39m[0m.[0m[33m`user_id`[39m [37m[1mleft join[22m[39m [33m`article`[39m [37m[1mas[22m[39m [33m`f3`[39m [37m[1mon[22m[39m [33m`u4`[39m[0m.[0m[33m`article_id`[39m [0m=[0m [33m`f3`[39m[0m.[0m[33m`id`[39m [37m[1mleft join[22m[39m [33m`comment`[39m [37m[1mas[22m[39m [33m`c5`[39m [37m[1mon[22m[39m [33m`f3`[39m[0m.[0m[33m`id`[39m [0m=[0m [33m`c5`[39m[0m.[0m[33m`article_id`[39m [37m[1mleft join[22m[39m [33m`article`[39m [37m[1mas[22m[39m [33m`a6`[39m [37m[1mon[22m[39m [33m`u0`[39m[0m.[0m[33m`id`[39m [0m=[0m [33m`a6`[39m[0m.[0m[33m`author_id`[39m [37m[1mleft join[22m[39m [33m`comment`[39m [37m[1mas[22m[39m [33m`c7`[39m [37m[1mon[22m[39m [33m`a6`[39m[0m.[0m[33m`id`[39m [0m=[0m [33m`c7`[39m[0m.[0m[33m`article_id`[39m [37m[1mwhere[22m[39m [33m`u0`[39m[0m.[0m[33m`id`[39m [0m=[0m [32m3[39m[90m [took 2 ms, 1 result][39m
[90m[query] [39m[37m[1mbegin[22m[39m
[90m[query] [39m[37m[1minsert[22m[39m [37m[1minto[22m[39m [33m`article`[39m ([33m`slug`[39m[0m,[0m [33m`title`[39m[0m,[0m [33m`description`[39m[0m,[0m [33m`body`[39m[0m,[0m [33m`created_at`[39m[0m,[0m [33m`updated_at`[39m[0m,[0m [33m`tag_list`[39m[0m,[0m [33m`author_id`[39m[0m,[0m [33m`favorites_count`[39m) [37m[1mvalues[22m[39m ([33m'my-test-article--zgc7wc'[39m[0m,[0m [33m'My Test Article'[39m[0m,[0m [33m'Testing article creation'[39m[0m,[0m [33m'This is the body of my test article'[39m[0m,[0m [33m'2025-10-15 19:34:02.854'[39m[0m,[0m [33m'2025-10-15 19:34:02.854'[39m[0m,[0m [33m''[39m[0m,[0m [32m3[39m[0m,[0m [32m0[39m)[90m [took 0 ms][39m
[90m[query] [39m[37m[1mcommit[22m[39m
[90m[query] [39m[37m[1mselect[22m[39m [33m`u0`[39m[0m.[0m[33m`id`[39m[0m,[0m [33m`u0`[39m[0m.[0m[33m`username`[39m[0m,[0m [33m`u0`[39m[0m.[0m[33m`email`[39m[0m,[0m [33m`u0`[39m[0m.[0m[33m`bio`[39m[0m,[0m [33m`u0`[39m[0m.[0m[33m`image`[39m[0m,[0m [33m`u0`[39m[0m.[0m[33m`password`[39m[0m,[0m [33m`f1`[39m[0m.[0m[33m`id`[39m [37m[1mas[22m[39m [33m`f1__id`[39m[0m,[0m [33m`f1`[39m[0m.[0m[33m`username`[39m [37m[1mas[22m[39m [33m`f1__username`[39m[0m,[0m [33m`f1`[39m[0m.[0m[33m`email`[39m [37m[1mas[22m[39m [33m`f1__email`[39m[0m,[0m [33m`f1`[39m[0m.[0m[33m`bio`[39m [37m[1mas[22m[39m [33m`f1__bio`[39m[0m,[0m [33m`f1`[39m[0m.[0m[33m`image`[39m [37m[1mas[22m[39m [33m`f1__image`[39m[0m,[0m [33m`f1`[39m[0m.[0m[33m`password`[39m [37m[1mas[22m[39m [33m`f1__password`[39m[0m,[0m [33m`f3`[39m[0m.[0m[33m`id`[39m [37m[1mas[22m[39m [33m`f3__id`[39m[0m,[0m [33m`f3`[39m[0m.[0m[33m`slug`[39m [37m[1mas[22m[39m [33m`f3__slug`[39m[0m,[0m [33m`f3`[39m[0m.[0m[33m`title`[39m [37m[1mas[22m[39m [33m`f3__title`[39m[0m,[0m [33m`f3`[39m[0m.[0m[33m`description`[39m [37m[1mas[22m[39m [33m`f3__description`[39m[0m,[0m [33m`f3`[39m[0m.[0m[33m`body`[39m [37m[1mas[22m[39m [33m`f3__body`[39m[0m,[0m [33m`f3`[39m[0m.[0m[33m`created_at`[39m [37m[1mas[22m[39m [33m`f3__created_at`[39m[0m,[0m [33m`f3`[39m[0m.[0m[33m`updated_at`[39m [37m[1mas[22m[39m [33m`f3__updated_at`[39m[0m,[0m [33m`f3`[39m[0m.[0m[33m`tag_list`[39m [37m[1mas[22m[39m [33m`f3__tag_list`[39m[0m,[0m [33m`f3`[39m[0m.[0m[33m`author_id`[39m [37m[1mas[22m[39m [33m`f3__author_id`[39m[0m,[0m [33m`f3`[39m[0m.[0m[33m`favorites_count`[39m [37m[1mas[22m[39m [33m`f3__favorites_count`[39m[0m,[0m [33m`c5`[39m[0m.[0m[33m`id`[39m [37m[1mas[22m[39m [33m`c5__id`[39m[0m,[0m [33m`c5`[39m[0m.[0m[33m`created_at`[39m [37m[1mas[22m[39m [33m`c5__created_at`[39m[0m,[0m [33m`c5`[39m[0m.[0m[33m`updated_at`[39m [37m[1mas[22m[39m [33m`c5__updated_at`[39m[0m,[0m [33m`c5`[39m[0m.[0m[33m`body`[39m [37m[1mas[22m[39m [33m`c5__body`[39m[0m,[0m [33m`c5`[39m[0m.[0m[33m`article_id`[39m [37m[1mas[22m[39m [33m`c5__article_id`[39m[0m,[0m [33m`c5`[39m[0m.[0m[33m`author_id`[39m [37m[1mas[22m[39m [33m`c5__author_id`[39m [37m[1mfrom[22m[39m [33m`user`[39m [37m[1mas[22m[39m [33m`u0`[39m [37m[1mleft join[22m[39m [33m`user_to_follower`[39m [37m[1mas[22m[39m [33m`u2`[39m [37m[1mon[22m[39m [33m`u0`[39m[0m.[0m[33m`id`[39m [0m=[0m [33m`u2`[39m[0m.[0m[33m`follower`[39m [37m[1mleft join[22m[39m [33m`user`[39m [37m[1mas[22m[39m [33m`f1`[39m [37m[1mon[22m[39m [33m`u2`[39m[0m.[0m[33m`following`[39m [0m=[0m [33m`f1`[39m[0m.[0m[33m`id`[39m [37m[1mleft join[22m[39m [33m`user_favorites`[39m [37m[1mas[22m[39m [33m`u4`[39m [37m[1mon[22m[39m [33m`u0`[39m[0m.[0m[33m`id`[39m [0m=[0m [33m`u4`[39m[0m.[0m[33m`user_id`[39m [37m[1mleft join[22m[39m [33m`article`[39m [37m[1mas[22m[39m [33m`f3`[39m [37m[1mon[22m[39m [33m`u4`[39m[0m.[0m[33m`article_id`[39m [0m=[0m [33m`f3`[39m[0m.[0m[33m`id`[39m [37m[1mleft join[22m[39m [33m`comment`[39m [37m[1mas[22m[39m [33m`c5`[39m [37m[1mon[22m[39m [33m`f3`[39m[0m.[0m[33m`id`[39m [0m=[0m [33m`c5`[39m[0m.[0m[33m`article_id`[39m [37m[1mwhere[22m[39m [33m`u0`[39m[0m.[0m[33m`id`[39m [0m=[0m [32m3[39m[90m [took 1 ms, 1 result][39m
[90m[query] [39m[37m[1mselect[22m[39m [33m`a0`[39m[0m.[0m[33m`id`[39m[0m,[0m [33m`a0`[39m[0m.[0m[33m`slug`[39m[0m,[0m [33m`a0`[39m[0m.[0m[33m`title`[39m[0m,[0m [33m`a0`[39m[0m.[0m[33m`description`[39m[0m,[0m [33m`a0`[39m[0m.[0m[33m`body`[39m[0m,[0m [33m`a0`[39m[0m.[0m[33m`created_at`[39m[0m,[0m [33m`a0`[39m[0m.[0m[33m`updated_at`[39m[0m,[0m [33m`a0`[39m[0m.[0m[33m`tag_list`[39m[0m,[0m [33m`a0`[39m[0m.[0m[33m`author_id`[39m[0m,[0m [33m`a0`[39m[0m.[0m[33m`favorites_count`[39m[0m,[0m [33m`a1`[39m[0m.[0m[33m`id`[39m [37m[1mas[22m[39m [33m`a1__id`[39m[0m,[0m [33m`a1`[39m[0m.[0m[33m`username`[39m [37m[1mas[22m[39m [33m`a1__username`[39m[0m,[0m [33m`a1`[39m[0m.[0m[33m`email`[39m [37m[1mas[22m[39m [33m`a1__email`[39m[0m,[0m [33m`a1`[39m[0m.[0m[33m`bio`[39m [37m[1mas[22m[39m [33m`a1__bio`[39m[0m,[0m [33m`a1`[39m[0m.[0m[33m`image`[39m [37m[1mas[22m[39m [33m`a1__image`[39m[0m,[0m [33m`a1`[39m[0m.[0m[33m`password`[39m [37m[1mas[22m[39m [33m`a1__password`[39m[0m,[0m [33m`c2`[39m[0m.[0m[33m`id`[39m [37m[1mas[22m[39m [33m`c2__id`[39m[0m,[0m [33m`c2`[39m[0m.[0m[33m`created_at`[39m [37m[1mas[22m[39m [33m`c2__created_at`[39m[0m,[0m [33m`c2`[39m[0m.[0m[33m`updated_at`[39m [37m[1mas[22m[39m [33m`c2__updated_at`[39m[0m,[0m [33m`c2`[39m[0m.[0m[33m`body`[39m [37m[1mas[22m[39m [33m`c2__body`[39m[0m,[0m [33m`c2`[39m[0m.[0m[33m`article_id`[39m [37m[1mas[22m[39m [33m`c2__article_id`[39m[0m,[0m [33m`c2`[39m[0m.[0m[33m`author_id`[39m [37m[1mas[22m[39m [33m`c2__author_id`[39m [37m[1mfrom[22m[39m [33m`article`[39m [37m[1mas[22m[39m [33m`a0`[39m [37m[1mleft join[22m[39m [33m`user`[39m [37m[1mas[22m[39m [33m`a1`[39m [37m[1mon[22m[39m [33m`a0`[39m[0m.[0m[33m`author_id`[39m [0m=[0m [33m`a1`[39m[0m.[0m[33m`id`[39m [37m[1mleft join[22m[39m [33m`comment`[39m [37m[1mas[22m[39m [33m`c2`[39m [37m[1mon[22m[39m [33m`a0`[39m[0m.[0m[33m`id`[39m [0m=[0m [33m`c2`[39m[0m.[0m[33m`article_id`[39m [37m[1mwhere[22m[39m [33m`a0`[39m[0m.[0m[33m`slug`[39m [0m=[0m [33m'my-test-article--zgc7wc'[39m[90m [took 1 ms, 1 result][39m
[90m[query] [39m[37m[1mselect[22m[39m [33m`a0`[39m[0m.[0m[33m`id`[39m[0m,[0m [33m`a0`[39m[0m.[0m[33m`slug`[39m[0m,[0m [33m`a0`[39m[0m.[0m[33m`title`[39m[0m,[0m [33m`a0`[39m[0m.[0m[33m`description`[39m[0m,[0m [33m`a0`[39m[0m.[0m[33m`body`[39m[0m,[0m [33m`a0`[39m[0m.[0m[33m`created_at`[39m[0m,[0m [33m`a0`[39m[0m.[0m[33m`updated_at`[39m[0m,[0m [33m`a0`[39m[0m.[0m[33m`tag_list`[39m[0m,[0m [33m`a0`[39m[0m.[0m[33m`author_id`[39m[0m,[0m [33m`a0`[39m[0m.[0m[33m`favorites_count`[39m[0m,[0m [33m`c1`[39m[0m.[0m[33m`id`[39m [37m[1mas[22m[39m [33m`c1__id`[39m[0m,[0m [33m`c1`[39m[0m.[0m[33m`created_at`[39m [37m[1mas[22m[39m [33m`c1__created_at`[39m[0m,[0m [33m`c1`[39m[0m.[0m[33m`updated_at`[39m [37m[1mas[22m[39m [33m`c1__updated_at`[39m[0m,[0m [33m`c1`[39m[0m.[0m[33m`body`[39m [37m[1mas[22m[39m [33m`c1__body`[39m[0m,[0m [33m`c1`[39m[0m.[0m[33m`article_id`[39m [37m[1mas[22m[39m [33m`c1__article_id`[39m[0m,[0m [33m`c1`[39m[0m.[0m[33m`author_id`[39m [37m[1mas[22m[39m [33m`c1__author_id`[39m [37m[1mfrom[22m[39m [33m`article`[39m [37m[1mas[22m[39m [33m`a0`[39m [37m[1mleft join[22m[39m [33m`comment`[39m [37m[1mas[22m[39m [33m`c1`[39m [37m[1mon[22m[39m [33m`a0`[39m[0m.[0m[33m`id`[39m [0m=[0m [33m`c1`[39m[0m.[0m[33m`article_id`[39m [37m[1mwhere[22m[39m [33m`a0`[39m[0m.[0m[33m`slug`[39m [0m=[0m [33m'my-test-article--zgc7wc'[39m[90m [took 1 ms, 1 result][39m
[90m[query] [39m[37m[1mselect[22m[39m [33m`u0`[39m[0m.[0m[33m`id`[39m[0m,[0m [33m`u0`[39m[0m.[0m[33m`username`[39m[0m,[0m [33m`u0`[39m[0m.[0m[33m`email`[39m[0m,[0m [33m`u0`[39m[0m.[0m[33m`bio`[39m[0m,[0m [33m`u0`[39m[0m.[0m[33m`image`[39m[0m,[0m [33m`u0`[39m[0m.[0m[33m`password`[39m[0m,[0m [33m`f1`[39m[0m.[0m[33m`id`[39m [37m[1mas[22m[39m [33m`f1__id`[39m[0m,[0m [33m`f1`[39m[0m.[0m[33m`username`[39m [37m[1mas[22m[39m [33m`f1__username`[39m[0m,[0m [33m`f1`[39m[0m.[0m[33m`email`[39m [37m[1mas[22m[39m [33m`f1__email`[39m[0m,[0m [33m`f1`[39m[0m.[0m[33m`bio`[39m [37m[1mas[22m[39m [33m`f1__bio`[39m[0m,[0m [33m`f1`[39m[0m.[0m[33m`image`[39m [37m[1mas[22m[39m [33m`f1__image`[39m[0m,[0m [33m`f1`[39m[0m.[0m[33m`password`[39m [37m[1mas[22m[39m [33m`f1__password`[39m[0m,[0m [33m`f3`[39m[0m.[0m[33m`id`[39m [37m[1mas[22m[39m [33m`f3__id`[39m[0m,[0m [33m`f3`[39m[0m.[0m[33m`slug`[39m [37m[1mas[22m[39m [33m`f3__slug`[39m[0m,[0m [33m`f3`[39m[0m.[0m[33m`title`[39m [37m[1mas[22m[39m [33m`f3__title`[39m[0m,[0m [33m`f3`[39m[0m.[0m[33m`description`[39m [37m[1mas[22m[39m [33m`f3__description`[39m[0m,[0m [33m`f3`[39m[0m.[0m[33m`body`[39m [37m[1mas[22m[39m [33m`f3__body`[39m[0m,[0m [33m`f3`[39m[0m.[0m[33m`created_at`[39m [37m[1mas[22m[39m [33m`f3__created_at`[39m[0m,[0m [33m`f3`[39m[0m.[0m[33m`updated_at`[39m [37m[1mas[22m[39m [33m`f3__updated_at`[39m[0m,[0m [33m`f3`[39m[0m.[0m[33m`tag_list`[39m [37m[1mas[22m[39m [33m`f3__tag_list`[39m[0m,[0m [33m`f3`[39m[0m.[0m[33m`author_id`[39m [37m[1mas[22m[39m [33m`f3__author_id`[39m[0m,[0m [33m`f3`[39m[0m.[0m[33m`favorites_count`[39m [37m[1mas[22m[39m [33m`f3__favorites_count`[39m[0m,[0m [33m`c5`[39m[0m.[0m[33m`id`[39m [37m[1mas[22m[39m [33m`c5__id`[39m[0m,[0m [33m`c5`[39m[0m.[0m[33m`created_at`[39m [37m[1mas[22m[39m [33m`c5__created_at`[39m[0m,[0m [33m`c5`[39m[0m.[0m[33m`updated_at`[39m [37m[1mas[22m[39m [33m`c5__updated_at`[39m[0m,[0m [33m`c5`[39m[0m.[0m[33m`body`[39m [37m[1mas[22m[39m [33m`c5__body`[39m[0m,[0m [33m`c5`[39m[0m.[0m[33m`article_id`[39m [37m[1mas[22m[39m [33m`c5__article_id`[39m[0m,[0m [33m`c5`[39m[0m.[0m[33m`author_id`[39m [37m[1mas[22m[39m [33m`c5__author_id`[39m [37m[1mfrom[22m[39m [33m`user`[39m [37m[1mas[22m[39m [33m`u0`[39m [37m[1mleft join[22m[39m [33m`user_to_follower`[39m [37m[1mas[22m[39m [33m`u2`[39m [37m[1mon[22m[39m [33m`u0`[39m[0m.[0m[33m`id`[39m [0m=[0m [33m`u2`[39m[0m.[0m[33m`follower`[39m [37m[1mleft join[22m[39m [33m`user`[39m [37m[1mas[22m[39m [33m`f1`[39m [37m[1mon[22m[39m [33m`u2`[39m[0m.[0m[33m`following`[39m [0m=[0m [33m`f1`[39m[0m.[0m[33m`id`[39m [37m[1mleft join[22m[39m [33m`user_favorites`[39m [37m[1mas[22m[39m [33m`u4`[39m [37m[1mon[22m[39m [33m`u0`[39m[0m.[0m[33m`id`[39m [0m=[0m [33m`u4`[39m[0m.[0m[33m`user_id`[39m [37m[1mleft join[22m[39m [33m`article`[39m [37m[1mas[22m[39m [33m`f3`[39m [37m[1mon[22m[39m [33m`u4`[39m[0m.[0m[33m`article_id`[39m [0m=[0m [33m`f3`[39m[0m.[0m[33m`id`[39m [37m[1mleft join[22m[39m [33m`comment`[39m [37m[1mas[22m[39m [33m`c5`[39m [37m[1mon[22m[39m [33m`f3`[39m[0m.[0m[33m`id`[39m [0m=[0m [33m`c5`[39m[0m.[0m[33m`article_id`[39m [37m[1mwhere[22m[39m [33m`u0`[39m[0m.[0m[33m`id`[39m [0m=[0m [32m3[39m[90m [took 1 ms, 1 result][39m
[90m[query] [39m[37m[1mselect[22m[39m [33m`a0`[39m[0m.[0m[33m`id`[39m[0m,[0m [33m`a0`[39m[0m.[0m[33m`slug`[39m[0m,[0m [33m`a0`[39m[0m.[0m[33m`title`[39m[0m,[0m [33m`a0`[39m[0m.[0m[33m`description`[39m[0m,[0m [33m`a0`[39m[0m.[0m[33m`body`[39m[0m,[0m [33m`a0`[39m[0m.[0m[33m`created_at`[39m[0m,[0m [33m`a0`[39m[0m.[0m[33m`updated_at`[39m[0m,[0m [33m`a0`[39m[0m.[0m[33m`tag_list`[39m[0m,[0m [33m`a0`[39m[0m.[0m[33m`author_id`[39m[0m,[0m [33m`a0`[39m[0m.[0m[33m`favorites_count`[39m[0m,[0m [33m`a1`[39m[0m.[0m[33m`id`[39m [37m[1mas[22m[39m [33m`a1__id`[39m[0m,[0m [33m`a1`[39m[0m.[0m[33m`username`[39m [37m[1mas[22m[39m [33m`a1__username`[39m[0m,[0m [33m`a1`[39m[0m.[0m[33m`email`[39m [37m[1mas[22m[39m [33m`a1__email`[39m[0m,[0m [33m`a1`[39m[0m.[0m[33m`bio`[39m [37m[1mas[22m[39m [33m`a1__bio`[39m[0m,[0m [33m`a1`[39m[0m.[0m[33m`image`[39m [37m[1mas[22m[39m [33m`a1__image`[39m[0m,[0m [33m`a1`[39m[0m.[0m[33m`password`[39m [37m[1mas[22m[39m [33m`a1__password`[39m[0m,[0m [33m`c2`[39m[0m.[0m[33m`id`[39m [37m[1mas[22m[39m [33m`c2__id`[39m[0m,[0m [33m`c2`[39m[0m.[0m[33m`created_at`[39m [37m[1mas[22m[39m [33m`c2__created_at`[39m[0m,[0m [33m`c2`[39m[0m.[0m[33m`updated_at`[39m [37m[1mas[22m[39m [33m`c2__updated_at`[39m[0m,[0m [33m`c2`[39m[0m.[0m[33m`body`[39m [37m[1mas[22m[39m [33m`c2__body`[39m[0m,[0m [33m`c2`[39m[0m.[0m[33m`article_id`[39m [37m[1mas[22m[39m [33m`c2__article_id`[39m[0m,[0m [33m`c2`[39m[0m.[0m[33m`author_id`[39m [37m[1mas[22m[39m [33m`c2__author_id`[39m [37m[1mfrom[22m[39m [33m`article`[39m [37m[1mas[22m[39m [33m`a0`[39m [37m[1mleft join[22m[39m [33m`user`[39m [37m[1mas[22m[39m [33m`a1`[39m [37m[1mon[22m[39m [33m`a0`[39m[0m.[0m[33m`author_id`[39m [0m=[0m [33m`a1`[39m[0m.[0m[33m`id`[39m [37m[1mleft join[22m[39m [33m`comment`[39m [37m[1mas[22m[39m [33m`c2`[39m [37m[1mon[22m[39m [33m`a0`[39m[0m.[0m[33m`id`[39m [0m=[0m [33m`c2`[39m[0m.[0m[33m`article_id`[39m [37m[1mwhere[22m[39m [33m`a0`[39m[0m.[0m[33m`slug`[39m [0m=[0m [33m'my-test-article--zgc7wc'[39m[90m [took 1 ms, 1 result][39m
[90m[query] [39m[37m[1mselect[22m[39m [33m`u0`[39m[0m.[0m[0m*[0m [37m[1mfrom[22m[39m [33m`user`[39m [37m[1mas[22m[39m [33m`u0`[39m [37m[1mwhere[22m[39m [33m`u0`[39m[0m.[0m[33m`id`[39m [0m=[0m [32m3[39m [37m[1mlimit[22m[39m [32m1[39m[90m [took 0 ms, 1 result][39m
[90m[query] [39m[37m[1mselect[22m[39m [33m`u0`[39m[0m.[0m[33m`id`[39m[0m,[0m [33m`u0`[39m[0m.[0m[33m`username`[39m[0m,[0m [33m`u0`[39m[0m.[0m[33m`email`[39m[0m,[0m [33m`u0`[39m[0m.[0m[33m`bio`[39m[0m,[0m [33m`u0`[39m[0m.[0m[33m`image`[39m[0m,[0m [33m`u0`[39m[0m.[0m[33m`password`[39m[0m,[0m [33m`f1`[39m[0m.[0m[33m`id`[39m [37m[1mas[22m[39m [33m`f1__id`[39m[0m,[0m [33m`f1`[39m[0m.[0m[33m`username`[39m [37m[1mas[22m[39m [33m`f1__username`[39m[0m,[0m [33m`f1`[39m[0m.[0m[33m`email`[39m [37m[1mas[22m[39m [33m`f1__email`[39m[0m,[0m [33m`f1`[39m[0m.[0m[33m`bio`[39m [37m[1mas[22m[39m [33m`f1__bio`[39m[0m,[0m [33m`f1`[39m[0m.[0m[33m`image`[39m [37m[1mas[22m[39m [33m`f1__image`[39m[0m,[0m [33m`f1`[39m[0m.[0m[33m`password`[39m [37m[1mas[22m[39m [33m`f1__password`[39m[0m,[0m [33m`f3`[39m[0m.[0m[33m`id`[39m [37m[1mas[22m[39m [33m`f3__id`[39m[0m,[0m [33m`f3`[39m[0m.[0m[33m`slug`[39m [37m[1mas[22m[39m [33m`f3__slug`[39m[0m,[0m [33m`f3`[39m[0m.[0m[33m`title`[39m [37m[1mas[22m[39m [33m`f3__title`[39m[0m,[0m [33m`f3`[39m[0m.[0m[33m`description`[39m [37m[1mas[22m[39m [33m`f3__description`[39m[0m,[0m [33m`f3`[39m[0m.[0m[33m`body`[39m [37m[1mas[22m[39m [33m`f3__body`[39m[0m,[0m [33m`f3`[39m[0m.[0m[33m`created_at`[39m [37m[1mas[22m[39m [33m`f3__created_at`[39m[0m,[0m [33m`f3`[39m[0m.[0m[33m`updated_at`[39m [37m[1mas[22m[39m [33m`f3__updated_at`[39m[0m,[0m [33m`f3`[39m[0m.[0m[33m`tag_list`[39m [37m[1mas[22m[39m [33m`f3__tag_list`[39m[0m,[0m [33m`f3`[39m[0m.[0m[33m`author_id`[39m [37m[1mas[22m[39m [33m`f3__author_id`[39m[0m,[0m [33m`f3`[39m[0m.[0m[33m`favorites_count`[39m [37m[1mas[22m[39m [33m`f3__favorites_count`[39m[0m,[0m [33m`c5`[39m[0m.[0m[33m`id`[39m [37m[1mas[22m[39m [33m`c5__id`[39m[0m,[0m [33m`c5`[39m[0m.[0m[33m`created_at`[39m [37m[1mas[22m[39m [33m`c5__created_at`[39m[0m,[0m [33m`c5`[39m[0m.[0m[33m`updated_at`[39m [37m[1mas[22m[39m [33m`c5__updated_at`[39m[0m,[0m [33m`c5`[39m[0m.[0m[33m`body`[39m [37m[1mas[22m[39m [33m`c5__body`[39m[0m,[0m [33m`c5`[39m[0m.[0m[33m`article_id`[39m [37m[1mas[22m[39m [33m`c5__article_id`[39m[0m,[0m [33m`c5`[39m[0m.[0m[33m`author_id`[39m [37m[1mas[22m[39m [33m`c5__author_id`[39m[0m,[0m [33m`a6`[39m[0m.[0m[33m`id`[39m [37m[1mas[22m[39m [33m`a6__id`[39m[0m,[0m [33m`a6`[39m[0m.[0m[33m`slug`[39m [37m[1mas[22m[39m [33m`a6__slug`[39m[0m,[0m [33m`a6`[39m[0m.[0m[33m`title`[39m [37m[1mas[22m[39m [33m`a6__title`[39m[0m,[0m [33m`a6`[39m[0m.[0m[33m`description`[39m [37m[1mas[22m[39m [33m`a6__description`[39m[0m,[0m [33m`a6`[39m[0m.[0m[33m`body`[39m [37m[1mas[22m[39m [33m`a6__body`[39m[0m,[0m [33m`a6`[39m[0m.[0m[33m`created_at`[39m [37m[1mas[22m[39m [33m`a6__created_at`[39m[0m,[0m [33m`a6`[39m[0m.[0m[33m`updated_at`[39m [37m[1mas[22m[39m [33m`a6__updated_at`[39m[0m,[0m [33m`a6`[39m[0m.[0m[33m`tag_list`[39m [37m[1mas[22m[39m [33m`a6__tag_list`[39m[0m,[0m [33m`a6`[39m[0m.[0m[33m`author_id`[39m [37m[1mas[22m[39m [33m`a6__author_id`[39m[0m,[0m [33m`a6`[39m[0m.[0m[33m`favorites_count`[39m [37m[1mas[22m[39m [33m`a6__favorites_count`[39m[0m,[0m [33m`c7`[39m[0m.[0m[33m`id`[39m [37m[1mas[22m[39m [33m`c7__id`[39m[0m,[0m [33m`c7`[39m[0m.[0m[33m`created_at`[39m [37m[1mas[22m[39m [33m`c7__created_at`[39m[0m,[0m [33m`c7`[39m[0m.[0m[33m`updated_at`[39m [37m[1mas[22m[39m [33m`c7__updated_at`[39m[0m,[0m [33m`c7`[39m[0m.[0m[33m`body`[39m [37m[1mas[22m[39m [33m`c7__body`[39m[0m,[0m [33m`c7`[39m[0m.[0m[33m`article_id`[39m [37m[1mas[22m[39m [33m`c7__article_id`[39m[0m,[0m [33m`c7`[39m[0m.[0m[33m`author_id`[39m [37m[1mas[22m[39m [33m`c7__author_id`[39m [37m[1mfrom[22m[39m [33m`user`[39m [37m[1mas[22m[39m [33m`u0`[39m [37m[1mleft join[22m[39m [33m`user_to_follower`[39m [37m[1mas[22m[39m [33m`u2`[39m [37m[1mon[22m[39m [33m`u0`[39m[0m.[0m[33m`id`[39m [0m=[0m [33m`u2`[39m[0m.[0m[33m`follower`[39m [37m[1mleft join[22m[39m [33m`user`[39m [37m[1mas[22m[39m [33m`f1`[39m [37m[1mon[22m[39m [33m`u2`[39m[0m.[0m[33m`following`[39m [0m=[0m [33m`f1`[39m[0m.[0m[33m`id`[39m [37m[1mleft join[22m[39m [33m`user_favorites`[39m [37m[1mas[22m[39m [33m`u4`[39m [37m[1mon[22m[39m [33m`u0`[39m[0m.[0m[33m`id`[39m [0m=[0m [33m`u4`[39m[0m.[0m[33m`user_id`[39m [37m[1mleft join[22m[39m [33m`article`[39m [37m[1mas[22m[39m [33m`f3`[39m [37m[1mon[22m[39m [33m`u4`[39m[0m.[0m[33m`article_id`[39m [0m=[0m [33m`f3`[39m[0m.[0m[33m`id`[39m [37m[1mleft join[22m[39m [33m`comment`[39m [37m[1mas[22m[39m [33m`c5`[39m [37m[1mon[22m[39m [33m`f3`[39m[0m.[0m[33m`id`[39m [0m=[0m [33m`c5`[39m[0m.[0m[33m`article_id`[39m [37m[1mleft join[22m[39m [33m`article`[39m [37m[1mas[22m[39m [33m`a6`[39m [37m[1mon[22m[39m [33m`u0`[39m[0m.[0m[33m`id`[39m [0m=[0m [33m`a6`[39m[0m.[0m[33m`author_id`[39m [37m[1mleft join[22m[39m [33m`comment`[39m [37m[1mas[22m[39m [33m`c7`[39m [37m[1mon[22m[39m [33m`a6`[39m[0m.[0m[33m`id`[39m [0m=[0m [33m`c7`[39m[0m.[0m[33m`article_id`[39m [37m[1mwhere[22m[39m [33m`u0`[39m[0m.[0m[33m`id`[39m [0m=[0m [32m3[39m[90m [took 2 ms, 1 result][39m
[90m[query] [39m[37m[1mselect[22m[39m [33m`a0`[39m[0m.[0m[33m`id`[39m[0m,[0m [33m`a0`[39m[0m.[0m[33m`slug`[39m[0m,[0m [33m`a0`[39m[0m.[0m[33m`title`[39m[0m,[0m [33m`a0`[39m[0m.[0m[33m`description`[39m[0m,[0m [33m`a0`[39m[0m.[0m[33m`body`[39m[0m,[0m [33m`a0`[39m[0m.[0m[33m`created_at`[39m[0m,[0m [33m`a0`[39m[0m.[0m[33m`updated_at`[39m[0m,[0m [33m`a0`[39m[0m.[0m[33m`tag_list`[39m[0m,[0m [33m`a0`[39m[0m.[0m[33m`author_id`[39m[0m,[0m [33m`a0`[39m[0m.[0m[33m`favorites_count`[39m[0m,[0m [33m`a1`[39m[0m.[0m[33m`id`[39m [37m[1mas[22m[39m [33m`a1__id`[39m[0m,[0m [33m`a1`[39m[0m.[0m[33m`username`[39m [37m[1mas[22m[39m [33m`a1__username`[39m[0m,[0m [33m`a1`[39m[0m.[0m[33m`email`[39m [37m[1mas[22m[39m [33m`a1__email`[39m[0m,[0m [33m`a1`[39m[0m.[0m[33m`bio`[39m [37m[1mas[22m[39m [33m`a1__bio`[39m[0m,[0m [33m`a1`[39m[0m.[0m[33m`image`[39m [37m[1mas[22m[39m [33m`a1__image`[39m[0m,[0m [33m`a1`[39m[0m.[0m[33m`password`[39m [37m[1mas[22m[39m [33m`a1__password`[39m[0m,[0m [33m`c2`[39m[0m.[0m[33m`id`[39m [37m[1mas[22m[39m [33m`c2__id`[39m[0m,[0m [33m`c2`[39m[0m.[0m[33m`created_at`[39m [37m[1mas[22m[39m [33m`c2__created_at`[39m[0m,[0m [33m`c2`[39m[0m.[0m[33m`updated_at`[39m [37m[1mas[22m[39m [33m`c2__updated_at`[39m[0m,[0m [33m`c2`[39m[0m.[0m[33m`body`[39m [37m[1mas[22m[39m [33m`c2__body`[39m[0m,[0m [33m`c2`[39m[0m.[0m[33m`article_id`[39m [37m[1mas[22m[39m [33m`c2__article_id`[39m[0m,[0m [33m`c2`[39m[0m.[0m[33m`author_id`[39m [37m[1mas[22m[39m [33m`c2__author_id`[39m [37m[1mfrom[22m[39m [33m`article`[39m [37m[1mas[22m[39m [33m`a0`[39m [37m[1mleft join[22m[39m [33m`user`[39m [37m[1mas[22m[39m [33m`a1`[39m [37m[1mon[22m[39m [33m`a0`[39m[0m.[0m[33m`author_id`[39m [0m=[0m [33m`a1`[39m[0m.[0m[33m`id`[39m [37m[1mleft join[22m[39m [33m`comment`[39m [37m[1mas[22m[39m [33m`c2`[39m [37m[1mon[22m[39m [33m`a0`[39m[0m.[0m[33m`id`[39m [0m=[0m [33m`c2`[39m[0m.[0m[33m`article_id`[39m [37m[1mwhere[22m[39m [33m`a0`[39m[0m.[0m[33m`slug`[39m [0m=[0m [33m'my-test-article--zgc7wc'[39m[90m [took 2 ms, 1 result][39m
[90m[query] [39m[37m[1mbegin[22m[39m
[90m[query] [39m[37m[1mupdate[22m[39m [33m`article`[39m [37m[1mset[22m[39m [33m`title`[39m [0m=[0m [33m'My AITest Article'[39m[0m,[0m [33m`description`[39m [0m=[0m [33m'Testing article creations'[39m[0m,[0m [33m`body`[39m [0m=[0m [33m'This is the body of my test articles'[39m[0m,[0m [33m`updated_at`[39m [0m=[0m [33m'2025-10-15 19:35:34.680'[39m [37m[1mwhere[22m[39m [33m`id`[39m [0m=[0m [32m5[39m[90m [took 1 ms][39m
[90m[query] [39m[37m[1mcommit[22m[39m
[90m[query] [39m[37m[1mselect[22m[39m [33m`u0`[39m[0m.[0m[33m`id`[39m[0m,[0m [33m`u0`[39m[0m.[0m[33m`username`[39m[0m,[0m [33m`u0`[39m[0m.[0m[33m`email`[39m[0m,[0m [33m`u0`[39m[0m.[0m[33m`bio`[39m[0m,[0m [33m`u0`[39m[0m.[0m[33m`image`[39m[0m,[0m [33m`u0`[39m[0m.[0m[33m`password`[39m[0m,[0m [33m`f1`[39m[0m.[0m[33m`id`[39m [37m[1mas[22m[39m [33m`f1__id`[39m[0m,[0m [33m`f1`[39m[0m.[0m[33m`username`[39m [37m[1mas[22m[39m [33m`f1__username`[39m[0m,[0m [33m`f1`[39m[0m.[0m[33m`email`[39m [37m[1mas[22m[39m [33m`f1__email`[39m[0m,[0m [33m`f1`[39m[0m.[0m[33m`bio`[39m [37m[1mas[22m[39m [33m`f1__bio`[39m[0m,[0m [33m`f1`[39m[0m.[0m[33m`image`[39m [37m[1mas[22m[39m [33m`f1__image`[39m[0m,[0m [33m`f1`[39m[0m.[0m[33m`password`[39m [37m[1mas[22m[39m [33m`f1__password`[39m[0m,[0m [33m`f3`[39m[0m.[0m[33m`id`[39m [37m[1mas[22m[39m [33m`f3__id`[39m[0m,[0m [33m`f3`[39m[0m.[0m[33m`slug`[39m [37m[1mas[22m[39m [33m`f3__slug`[39m[0m,[0m [33m`f3`[39m[0m.[0m[33m`title`[39m [37m[1mas[22m[39m [33m`f3__title`[39m[0m,[0m [33m`f3`[39m[0m.[0m[33m`description`[39m [37m[1mas[22m[39m [33m`f3__description`[39m[0m,[0m [33m`f3`[39m[0m.[0m[33m`body`[39m [37m[1mas[22m[39m [33m`f3__body`[39m[0m,[0m [33m`f3`[39m[0m.[0m[33m`created_at`[39m [37m[1mas[22m[39m [33m`f3__created_at`[39m[0m,[0m [33m`f3`[39m[0m.[0m[33m`updated_at`[39m [37m[1mas[22m[39m [33m`f3__updated_at`[39m[0m,[0m [33m`f3`[39m[0m.[0m[33m`tag_list`[39m [37m[1mas[22m[39m [33m`f3__tag_list`[39m[0m,[0m [33m`f3`[39m[0m.[0m[33m`author_id`[39m [37m[1mas[22m[39m [33m`f3__author_id`[39m[0m,[0m [33m`f3`[39m[0m.[0m[33m`favorites_count`[39m [37m[1mas[22m[39m [33m`f3__favorites_count`[39m[0m,[0m [33m`c5`[39m[0m.[0m[33m`id`[39m [37m[1mas[22m[39m [33m`c5__id`[39m[0m,[0m [33m`c5`[39m[0m.[0m[33m`created_at`[39m [37m[1mas[22m[39m [33m`c5__created_at`[39m[0m,[0m [33m`c5`[39m[0m.[0m[33m`updated_at`[39m [37m[1mas[22m[39m [33m`c5__updated_at`[39m[0m,[0m [33m`c5`[39m[0m.[0m[33m`body`[39m [37m[1mas[22m[39m [33m`c5__body`[39m[0m,[0m [33m`c5`[39m[0m.[0m[33m`article_id`[39m [37m[1mas[22m[39m [33m`c5__article_id`[39m[0m,[0m [33m`c5`[39m[0m.[0m[33m`author_id`[39m [37m[1mas[22m[39m [33m`c5__author_id`[39m [37m[1mfrom[22m[39m [33m`user`[39m [37m[1mas[22m[39m [33m`u0`[39m [37m[1mleft join[22m[39m [33m`user_to_follower`[39m [37m[1mas[22m[39m [33m`u2`[39m [37m[1mon[22m[39m [33m`u0`[39m[0m.[0m[33m`id`[39m [0m=[0m [33m`u2`[39m[0m.[0m[33m`follower`[39m [37m[1mleft join[22m[39m [33m`user`[39m [37m[1mas[22m[39m [33m`f1`[39m [37m[1mon[22m[39m [33m`u2`[39m[0m.[0m[33m`following`[39m [0m=[0m [33m`f1`[39m[0m.[0m[33m`id`[39m [37m[1mleft join[22m[39m [33m`user_favorites`[39m [37m[1mas[22m[39m [33m`u4`[39m [37m[1mon[22m[39m [33m`u0`[39m[0m.[0m[33m`id`[39m [0m=[0m [33m`u4`[39m[0m.[0m[33m`user_id`[39m [37m[1mleft join[22m[39m [33m`article`[39m [37m[1mas[22m[39m [33m`f3`[39m [37m[1mon[22m[39m [33m`u4`[39m[0m.[0m[33m`article_id`[39m [0m=[0m [33m`f3`[39m[0m.[0m[33m`id`[39m [37m[1mleft join[22m[39m [33m`comment`[39m [37m[1mas[22m[39m [33m`c5`[39m [37m[1mon[22m[39m [33m`f3`[39m[0m.[0m[33m`id`[39m [0m=[0m [33m`c5`[39m[0m.[0m[33m`article_id`[39m [37m[1mwhere[22m[39m [33m`u0`[39m[0m.[0m[33m`id`[39m [0m=[0m [32m3[39m[90m [took 2 ms, 1 result][39m
[90m[query] [39m[37m[1mselect[22m[39m [33m`a0`[39m[0m.[0m[33m`id`[39m[0m,[0m [33m`a0`[39m[0m.[0m[33m`slug`[39m[0m,[0m [33m`a0`[39m[0m.[0m[33m`title`[39m[0m,[0m [33m`a0`[39m[0m.[0m[33m`description`[39m[0m,[0m [33m`a0`[39m[0m.[0m[33m`body`[39m[0m,[0m [33m`a0`[39m[0m.[0m[33m`created_at`[39m[0m,[0m [33m`a0`[39m[0m.[0m[33m`updated_at`[39m[0m,[0m [33m`a0`[39m[0m.[0m[33m`tag_list`[39m[0m,[0m [33m`a0`[39m[0m.[0m[33m`author_id`[39m[0m,[0m [33m`a0`[39m[0m.[0m[33m`favorites_count`[39m[0m,[0m [33m`a1`[39m[0m.[0m[33m`id`[39m [37m[1mas[22m[39m [33m`a1__id`[39m[0m,[0m [33m`a1`[39m[0m.[0m[33m`username`[39m [37m[1mas[22m[39m [33m`a1__username`[39m[0m,[0m [33m`a1`[39m[0m.[0m[33m`email`[39m [37m[1mas[22m[39m [33m`a1__email`[39m[0m,[0m [33m`a1`[39m[0m.[0m[33m`bio`[39m [37m[1mas[22m[39m [33m`a1__bio`[39m[0m,[0m [33m`a1`[39m[0m.[0m[33m`image`[39m [37m[1mas[22m[39m [33m`a1__image`[39m[0m,[0m [33m`a1`[39m[0m.[0m[33m`password`[39m [37m[1mas[22m[39m [33m`a1__password`[39m[0m,[0m [33m`c2`[39m[0m.[0m[33m`id`[39m [37m[1mas[22m[39m [33m`c2__id`[39m[0m,[0m [33m`c2`[39m[0m.[0m[33m`created_at`[39m [37m[1mas[22m[39m [33m`c2__created_at`[39m[0m,[0m [33m`c2`[39m[0m.[0m[33m`updated_at`[39m [37m[1mas[22m[39m [33m`c2__updated_at`[39m[0m,[0m [33m`c2`[39m[0m.[0m[33m`body`[39m [37m[1mas[22m[39m [33m`c2__body`[39m[0m,[0m [33m`c2`[39m[0m.[0m[33m`article_id`[39m [37m[1mas[22m[39m [33m`c2__article_id`[39m[0m,[0m [33m`c2`[39m[0m.[0m[33m`author_id`[39m [37m[1mas[22m[39m [33m`c2__author_id`[39m [37m[1mfrom[22m[39m [33m`article`[39m [37m[1mas[22m[39m [33m`a0`[39m [37m[1mleft join[22m[39m [33m`user`[39m [37m[1mas[22m[39m [33m`a1`[39m [37m[1mon[22m[39m [33m`a0`[39m[0m.[0m[33m`author_id`[39m [0m=[0m [33m`a1`[39m[0m.[0m[33m`id`[39m [37m[1mleft join[22m[39m [33m`comment`[39m [37m[1mas[22m[39m [33m`c2`[39m [37m[1mon[22m[39m [33m`a0`[39m[0m.[0m[33m`id`[39m [0m=[0m [33m`c2`[39m[0m.[0m[33m`article_id`[39m [37m[1mwhere[22m[39m [33m`a0`[39m[0m.[0m[33m`slug`[39m [0m=[0m [33m'my-test-article--zgc7wc'[39m[90m [took 1 ms, 1 result][39m
[90m[query] [39m[37m[1mselect[22m[39m [33m`a0`[39m[0m.[0m[33m`id`[39m[0m,[0m [33m`a0`[39m[0m.[0m[33m`slug`[39m[0m,[0m [33m`a0`[39m[0m.[0m[33m`title`[39m[0m,[0m [33m`a0`[39m[0m.[0m[33m`description`[39m[0m,[0m [33m`a0`[39m[0m.[0m[33m`body`[39m[0m,[0m [33m`a0`[39m[0m.[0m[33m`created_at`[39m[0m,[0m [33m`a0`[39m[0m.[0m[33m`updated_at`[39m[0m,[0m [33m`a0`[39m[0m.[0m[33m`tag_list`[39m[0m,[0m [33m`a0`[39m[0m.[0m[33m`author_id`[39m[0m,[0m [33m`a0`[39m[0m.[0m[33m`favorites_count`[39m[0m,[0m [33m`c1`[39m[0m.[0m[33m`id`[39m [37m[1mas[22m[39m [33m`c1__id`[39m[0m,[0m [33m`c1`[39m[0m.[0m[33m`created_at`[39m [37m[1mas[22m[39m [33m`c1__created_at`[39m[0m,[0m [33m`c1`[39m[0m.[0m[33m`updated_at`[39m [37m[1mas[22m[39m [33m`c1__updated_at`[39m[0m,[0m [33m`c1`[39m[0m.[0m[33m`body`[39m [37m[1mas[22m[39m [33m`c1__body`[39m[0m,[0m [33m`c1`[39m[0m.[0m[33m`article_id`[39m [37m[1mas[22m[39m [33m`c1__article_id`[39m[0m,[0m [33m`c1`[39m[0m.[0m[33m`author_id`[39m [37m[1mas[22m[39m [33m`c1__author_id`[39m [37m[1mfrom[22m[39m [33m`article`[39m [37m[1mas[22m[39m [33m`a0`[39m [37m[1mleft join[22m[39m [33m`comment`[39m [37m[1mas[22m[39m [33m`c1`[39m [37m[1mon[22m[39m [33m`a0`[39m[0m.[0m[33m`id`[39m [0m=[0m [33m`c1`[39m[0m.[0m[33m`article_id`[39m [37m[1mwhere[22m[39m [33m`a0`[39m[0m.[0m[33m`slug`[39m [0m=[0m [33m'my-test-article--zgc7wc'[39m[90m [took 0 ms, 1 result][39m
[90m[query] [39m[37m[1mselect[22m[39m [33m`u0`[39m[0m.[0m[0m*[0m [37m[1mfrom[22m[39m [33m`user`[39m [37m[1mas[22m[39m [33m`u0`[39m [37m[1mwhere[22m[39m [33m`u0`[39m[0m.[0m[33m`id`[39m [0m=[0m [32m3[39m [37m[1mlimit[22m[39m [32m1[39m[90m [took 0 ms, 1 result][39m
[90m[query] [39m[37m[1mdelete from[22m[39m [33m`article`[39m [37m[1mwhere[22m[39m [33m`slug`[39m [0m=[0m [33m'my-test-article--zgc7wc'[39m[90m [took 2 ms][39m
[90m[query] [39m[37m[1mselect[22m[39m [33m`u0`[39m[0m.[0m[0m*[0m [37m[1mfrom[22m[39m [33m`user`[39m [37m[1mas[22m[39m [33m`u0`[39m [37m[1mwhere[22m[39m [33m`u0`[39m[0m.[0m[33m`id`[39m [0m=[0m [32m3[39m [37m[1mlimit[22m[39m [32m1[39m[90m [took 1 ms, 1 result][39m
[90m[query] [39m[37m[1mselect[22m[39m [33m`u0`[39m[0m.[0m[33m`id`[39m[0m,[0m [33m`u0`[39m[0m.[0m[33m`username`[39m[0m,[0m [33m`u0`[39m[0m.[0m[33m`email`[39m[0m,[0m [33m`u0`[39m[0m.[0m[33m`bio`[39m[0m,[0m [33m`u0`[39m[0m.[0m[33m`image`[39m[0m,[0m [33m`u0`[39m[0m.[0m[33m`password`[39m[0m,[0m [33m`f1`[39m[0m.[0m[33m`id`[39m [37m[1mas[22m[39m [33m`f1__id`[39m[0m,[0m [33m`f1`[39m[0m.[0m[33m`username`[39m [37m[1mas[22m[39m [33m`f1__username`[39m[0m,[0m [33m`f1`[39m[0m.[0m[33m`email`[39m [37m[1mas[22m[39m [33m`f1__email`[39m[0m,[0m [33m`f1`[39m[0m.[0m[33m`bio`[39m [37m[1mas[22m[39m [33m`f1__bio`[39m[0m,[0m [33m`f1`[39m[0m.[0m[33m`image`[39m [37m[1mas[22m[39m [33m`f1__image`[39m[0m,[0m [33m`f1`[39m[0m.[0m[33m`password`[39m [37m[1mas[22m[39m [33m`f1__password`[39m[0m,[0m [33m`f3`[39m[0m.[0m[33m`id`[39m [37m[1mas[22m[39m [33m`f3__id`[39m[0m,[0m [33m`f3`[39m[0m.[0m[33m`slug`[39m [37m[1mas[22m[39m [33m`f3__slug`[39m[0m,[0m [33m`f3`[39m[0m.[0m[33m`title`[39m [37m[1mas[22m[39m [33m`f3__title`[39m[0m,[0m [33m`f3`[39m[0m.[0m[33m`description`[39m [37m[1mas[22m[39m [33m`f3__description`[39m[0m,[0m [33m`f3`[39m[0m.[0m[33m`body`[39m [37m[1mas[22m[39m [33m`f3__body`[39m[0m,[0m [33m`f3`[39m[0m.[0m[33m`created_at`[39m [37m[1mas[22m[39m [33m`f3__created_at`[39m[0m,[0m [33m`f3`[39m[0m.[0m[33m`updated_at`[39m [37m[1mas[22m[39m [33m`f3__updated_at`[39m[0m,[0m [33m`f3`[39m[0m.[0m[33m`tag_list`[39m [37m[1mas[22m[39m [33m`f3__tag_list`[39m[0m,[0m [33m`f3`[39m[0m.[0m[33m`author_id`[39m [37m[1mas[22m[39m [33m`f3__author_id`[39m[0m,[0m [33m`f3`[39m[0m.[0m[33m`favorites_count`[39m [37m[1mas[22m[39m [33m`f3__favorites_count`[39m[0m,[0m [33m`c5`[39m[0m.[0m[33m`id`[39m [37m[1mas[22m[39m [33m`c5__id`[39m[0m,[0m [33m`c5`[39m[0m.[0m[33m`created_at`[39m [37m[1mas[22m[39m [33m`c5__created_at`[39m[0m,[0m [33m`c5`[39m[0m.[0m[33m`updated_at`[39m [37m[1mas[22m[39m [33m`c5__updated_at`[39m[0m,[0m [33m`c5`[39m[0m.[0m[33m`body`[39m [37m[1mas[22m[39m [33m`c5__body`[39m[0m,[0m [33m`c5`[39m[0m.[0m[33m`article_id`[39m [37m[1mas[22m[39m [33m`c5__article_id`[39m[0m,[0m [33m`c5`[39m[0m.[0m[33m`author_id`[39m [37m[1mas[22m[39m [33m`c5__author_id`[39m [37m[1mfrom[22m[39m [33m`user`[39m [37m[1mas[22m[39m [33m`u0`[39m [37m[1mleft join[22m[39m [33m`user_to_follower`[39m [37m[1mas[22m[39m [33m`u2`[39m [37m[1mon[22m[39m [33m`u0`[39m[0m.[0m[33m`id`[39m [0m=[0m [33m`u2`[39m[0m.[0m[33m`follower`[39m [37m[1mleft join[22m[39m [33m`user`[39m [37m[1mas[22m[39m [33m`f1`[39m [37m[1mon[22m[39m [33m`u2`[39m[0m.[0m[33m`following`[39m [0m=[0m [33m`f1`[39m[0m.[0m[33m`id`[39m [37m[1mleft join[22m[39m [33m`user_favorites`[39m [37m[1mas[22m[39m [33m`u4`[39m [37m[1mon[22m[39m [33m`u0`[39m[0m.[0m[33m`id`[39m [0m=[0m [33m`u4`[39m[0m.[0m[33m`user_id`[39m [37m[1mleft join[22m[39m [33m`article`[39m [37m[1mas[22m[39m [33m`f3`[39m [37m[1mon[22m[39m [33m`u4`[39m[0m.[0m[33m`article_id`[39m [0m=[0m [33m`f3`[39m[0m.[0m[33m`id`[39m [37m[1mleft join[22m[39m [33m`comment`[39m [37m[1mas[22m[39m [33m`c5`[39m [37m[1mon[22m[39m [33m`f3`[39m[0m.[0m[33m`id`[39m [0m=[0m [33m`c5`[39m[0m.[0m[33m`article_id`[39m [37m[1mwhere[22m[39m [33m`u0`[39m[0m.[0m[33m`id`[39m [0m=[0m [32m3[39m[90m [took 1 ms, 1 result][39m
[90m[query] [39m[37m[1mselect[22m[39m [37m[1mcount[22m[39m([37m[1mdistinct[22m[39m [33m`a0`[39m[0m.[0m[33m`id`[39m) [37m[1mas[22m[39m [33m`count`[39m [37m[1mfrom[22m[39m [33m`article`[39m [37m[1mas[22m[39m [33m`a0`[39m [37m[1mleft join[22m[39m [33m`user`[39m [37m[1mas[22m[39m [33m`u1`[39m [37m[1mon[22m[39m [33m`a0`[39m[0m.[0m[33m`author_id`[39m [0m=[0m [33m`u1`[39m[0m.[0m[33m`id`[39m [37m[1mleft join[22m[39m [33m`user_to_follower`[39m [37m[1mas[22m[39m [33m`u2`[39m [37m[1mon[22m[39m [33m`u1`[39m[0m.[0m[33m`id`[39m [0m=[0m [33m`u2`[39m[0m.[0m[33m`follower`[39m [37m[1mwhere[22m[39m [33m`u2`[39m[0m.[0m[33m`following`[39m [0m=[0m [32m3[39m[90m [took 1 ms][39m
[90m[query] [39m[37m[1mselect[22m[39m [33m`a0`[39m[0m.[0m[33m`id`[39m[0m,[0m [33m`a0`[39m[0m.[0m[33m`slug`[39m[0m,[0m [33m`a0`[39m[0m.[0m[33m`title`[39m[0m,[0m [33m`a0`[39m[0m.[0m[33m`description`[39m[0m,[0m [33m`a0`[39m[0m.[0m[33m`body`[39m[0m,[0m [33m`a0`[39m[0m.[0m[33m`created_at`[39m[0m,[0m [33m`a0`[39m[0m.[0m[33m`updated_at`[39m[0m,[0m [33m`a0`[39m[0m.[0m[33m`tag_list`[39m[0m,[0m [33m`a0`[39m[0m.[0m[33m`author_id`[39m[0m,[0m [33m`a0`[39m[0m.[0m[33m`favorites_count`[39m[0m,[0m [33m`a1`[39m[0m.[0m[33m`id`[39m [37m[1mas[22m[39m [33m`a1__id`[39m[0m,[0m [33m`a1`[39m[0m.[0m[33m`username`[39m [37m[1mas[22m[39m [33m`a1__username`[39m[0m,[0m [33m`a1`[39m[0m.[0m[33m`email`[39m [37m[1mas[22m[39m [33m`a1__email`[39m[0m,[0m [33m`a1`[39m[0m.[0m[33m`bio`[39m [37m[1mas[22m[39m [33m`a1__bio`[39m[0m,[0m [33m`a1`[39m[0m.[0m[33m`image`[39m [37m[1mas[22m[39m [33m`a1__image`[39m[0m,[0m [33m`a1`[39m[0m.[0m[33m`password`[39m [37m[1mas[22m[39m [33m`a1__password`[39m[0m,[0m [33m`c2`[39m[0m.[0m[33m`id`[39m [37m[1mas[22m[39m [33m`c2__id`[39m[0m,[0m [33m`c2`[39m[0m.[0m[33m`created_at`[39m [37m[1mas[22m[39m [33m`c2__created_at`[39m[0m,[0m [33m`c2`[39m[0m.[0m[33m`updated_at`[39m [37m[1mas[22m[39m [33m`c2__updated_at`[39m[0m,[0m [33m`c2`[39m[0m.[0m[33m`body`[39m [37m[1mas[22m[39m [33m`c2__body`[39m[0m,[0m [33m`c2`[39m[0m.[0m[33m`article_id`[39m [37m[1mas[22m[39m [33m`c2__article_id`[39m[0m,[0m [33m`c2`[39m[0m.[0m[33m`author_id`[39m [37m[1mas[22m[39m [33m`c2__author_id`[39m [37m[1mfrom[22m[39m [33m`article`[39m [37m[1mas[22m[39m [33m`a0`[39m [37m[1mleft join[22m[39m [33m`user`[39m [37m[1mas[22m[39m [33m`a1`[39m [37m[1mon[22m[39m [33m`a0`[39m[0m.[0m[33m`author_id`[39m [0m=[0m [33m`a1`[39m[0m.[0m[33m`id`[39m [37m[1mleft join[22m[39m [33m`comment`[39m [37m[1mas[22m[39m [33m`c2`[39m [37m[1mon[22m[39m [33m`a0`[39m[0m.[0m[33m`id`[39m [0m=[0m [33m`c2`[39m[0m.[0m[33m`article_id`[39m [37m[1mleft join[22m[39m [33m`user_to_follower`[39m [37m[1mas[22m[39m [33m`u3`[39m [37m[1mon[22m[39m [33m`a1`[39m[0m.[0m[33m`id`[39m [0m=[0m [33m`u3`[39m[0m.[0m[33m`follower`[39m [37m[1mwhere[22m[39m [33m`a0`[39m[0m.[0m[33m`id`[39m [37m[1min[22m[39m ([37m[1mselect[22m[39m [33m`a0`[39m[0m.[0m[33m`id`[39m [37m[1mfrom[22m[39m ([37m[1mselect[22m[39m [33m`a0`[39m[0m.[0m[33m`id`[39m [37m[1mfrom[22m[39m [33m`article`[39m [37m[1mas[22m[39m [33m`a0`[39m [37m[1mleft join[22m[39m [33m`user`[39m [37m[1mas[22m[39m [33m`a1`[39m [37m[1mon[22m[39m [33m`a0`[39m[0m.[0m[33m`author_id`[39m [0m=[0m [33m`a1`[39m[0m.[0m[33m`id`[39m [37m[1mleft join[22m[39m [33m`comment`[39m [37m[1mas[22m[39m [33m`c2`[39m [37m[1mon[22m[39m [33m`a0`[39m[0m.[0m[33m`id`[39m [0m=[0m [33m`c2`[39m[0m.[0m[33m`article_id`[39m [37m[1mleft join[22m[39m [33m`user_to_follower`[39m [37m[1mas[22m[39m [33m`u3`[39m [37m[1mon[22m[39m [33m`a1`[39m[0m.[0m[33m`id`[39m [0m=[0m [33m`u3`[39m[0m.[0m[33m`follower`[39m [37m[1mwhere[22m[39m [33m`u3`[39m[0m.[0m[33m`following`[39m [0m=[0m [32m3[39m [37m[1mgroup by[22m[39m [33m`a0`[39m[0m.[0m[33m`id`[39m [37m[1morder by[22m[39m [37m[1mmin[22m[39m([33m`a0`[39m[0m.[0m[33m`created_at`[39m) [37m[1mdesc[22m[39m [37m[1mlimit[22m[39m [32m10[39m) [37m[1mas[22m[39m [33m`a0`[39m) [37m[1morder by[22m[39m [33m`a0`[39m[0m.[0m[33m`created_at`[39m [37m[1mdesc[22m[39m[90m [took 2 ms, 2 results][39m
findFeed {
  articles: [
    Article {
      id: 1,
      slug: 'how-to-do-something',
      title: 'How to do something',
      description: 'Lorem ipsum dolor sit amet',
      body: 'Lorem ipsum dolor sit amet, consectetur adipiscing elit. Sed euismod, diam id aliquam aliquam, nunc ipsum aliquet nunc, vitae aliq',
      createdAt: 2025-10-15T17:52:09.000Z,
      updatedAt: 2025-10-15T17:52:09.000Z,
      tagList: [Array],
      author: [User],
      favoritesCount: 3,
      comments: [Collection<Comment>]
    },
    Article {
      id: 2,
      slug: 'how-to-do-something-else',
      title: 'How to do something else',
      description: 'Sed euismod',
      body: 'Sed euismod, diam id aliquam aliquam, nunc i consectetur adipiscing elit. Sed euismod, diam id aliquam aliquam, nunc ipsum aliquet nunc, vitae aliq',
      createdAt: 2025-10-15T17:52:09.000Z,
      updatedAt: 2025-10-15T17:52:09.000Z,
      tagList: [Array],
      author: [User],
      favoritesCount: 7,
      comments: [Collection<Comment>]
    }
  ],
  articlesCount: 2
}
[90m[query] [39m[37m[1mselect[22m[39m [33m`t0`[39m[0m.[0m[0m*[0m [37m[1mfrom[22m[39m [33m`tag`[39m [37m[1mas[22m[39m [33m`t0`[39m[90m [took 1 ms, 4 results][39m
[90m[query] [39m[37m[1mselect[22m[39m [33m`u0`[39m[0m.[0m[33m`id`[39m[0m,[0m [33m`u0`[39m[0m.[0m[33m`username`[39m[0m,[0m [33m`u0`[39m[0m.[0m[33m`email`[39m[0m,[0m [33m`u0`[39m[0m.[0m[33m`bio`[39m[0m,[0m [33m`u0`[39m[0m.[0m[33m`image`[39m[0m,[0m [33m`u0`[39m[0m.[0m[33m`password`[39m[0m,[0m [33m`f1`[39m[0m.[0m[33m`id`[39m [37m[1mas[22m[39m [33m`f1__id`[39m[0m,[0m [33m`f1`[39m[0m.[0m[33m`username`[39m [37m[1mas[22m[39m [33m`f1__username`[39m[0m,[0m [33m`f1`[39m[0m.[0m[33m`email`[39m [37m[1mas[22m[39m [33m`f1__email`[39m[0m,[0m [33m`f1`[39m[0m.[0m[33m`bio`[39m [37m[1mas[22m[39m [33m`f1__bio`[39m[0m,[0m [33m`f1`[39m[0m.[0m[33m`image`[39m [37m[1mas[22m[39m [33m`f1__image`[39m[0m,[0m [33m`f1`[39m[0m.[0m[33m`password`[39m [37m[1mas[22m[39m [33m`f1__password`[39m [37m[1mfrom[22m[39m [33m`user`[39m [37m[1mas[22m[39m [33m`u0`[39m [37m[1mleft join[22m[39m [33m`user_to_follower`[39m [37m[1mas[22m[39m [33m`u2`[39m [37m[1mon[22m[39m [33m`u0`[39m[0m.[0m[33m`id`[39m [0m=[0m [33m`u2`[39m[0m.[0m[33m`follower`[39m [37m[1mleft join[22m[39m [33m`user`[39m [37m[1mas[22m[39m [33m`f1`[39m [37m[1mon[22m[39m [33m`u2`[39m[0m.[0m[33m`following`[39m [0m=[0m [33m`f1`[39m[0m.[0m[33m`id`[39m [37m[1mwhere[22m[39m [33m`u0`[39m[0m.[0m[33m`username`[39m [0m=[0m [33m'John Costen'[39m[90m [took 0 ms, 1 result][39m
[90m[query] [39m[37m[1mselect[22m[39m [33m`u0`[39m[0m.[0m[33m`id`[39m[0m,[0m [33m`u0`[39m[0m.[0m[33m`username`[39m[0m,[0m [33m`u0`[39m[0m.[0m[33m`email`[39m[0m,[0m [33m`u0`[39m[0m.[0m[33m`bio`[39m[0m,[0m [33m`u0`[39m[0m.[0m[33m`image`[39m[0m,[0m [33m`u0`[39m[0m.[0m[33m`password`[39m[0m,[0m [33m`f1`[39m[0m.[0m[33m`id`[39m [37m[1mas[22m[39m [33m`f1__id`[39m[0m,[0m [33m`f1`[39m[0m.[0m[33m`username`[39m [37m[1mas[22m[39m [33m`f1__username`[39m[0m,[0m [33m`f1`[39m[0m.[0m[33m`email`[39m [37m[1mas[22m[39m [33m`f1__email`[39m[0m,[0m [33m`f1`[39m[0m.[0m[33m`bio`[39m [37m[1mas[22m[39m [33m`f1__bio`[39m[0m,[0m [33m`f1`[39m[0m.[0m[33m`image`[39m [37m[1mas[22m[39m [33m`f1__image`[39m[0m,[0m [33m`f1`[39m[0m.[0m[33m`password`[39m [37m[1mas[22m[39m [33m`f1__password`[39m[0m,[0m [33m`f3`[39m[0m.[0m[33m`id`[39m [37m[1mas[22m[39m [33m`f3__id`[39m[0m,[0m [33m`f3`[39m[0m.[0m[33m`slug`[39m [37m[1mas[22m[39m [33m`f3__slug`[39m[0m,[0m [33m`f3`[39m[0m.[0m[33m`title`[39m [37m[1mas[22m[39m [33m`f3__title`[39m[0m,[0m [33m`f3`[39m[0m.[0m[33m`description`[39m [37m[1mas[22m[39m [33m`f3__description`[39m[0m,[0m [33m`f3`[39m[0m.[0m[33m`body`[39m [37m[1mas[22m[39m [33m`f3__body`[39m[0m,[0m [33m`f3`[39m[0m.[0m[33m`created_at`[39m [37m[1mas[22m[39m [33m`f3__created_at`[39m[0m,[0m [33m`f3`[39m[0m.[0m[33m`updated_at`[39m [37m[1mas[22m[39m [33m`f3__updated_at`[39m[0m,[0m [33m`f3`[39m[0m.[0m[33m`tag_list`[39m [37m[1mas[22m[39m [33m`f3__tag_list`[39m[0m,[0m [33m`f3`[39m[0m.[0m[33m`author_id`[39m [37m[1mas[22m[39m [33m`f3__author_id`[39m[0m,[0m [33m`f3`[39m[0m.[0m[33m`favorites_count`[39m [37m[1mas[22m[39m [33m`f3__favorites_count`[39m[0m,[0m [33m`c5`[39m[0m.[0m[33m`id`[39m [37m[1mas[22m[39m [33m`c5__id`[39m[0m,[0m [33m`c5`[39m[0m.[0m[33m`created_at`[39m [37m[1mas[22m[39m [33m`c5__created_at`[39m[0m,[0m [33m`c5`[39m[0m.[0m[33m`updated_at`[39m [37m[1mas[22m[39m [33m`c5__updated_at`[39m[0m,[0m [33m`c5`[39m[0m.[0m[33m`body`[39m [37m[1mas[22m[39m [33m`c5__body`[39m[0m,[0m [33m`c5`[39m[0m.[0m[33m`article_id`[39m [37m[1mas[22m[39m [33m`c5__article_id`[39m[0m,[0m [33m`c5`[39m[0m.[0m[33m`author_id`[39m [37m[1mas[22m[39m [33m`c5__author_id`[39m [37m[1mfrom[22m[39m [33m`user`[39m [37m[1mas[22m[39m [33m`u0`[39m [37m[1mleft join[22m[39m [33m`user_to_follower`[39m [37m[1mas[22m[39m [33m`u2`[39m [37m[1mon[22m[39m [33m`u0`[39m[0m.[0m[33m`id`[39m [0m=[0m [33m`u2`[39m[0m.[0m[33m`follower`[39m [37m[1mleft join[22m[39m [33m`user`[39m [37m[1mas[22m[39m [33m`f1`[39m [37m[1mon[22m[39m [33m`u2`[39m[0m.[0m[33m`following`[39m [0m=[0m [33m`f1`[39m[0m.[0m[33m`id`[39m [37m[1mleft join[22m[39m [33m`user_favorites`[39m [37m[1mas[22m[39m [33m`u4`[39m [37m[1mon[22m[39m [33m`u0`[39m[0m.[0m[33m`id`[39m [0m=[0m [33m`u4`[39m[0m.[0m[33m`user_id`[39m [37m[1mleft join[22m[39m [33m`article`[39m [37m[1mas[22m[39m [33m`f3`[39m [37m[1mon[22m[39m [33m`u4`[39m[0m.[0m[33m`article_id`[39m [0m=[0m [33m`f3`[39m[0m.[0m[33m`id`[39m [37m[1mleft join[22m[39m [33m`comment`[39m [37m[1mas[22m[39m [33m`c5`[39m [37m[1mon[22m[39m [33m`f3`[39m[0m.[0m[33m`id`[39m [0m=[0m [33m`c5`[39m[0m.[0m[33m`article_id`[39m [37m[1mwhere[22m[39m [33m`u0`[39m[0m.[0m[33m`id`[39m [0m=[0m [32m3[39m[90m [took 1 ms, 1 result][39m
[90m[query] [39m[37m[1mselect[22m[39m [33m`u0`[39m[0m.[0m[0m*[0m [37m[1mfrom[22m[39m [33m`user`[39m [37m[1mas[22m[39m [33m`u0`[39m [37m[1mwhere[22m[39m [33m`u0`[39m[0m.[0m[33m`username`[39m [0m=[0m [33m'John Costen'[39m [37m[1mlimit[22m[39m [32m1[39m[90m [took 3 ms, 1 result][39m
[90m[query] [39m[37m[1mselect[22m[39m [37m[1mcount[22m[39m([37m[1mdistinct[22m[39m [33m`a`[39m[0m.[0m[33m`id`[39m) [37m[1mas[22m[39m [33m`count`[39m [37m[1mfrom[22m[39m [33m`article`[39m [37m[1mas[22m[39m [33m`a`[39m [37m[1mleft join[22m[39m [33m`user`[39m [37m[1mas[22m[39m [33m`u`[39m [37m[1mon[22m[39m [33m`a`[39m[0m.[0m[33m`author_id`[39m [0m=[0m [33m`u`[39m[0m.[0m[33m`id`[39m [37m[1mwhere[22m[39m [33m`a`[39m[0m.[0m[33m`author_id`[39m [0m=[0m [32m3[39m [37m[1morder by[22m[39m [33m`a`[39m[0m.[0m[33m`created_at`[39m [37m[1mdesc[22m[39m[90m [took 1 ms][39m
[90m[query] [39m[37m[1mselect[22m[39m [33m`a`[39m[0m.[0m[0m*[0m [37m[1mfrom[22m[39m [33m`article`[39m [37m[1mas[22m[39m [33m`a`[39m [37m[1mleft join[22m[39m [33m`user`[39m [37m[1mas[22m[39m [33m`u`[39m [37m[1mon[22m[39m [33m`a`[39m[0m.[0m[33m`author_id`[39m [0m=[0m [33m`u`[39m[0m.[0m[33m`id`[39m [37m[1mwhere[22m[39m [33m`a`[39m[0m.[0m[33m`author_id`[39m [0m=[0m [32m3[39m [37m[1morder by[22m[39m [33m`a`[39m[0m.[0m[33m`created_at`[39m [37m[1mdesc[22m[39m [37m[1mlimit[22m[39m [32m10[39m[90m [took 0 ms, 0 result][39m
[90m[query] [39m[37m[1mselect[22m[39m [33m`a0`[39m[0m.[0m[33m`id`[39m[0m,[0m [33m`a0`[39m[0m.[0m[33m`slug`[39m[0m,[0m [33m`a0`[39m[0m.[0m[33m`title`[39m[0m,[0m [33m`a0`[39m[0m.[0m[33m`description`[39m[0m,[0m [33m`a0`[39m[0m.[0m[33m`body`[39m[0m,[0m [33m`a0`[39m[0m.[0m[33m`created_at`[39m[0m,[0m [33m`a0`[39m[0m.[0m[33m`updated_at`[39m[0m,[0m [33m`a0`[39m[0m.[0m[33m`tag_list`[39m[0m,[0m [33m`a0`[39m[0m.[0m[33m`author_id`[39m[0m,[0m [33m`a0`[39m[0m.[0m[33m`favorites_count`[39m[0m,[0m [33m`a1`[39m[0m.[0m[33m`id`[39m [37m[1mas[22m[39m [33m`a1__id`[39m[0m,[0m [33m`a1`[39m[0m.[0m[33m`username`[39m [37m[1mas[22m[39m [33m`a1__username`[39m[0m,[0m [33m`a1`[39m[0m.[0m[33m`email`[39m [37m[1mas[22m[39m [33m`a1__email`[39m[0m,[0m [33m`a1`[39m[0m.[0m[33m`bio`[39m [37m[1mas[22m[39m [33m`a1__bio`[39m[0m,[0m [33m`a1`[39m[0m.[0m[33m`image`[39m [37m[1mas[22m[39m [33m`a1__image`[39m[0m,[0m [33m`a1`[39m[0m.[0m[33m`password`[39m [37m[1mas[22m[39m [33m`a1__password`[39m[0m,[0m [33m`c2`[39m[0m.[0m[33m`id`[39m [37m[1mas[22m[39m [33m`c2__id`[39m[0m,[0m [33m`c2`[39m[0m.[0m[33m`created_at`[39m [37m[1mas[22m[39m [33m`c2__created_at`[39m[0m,[0m [33m`c2`[39m[0m.[0m[33m`updated_at`[39m [37m[1mas[22m[39m [33m`c2__updated_at`[39m[0m,[0m [33m`c2`[39m[0m.[0m[33m`body`[39m [37m[1mas[22m[39m [33m`c2__body`[39m[0m,[0m [33m`c2`[39m[0m.[0m[33m`article_id`[39m [37m[1mas[22m[39m [33m`c2__article_id`[39m[0m,[0m [33m`c2`[39m[0m.[0m[33m`author_id`[39m [37m[1mas[22m[39m [33m`c2__author_id`[39m [37m[1mfrom[22m[39m [33m`article`[39m [37m[1mas[22m[39m [33m`a0`[39m [37m[1mleft join[22m[39m [33m`user`[39m [37m[1mas[22m[39m [33m`a1`[39m [37m[1mon[22m[39m [33m`a0`[39m[0m.[0m[33m`author_id`[39m [0m=[0m [33m`a1`[39m[0m.[0m[33m`id`[39m [37m[1mleft join[22m[39m [33m`comment`[39m [37m[1mas[22m[39m [33m`c2`[39m [37m[1mon[22m[39m [33m`a0`[39m[0m.[0m[33m`id`[39m [0m=[0m [33m`c2`[39m[0m.[0m[33m`article_id`[39m [37m[1mwhere[22m[39m [32m1[39m [0m=[0m [32m0[39m[90m [took 0 ms, 0 result][39m
[90m[query] [39m[37m[1mselect[22m[39m [33m`u0`[39m[0m.[0m[33m`id`[39m[0m,[0m [33m`u0`[39m[0m.[0m[33m`username`[39m[0m,[0m [33m`u0`[39m[0m.[0m[33m`email`[39m[0m,[0m [33m`u0`[39m[0m.[0m[33m`bio`[39m[0m,[0m [33m`u0`[39m[0m.[0m[33m`image`[39m[0m,[0m [33m`u0`[39m[0m.[0m[33m`password`[39m[0m,[0m [33m`f1`[39m[0m.[0m[33m`id`[39m [37m[1mas[22m[39m [33m`f1__id`[39m[0m,[0m [33m`f1`[39m[0m.[0m[33m`username`[39m [37m[1mas[22m[39m [33m`f1__username`[39m[0m,[0m [33m`f1`[39m[0m.[0m[33m`email`[39m [37m[1mas[22m[39m [33m`f1__email`[39m[0m,[0m [33m`f1`[39m[0m.[0m[33m`bio`[39m [37m[1mas[22m[39m [33m`f1__bio`[39m[0m,[0m [33m`f1`[39m[0m.[0m[33m`image`[39m [37m[1mas[22m[39m [33m`f1__image`[39m[0m,[0m [33m`f1`[39m[0m.[0m[33m`password`[39m [37m[1mas[22m[39m [33m`f1__password`[39m[0m,[0m [33m`f3`[39m[0m.[0m[33m`id`[39m [37m[1mas[22m[39m [33m`f3__id`[39m[0m,[0m [33m`f3`[39m[0m.[0m[33m`slug`[39m [37m[1mas[22m[39m [33m`f3__slug`[39m[0m,[0m [33m`f3`[39m[0m.[0m[33m`title`[39m [37m[1mas[22m[39m [33m`f3__title`[39m[0m,[0m [33m`f3`[39m[0m.[0m[33m`description`[39m [37m[1mas[22m[39m [33m`f3__description`[39m[0m,[0m [33m`f3`[39m[0m.[0m[33m`body`[39m [37m[1mas[22m[39m [33m`f3__body`[39m[0m,[0m [33m`f3`[39m[0m.[0m[33m`created_at`[39m [37m[1mas[22m[39m [33m`f3__created_at`[39m[0m,[0m [33m`f3`[39m[0m.[0m[33m`updated_at`[39m [37m[1mas[22m[39m [33m`f3__updated_at`[39m[0m,[0m [33m`f3`[39m[0m.[0m[33m`tag_list`[39m [37m[1mas[22m[39m [33m`f3__tag_list`[39m[0m,[0m [33m`f3`[39m[0m.[0m[33m`author_id`[39m [37m[1mas[22m[39m [33m`f3__author_id`[39m[0m,[0m [33m`f3`[39m[0m.[0m[33m`favorites_count`[39m [37m[1mas[22m[39m [33m`f3__favorites_count`[39m[0m,[0m [33m`c5`[39m[0m.[0m[33m`id`[39m [37m[1mas[22m[39m [33m`c5__id`[39m[0m,[0m [33m`c5`[39m[0m.[0m[33m`created_at`[39m [37m[1mas[22m[39m [33m`c5__created_at`[39m[0m,[0m [33m`c5`[39m[0m.[0m[33m`updated_at`[39m [37m[1mas[22m[39m [33m`c5__updated_at`[39m[0m,[0m [33m`c5`[39m[0m.[0m[33m`body`[39m [37m[1mas[22m[39m [33m`c5__body`[39m[0m,[0m [33m`c5`[39m[0m.[0m[33m`article_id`[39m [37m[1mas[22m[39m [33m`c5__article_id`[39m[0m,[0m [33m`c5`[39m[0m.[0m[33m`author_id`[39m [37m[1mas[22m[39m [33m`c5__author_id`[39m [37m[1mfrom[22m[39m [33m`user`[39m [37m[1mas[22m[39m [33m`u0`[39m [37m[1mleft join[22m[39m [33m`user_to_follower`[39m [37m[1mas[22m[39m [33m`u2`[39m [37m[1mon[22m[39m [33m`u0`[39m[0m.[0m[33m`id`[39m [0m=[0m [33m`u2`[39m[0m.[0m[33m`follower`[39m [37m[1mleft join[22m[39m [33m`user`[39m [37m[1mas[22m[39m [33m`f1`[39m [37m[1mon[22m[39m [33m`u2`[39m[0m.[0m[33m`following`[39m [0m=[0m [33m`f1`[39m[0m.[0m[33m`id`[39m [37m[1mleft join[22m[39m [33m`user_favorites`[39m [37m[1mas[22m[39m [33m`u4`[39m [37m[1mon[22m[39m [33m`u0`[39m[0m.[0m[33m`id`[39m [0m=[0m [33m`u4`[39m[0m.[0m[33m`user_id`[39m [37m[1mleft join[22m[39m [33m`article`[39m [37m[1mas[22m[39m [33m`f3`[39m [37m[1mon[22m[39m [33m`u4`[39m[0m.[0m[33m`article_id`[39m [0m=[0m [33m`f3`[39m[0m.[0m[33m`id`[39m [37m[1mleft join[22m[39m [33m`comment`[39m [37m[1mas[22m[39m [33m`c5`[39m [37m[1mon[22m[39m [33m`f3`[39m[0m.[0m[33m`id`[39m [0m=[0m [33m`c5`[39m[0m.[0m[33m`article_id`[39m [37m[1mwhere[22m[39m [33m`u0`[39m[0m.[0m[33m`id`[39m [0m=[0m [32m3[39m[90m [took 2 ms, 1 result][39m
[90m[query] [39m[37m[1mselect[22m[39m [33m`u0`[39m[0m.[0m[33m`id`[39m[0m,[0m [33m`u0`[39m[0m.[0m[33m`username`[39m[0m,[0m [33m`u0`[39m[0m.[0m[33m`email`[39m[0m,[0m [33m`u0`[39m[0m.[0m[33m`bio`[39m[0m,[0m [33m`u0`[39m[0m.[0m[33m`image`[39m[0m,[0m [33m`u0`[39m[0m.[0m[33m`password`[39m[0m,[0m [33m`f1`[39m[0m.[0m[33m`id`[39m [37m[1mas[22m[39m [33m`f1__id`[39m[0m,[0m [33m`f1`[39m[0m.[0m[33m`slug`[39m [37m[1mas[22m[39m [33m`f1__slug`[39m[0m,[0m [33m`f1`[39m[0m.[0m[33m`title`[39m [37m[1mas[22m[39m [33m`f1__title`[39m[0m,[0m [33m`f1`[39m[0m.[0m[33m`description`[39m [37m[1mas[22m[39m [33m`f1__description`[39m[0m,[0m [33m`f1`[39m[0m.[0m[33m`body`[39m [37m[1mas[22m[39m [33m`f1__body`[39m[0m,[0m [33m`f1`[39m[0m.[0m[33m`created_at`[39m [37m[1mas[22m[39m [33m`f1__created_at`[39m[0m,[0m [33m`f1`[39m[0m.[0m[33m`updated_at`[39m [37m[1mas[22m[39m [33m`f1__updated_at`[39m[0m,[0m [33m`f1`[39m[0m.[0m[33m`tag_list`[39m [37m[1mas[22m[39m [33m`f1__tag_list`[39m[0m,[0m [33m`f1`[39m[0m.[0m[33m`author_id`[39m [37m[1mas[22m[39m [33m`f1__author_id`[39m[0m,[0m [33m`f1`[39m[0m.[0m[33m`favorites_count`[39m [37m[1mas[22m[39m [33m`f1__favorites_count`[39m[0m,[0m [33m`c3`[39m[0m.[0m[33m`id`[39m [37m[1mas[22m[39m [33m`c3__id`[39m[0m,[0m [33m`c3`[39m[0m.[0m[33m`created_at`[39m [37m[1mas[22m[39m [33m`c3__created_at`[39m[0m,[0m [33m`c3`[39m[0m.[0m[33m`updated_at`[39m [37m[1mas[22m[39m [33m`c3__updated_at`[39m[0m,[0m [33m`c3`[39m[0m.[0m[33m`body`[39m [37m[1mas[22m[39m [33m`c3__body`[39m[0m,[0m [33m`c3`[39m[0m.[0m[33m`article_id`[39m [37m[1mas[22m[39m [33m`c3__article_id`[39m[0m,[0m [33m`c3`[39m[0m.[0m[33m`author_id`[39m [37m[1mas[22m[39m [33m`c3__author_id`[39m [37m[1mfrom[22m[39m [33m`user`[39m [37m[1mas[22m[39m [33m`u0`[39m [37m[1mleft join[22m[39m [33m`user_favorites`[39m [37m[1mas[22m[39m [33m`u2`[39m [37m[1mon[22m[39m [33m`u0`[39m[0m.[0m[33m`id`[39m [0m=[0m [33m`u2`[39m[0m.[0m[33m`user_id`[39m [37m[1mleft join[22m[39m [33m`article`[39m [37m[1mas[22m[39m [33m`f1`[39m [37m[1mon[22m[39m [33m`u2`[39m[0m.[0m[33m`article_id`[39m [0m=[0m [33m`f1`[39m[0m.[0m[33m`id`[39m [37m[1mleft join[22m[39m [33m`comment`[39m [37m[1mas[22m[39m [33m`c3`[39m [37m[1mon[22m[39m [33m`f1`[39m[0m.[0m[33m`id`[39m [0m=[0m [33m`c3`[39m[0m.[0m[33m`article_id`[39m [37m[1mwhere[22m[39m [33m`u0`[39m[0m.[0m[33m`username`[39m [0m=[0m [33m'John Costen'[39m[90m [took 0 ms, 1 result][39m
[90m[query] [39m[37m[1mselect[22m[39m [37m[1mcount[22m[39m([37m[1mdistinct[22m[39m [33m`a`[39m[0m.[0m[33m`id`[39m) [37m[1mas[22m[39m [33m`count`[39m [37m[1mfrom[22m[39m [33m`article`[39m [37m[1mas[22m[39m [33m`a`[39m [37m[1mleft join[22m[39m [33m`user`[39m [37m[1mas[22m[39m [33m`u`[39m [37m[1mon[22m[39m [33m`a`[39m[0m.[0m[33m`author_id`[39m [0m=[0m [33m`u`[39m[0m.[0m[33m`id`[39m [37m[1mwhere[22m[39m [32m1[39m [0m=[0m [32m0[39m [37m[1morder by[22m[39m [33m`a`[39m[0m.[0m[33m`created_at`[39m [37m[1mdesc[22m[39m[90m [took 0 ms][39m
[90m[query] [39m[37m[1mselect[22m[39m [33m`a`[39m[0m.[0m[0m*[0m [37m[1mfrom[22m[39m [33m`article`[39m [37m[1mas[22m[39m [33m`a`[39m [37m[1mleft join[22m[39m [33m`user`[39m [37m[1mas[22m[39m [33m`u`[39m [37m[1mon[22m[39m [33m`a`[39m[0m.[0m[33m`author_id`[39m [0m=[0m [33m`u`[39m[0m.[0m[33m`id`[39m [37m[1mwhere[22m[39m [32m1[39m [0m=[0m [32m0[39m [37m[1morder by[22m[39m [33m`a`[39m[0m.[0m[33m`created_at`[39m [37m[1mdesc[22m[39m [37m[1mlimit[22m[39m [32m10[39m[90m [took 0 ms, 0 result][39m
[90m[query] [39m[37m[1mselect[22m[39m [33m`a0`[39m[0m.[0m[33m`id`[39m[0m,[0m [33m`a0`[39m[0m.[0m[33m`slug`[39m[0m,[0m [33m`a0`[39m[0m.[0m[33m`title`[39m[0m,[0m [33m`a0`[39m[0m.[0m[33m`description`[39m[0m,[0m [33m`a0`[39m[0m.[0m[33m`body`[39m[0m,[0m [33m`a0`[39m[0m.[0m[33m`created_at`[39m[0m,[0m [33m`a0`[39m[0m.[0m[33m`updated_at`[39m[0m,[0m [33m`a0`[39m[0m.[0m[33m`tag_list`[39m[0m,[0m [33m`a0`[39m[0m.[0m[33m`author_id`[39m[0m,[0m [33m`a0`[39m[0m.[0m[33m`favorites_count`[39m[0m,[0m [33m`a1`[39m[0m.[0m[33m`id`[39m [37m[1mas[22m[39m [33m`a1__id`[39m[0m,[0m [33m`a1`[39m[0m.[0m[33m`username`[39m [37m[1mas[22m[39m [33m`a1__username`[39m[0m,[0m [33m`a1`[39m[0m.[0m[33m`email`[39m [37m[1mas[22m[39m [33m`a1__email`[39m[0m,[0m [33m`a1`[39m[0m.[0m[33m`bio`[39m [37m[1mas[22m[39m [33m`a1__bio`[39m[0m,[0m [33m`a1`[39m[0m.[0m[33m`image`[39m [37m[1mas[22m[39m [33m`a1__image`[39m[0m,[0m [33m`a1`[39m[0m.[0m[33m`password`[39m [37m[1mas[22m[39m [33m`a1__password`[39m[0m,[0m [33m`c2`[39m[0m.[0m[33m`id`[39m [37m[1mas[22m[39m [33m`c2__id`[39m[0m,[0m [33m`c2`[39m[0m.[0m[33m`created_at`[39m [37m[1mas[22m[39m [33m`c2__created_at`[39m[0m,[0m [33m`c2`[39m[0m.[0m[33m`updated_at`[39m [37m[1mas[22m[39m [33m`c2__updated_at`[39m[0m,[0m [33m`c2`[39m[0m.[0m[33m`body`[39m [37m[1mas[22m[39m [33m`c2__body`[39m[0m,[0m [33m`c2`[39m[0m.[0m[33m`article_id`[39m [37m[1mas[22m[39m [33m`c2__article_id`[39m[0m,[0m [33m`c2`[39m[0m.[0m[33m`author_id`[39m [37m[1mas[22m[39m [33m`c2__author_id`[39m [37m[1mfrom[22m[39m [33m`article`[39m [37m[1mas[22m[39m [33m`a0`[39m [37m[1mleft join[22m[39m [33m`user`[39m [37m[1mas[22m[39m [33m`a1`[39m [37m[1mon[22m[39m [33m`a0`[39m[0m.[0m[33m`author_id`[39m [0m=[0m [33m`a1`[39m[0m.[0m[33m`id`[39m [37m[1mleft join[22m[39m [33m`comment`[39m [37m[1mas[22m[39m [33m`c2`[39m [37m[1mon[22m[39m [33m`a0`[39m[0m.[0m[33m`id`[39m [0m=[0m [33m`c2`[39m[0m.[0m[33m`article_id`[39m [37m[1mwhere[22m[39m [32m1[39m [0m=[0m [32m0[39m[90m [took 1 ms, 0 result][39m
[90m[query] [39m[37m[1mselect[22m[39m [33m`u0`[39m[0m.[0m[0m*[0m [37m[1mfrom[22m[39m [33m`user`[39m [37m[1mas[22m[39m [33m`u0`[39m [37m[1mwhere[22m[39m [33m`u0`[39m[0m.[0m[33m`id`[39m [0m=[0m [32m3[39m [37m[1mlimit[22m[39m [32m1[39m[90m [took 1 ms, 1 result][39m
[90m[query] [39m[37m[1mselect[22m[39m [33m`u0`[39m[0m.[0m[33m`id`[39m[0m,[0m [33m`u0`[39m[0m.[0m[33m`username`[39m[0m,[0m [33m`u0`[39m[0m.[0m[33m`email`[39m[0m,[0m [33m`u0`[39m[0m.[0m[33m`bio`[39m[0m,[0m [33m`u0`[39m[0m.[0m[33m`image`[39m[0m,[0m [33m`u0`[39m[0m.[0m[33m`password`[39m[0m,[0m [33m`f1`[39m[0m.[0m[33m`id`[39m [37m[1mas[22m[39m [33m`f1__id`[39m[0m,[0m [33m`f1`[39m[0m.[0m[33m`username`[39m [37m[1mas[22m[39m [33m`f1__username`[39m[0m,[0m [33m`f1`[39m[0m.[0m[33m`email`[39m [37m[1mas[22m[39m [33m`f1__email`[39m[0m,[0m [33m`f1`[39m[0m.[0m[33m`bio`[39m [37m[1mas[22m[39m [33m`f1__bio`[39m[0m,[0m [33m`f1`[39m[0m.[0m[33m`image`[39m [37m[1mas[22m[39m [33m`f1__image`[39m[0m,[0m [33m`f1`[39m[0m.[0m[33m`password`[39m [37m[1mas[22m[39m [33m`f1__password`[39m[0m,[0m [33m`f3`[39m[0m.[0m[33m`id`[39m [37m[1mas[22m[39m [33m`f3__id`[39m[0m,[0m [33m`f3`[39m[0m.[0m[33m`slug`[39m [37m[1mas[22m[39m [33m`f3__slug`[39m[0m,[0m [33m`f3`[39m[0m.[0m[33m`title`[39m [37m[1mas[22m[39m [33m`f3__title`[39m[0m,[0m [33m`f3`[39m[0m.[0m[33m`description`[39m [37m[1mas[22m[39m [33m`f3__description`[39m[0m,[0m [33m`f3`[39m[0m.[0m[33m`body`[39m [37m[1mas[22m[39m [33m`f3__body`[39m[0m,[0m [33m`f3`[39m[0m.[0m[33m`created_at`[39m [37m[1mas[22m[39m [33m`f3__created_at`[39m[0m,[0m [33m`f3`[39m[0m.[0m[33m`updated_at`[39m [37m[1mas[22m[39m [33m`f3__updated_at`[39m[0m,[0m [33m`f3`[39m[0m.[0m[33m`tag_list`[39m [37m[1mas[22m[39m [33m`f3__tag_list`[39m[0m,[0m [33m`f3`[39m[0m.[0m[33m`author_id`[39m [37m[1mas[22m[39m [33m`f3__author_id`[39m[0m,[0m [33m`f3`[39m[0m.[0m[33m`favorites_count`[39m [37m[1mas[22m[39m [33m`f3__favorites_count`[39m[0m,[0m [33m`c5`[39m[0m.[0m[33m`id`[39m [37m[1mas[22m[39m [33m`c5__id`[39m[0m,[0m [33m`c5`[39m[0m.[0m[33m`created_at`[39m [37m[1mas[22m[39m [33m`c5__created_at`[39m[0m,[0m [33m`c5`[39m[0m.[0m[33m`updated_at`[39m [37m[1mas[22m[39m [33m`c5__updated_at`[39m[0m,[0m [33m`c5`[39m[0m.[0m[33m`body`[39m [37m[1mas[22m[39m [33m`c5__body`[39m[0m,[0m [33m`c5`[39m[0m.[0m[33m`article_id`[39m [37m[1mas[22m[39m [33m`c5__article_id`[39m[0m,[0m [33m`c5`[39m[0m.[0m[33m`author_id`[39m [37m[1mas[22m[39m [33m`c5__author_id`[39m [37m[1mfrom[22m[39m [33m`user`[39m [37m[1mas[22m[39m [33m`u0`[39m [37m[1mleft join[22m[39m [33m`user_to_follower`[39m [37m[1mas[22m[39m [33m`u2`[39m [37m[1mon[22m[39m [33m`u0`[39m[0m.[0m[33m`id`[39m [0m=[0m [33m`u2`[39m[0m.[0m[33m`follower`[39m [37m[1mleft join[22m[39m [33m`user`[39m [37m[1mas[22m[39m [33m`f1`[39m [37m[1mon[22m[39m [33m`u2`[39m[0m.[0m[33m`following`[39m [0m=[0m [33m`f1`[39m[0m.[0m[33m`id`[39m [37m[1mleft join[22m[39m [33m`user_favorites`[39m [37m[1mas[22m[39m [33m`u4`[39m [37m[1mon[22m[39m [33m`u0`[39m[0m.[0m[33m`id`[39m [0m=[0m [33m`u4`[39m[0m.[0m[33m`user_id`[39m [37m[1mleft join[22m[39m [33m`article`[39m [37m[1mas[22m[39m [33m`f3`[39m [37m[1mon[22m[39m [33m`u4`[39m[0m.[0m[33m`article_id`[39m [0m=[0m [33m`f3`[39m[0m.[0m[33m`id`[39m [37m[1mleft join[22m[39m [33m`comment`[39m [37m[1mas[22m[39m [33m`c5`[39m [37m[1mon[22m[39m [33m`f3`[39m[0m.[0m[33m`id`[39m [0m=[0m [33m`c5`[39m[0m.[0m[33m`article_id`[39m [37m[1mwhere[22m[39m [33m`u0`[39m[0m.[0m[33m`id`[39m [0m=[0m [32m3[39m[90m [took 0 ms, 1 result][39m
[90m[query] [39m[37m[1mselect[22m[39m [37m[1mcount[22m[39m([37m[1mdistinct[22m[39m [33m`a0`[39m[0m.[0m[33m`id`[39m) [37m[1mas[22m[39m [33m`count`[39m [37m[1mfrom[22m[39m [33m`article`[39m [37m[1mas[22m[39m [33m`a0`[39m [37m[1mleft join[22m[39m [33m`user`[39m [37m[1mas[22m[39m [33m`u1`[39m [37m[1mon[22m[39m [33m`a0`[39m[0m.[0m[33m`author_id`[39m [0m=[0m [33m`u1`[39m[0m.[0m[33m`id`[39m [37m[1mleft join[22m[39m [33m`user_to_follower`[39m [37m[1mas[22m[39m [33m`u2`[39m [37m[1mon[22m[39m [33m`u1`[39m[0m.[0m[33m`id`[39m [0m=[0m [33m`u2`[39m[0m.[0m[33m`follower`[39m [37m[1mwhere[22m[39m [33m`u2`[39m[0m.[0m[33m`following`[39m [0m=[0m [32m3[39m[90m [took 0 ms][39m
[90m[query] [39m[37m[1mselect[22m[39m [33m`a0`[39m[0m.[0m[33m`id`[39m[0m,[0m [33m`a0`[39m[0m.[0m[33m`slug`[39m[0m,[0m [33m`a0`[39m[0m.[0m[33m`title`[39m[0m,[0m [33m`a0`[39m[0m.[0m[33m`description`[39m[0m,[0m [33m`a0`[39m[0m.[0m[33m`body`[39m[0m,[0m [33m`a0`[39m[0m.[0m[33m`created_at`[39m[0m,[0m [33m`a0`[39m[0m.[0m[33m`updated_at`[39m[0m,[0m [33m`a0`[39m[0m.[0m[33m`tag_list`[39m[0m,[0m [33m`a0`[39m[0m.[0m[33m`author_id`[39m[0m,[0m [33m`a0`[39m[0m.[0m[33m`favorites_count`[39m[0m,[0m [33m`a1`[39m[0m.[0m[33m`id`[39m [37m[1mas[22m[39m [33m`a1__id`[39m[0m,[0m [33m`a1`[39m[0m.[0m[33m`username`[39m [37m[1mas[22m[39m [33m`a1__username`[39m[0m,[0m [33m`a1`[39m[0m.[0m[33m`email`[39m [37m[1mas[22m[39m [33m`a1__email`[39m[0m,[0m [33m`a1`[39m[0m.[0m[33m`bio`[39m [37m[1mas[22m[39m [33m`a1__bio`[39m[0m,[0m [33m`a1`[39m[0m.[0m[33m`image`[39m [37m[1mas[22m[39m [33m`a1__image`[39m[0m,[0m [33m`a1`[39m[0m.[0m[33m`password`[39m [37m[1mas[22m[39m [33m`a1__password`[39m[0m,[0m [33m`c2`[39m[0m.[0m[33m`id`[39m [37m[1mas[22m[39m [33m`c2__id`[39m[0m,[0m [33m`c2`[39m[0m.[0m[33m`created_at`[39m [37m[1mas[22m[39m [33m`c2__created_at`[39m[0m,[0m [33m`c2`[39m[0m.[0m[33m`updated_at`[39m [37m[1mas[22m[39m [33m`c2__updated_at`[39m[0m,[0m [33m`c2`[39m[0m.[0m[33m`body`[39m [37m[1mas[22m[39m [33m`c2__body`[39m[0m,[0m [33m`c2`[39m[0m.[0m[33m`article_id`[39m [37m[1mas[22m[39m [33m`c2__article_id`[39m[0m,[0m [33m`c2`[39m[0m.[0m[33m`author_id`[39m [37m[1mas[22m[39m [33m`c2__author_id`[39m [37m[1mfrom[22m[39m [33m`article`[39m [37m[1mas[22m[39m [33m`a0`[39m [37m[1mleft join[22m[39m [33m`user`[39m [37m[1mas[22m[39m [33m`a1`[39m [37m[1mon[22m[39m [33m`a0`[39m[0m.[0m[33m`author_id`[39m [0m=[0m [33m`a1`[39m[0m.[0m[33m`id`[39m [37m[1mleft join[22m[39m [33m`comment`[39m [37m[1mas[22m[39m [33m`c2`[39m [37m[1mon[22m[39m [33m`a0`[39m[0m.[0m[33m`id`[39m [0m=[0m [33m`c2`[39m[0m.[0m[33m`article_id`[39m [37m[1mleft join[22m[39m [33m`user_to_follower`[39m [37m[1mas[22m[39m [33m`u3`[39m [37m[1mon[22m[39m [33m`a1`[39m[0m.[0m[33m`id`[39m [0m=[0m [33m`u3`[39m[0m.[0m[33m`follower`[39m [37m[1mwhere[22m[39m [33m`a0`[39m[0m.[0m[33m`id`[39m [37m[1min[22m[39m ([37m[1mselect[22m[39m [33m`a0`[39m[0m.[0m[33m`id`[39m [37m[1mfrom[22m[39m ([37m[1mselect[22m[39m [33m`a0`[39m[0m.[0m[33m`id`[39m [37m[1mfrom[22m[39m [33m`article`[39m [37m[1mas[22m[39m [33m`a0`[39m [37m[1mleft join[22m[39m [33m`user`[39m [37m[1mas[22m[39m [33m`a1`[39m [37m[1mon[22m[39m [33m`a0`[39m[0m.[0m[33m`author_id`[39m [0m=[0m [33m`a1`[39m[0m.[0m[33m`id`[39m [37m[1mleft join[22m[39m [33m`comment`[39m [37m[1mas[22m[39m [33m`c2`[39m [37m[1mon[22m[39m [33m`a0`[39m[0m.[0m[33m`id`[39m [0m=[0m [33m`c2`[39m[0m.[0m[33m`article_id`[39m [37m[1mleft join[22m[39m [33m`user_to_follower`[39m [37m[1mas[22m[39m [33m`u3`[39m [37m[1mon[22m[39m [33m`a1`[39m[0m.[0m[33m`id`[39m [0m=[0m [33m`u3`[39m[0m.[0m[33m`follower`[39m [37m[1mwhere[22m[39m [33m`u3`[39m[0m.[0m[33m`following`[39m [0m=[0m [32m3[39m [37m[1mgroup by[22m[39m [33m`a0`[39m[0m.[0m[33m`id`[39m [37m[1morder by[22m[39m [37m[1mmin[22m[39m([33m`a0`[39m[0m.[0m[33m`created_at`[39m) [37m[1mdesc[22m[39m [37m[1mlimit[22m[39m [32m10[39m) [37m[1mas[22m[39m [33m`a0`[39m) [37m[1morder by[22m[39m [33m`a0`[39m[0m.[0m[33m`created_at`[39m [37m[1mdesc[22m[39m[90m [took 1 ms, 2 results][39m
findFeed {
  articles: [
    Article {
      id: 1,
      slug: 'how-to-do-something',
      title: 'How to do something',
      description: 'Lorem ipsum dolor sit amet',
      body: 'Lorem ipsum dolor sit amet, consectetur adipiscing elit. Sed euismod, diam id aliquam aliquam, nunc ipsum aliquet nunc, vitae aliq',
      createdAt: 2025-10-15T17:52:09.000Z,
      updatedAt: 2025-10-15T17:52:09.000Z,
      tagList: [Array],
      author: [User],
      favoritesCount: 3,
      comments: [Collection<Comment>]
    },
    Article {
      id: 2,
      slug: 'how-to-do-something-else',
      title: 'How to do something else',
      description: 'Sed euismod',
      body: 'Sed euismod, diam id aliquam aliquam, nunc i consectetur adipiscing elit. Sed euismod, diam id aliquam aliquam, nunc ipsum aliquet nunc, vitae aliq',
      createdAt: 2025-10-15T17:52:09.000Z,
      updatedAt: 2025-10-15T17:52:09.000Z,
      tagList: [Array],
      author: [User],
      favoritesCount: 7,
      comments: [Collection<Comment>]
    }
  ],
  articlesCount: 2
}
[90m[query] [39m[37m[1mselect[22m[39m [33m`t0`[39m[0m.[0m[0m*[0m [37m[1mfrom[22m[39m [33m`tag`[39m [37m[1mas[22m[39m [33m`t0`[39m[90m [took 0 ms, 4 results][39m
[90m[query] [39m[37m[1mselect[22m[39m [33m`u0`[39m[0m.[0m[33m`id`[39m[0m,[0m [33m`u0`[39m[0m.[0m[33m`username`[39m[0m,[0m [33m`u0`[39m[0m.[0m[33m`email`[39m[0m,[0m [33m`u0`[39m[0m.[0m[33m`bio`[39m[0m,[0m [33m`u0`[39m[0m.[0m[33m`image`[39m[0m,[0m [33m`u0`[39m[0m.[0m[33m`password`[39m[0m,[0m [33m`f1`[39m[0m.[0m[33m`id`[39m [37m[1mas[22m[39m [33m`f1__id`[39m[0m,[0m [33m`f1`[39m[0m.[0m[33m`username`[39m [37m[1mas[22m[39m [33m`f1__username`[39m[0m,[0m [33m`f1`[39m[0m.[0m[33m`email`[39m [37m[1mas[22m[39m [33m`f1__email`[39m[0m,[0m [33m`f1`[39m[0m.[0m[33m`bio`[39m [37m[1mas[22m[39m [33m`f1__bio`[39m[0m,[0m [33m`f1`[39m[0m.[0m[33m`image`[39m [37m[1mas[22m[39m [33m`f1__image`[39m[0m,[0m [33m`f1`[39m[0m.[0m[33m`password`[39m [37m[1mas[22m[39m [33m`f1__password`[39m [37m[1mfrom[22m[39m [33m`user`[39m [37m[1mas[22m[39m [33m`u0`[39m [37m[1mleft join[22m[39m [33m`user_to_follower`[39m [37m[1mas[22m[39m [33m`u2`[39m [37m[1mon[22m[39m [33m`u0`[39m[0m.[0m[33m`id`[39m [0m=[0m [33m`u2`[39m[0m.[0m[33m`follower`[39m [37m[1mleft join[22m[39m [33m`user`[39m [37m[1mas[22m[39m [33m`f1`[39m [37m[1mon[22m[39m [33m`u2`[39m[0m.[0m[33m`following`[39m [0m=[0m [33m`f1`[39m[0m.[0m[33m`id`[39m [37m[1mwhere[22m[39m [33m`u0`[39m[0m.[0m[33m`username`[39m [0m=[0m [33m'John Costen'[39m[90m [took 1 ms, 1 result][39m
[90m[query] [39m[37m[1mselect[22m[39m [33m`u0`[39m[0m.[0m[33m`id`[39m[0m,[0m [33m`u0`[39m[0m.[0m[33m`username`[39m[0m,[0m [33m`u0`[39m[0m.[0m[33m`email`[39m[0m,[0m [33m`u0`[39m[0m.[0m[33m`bio`[39m[0m,[0m [33m`u0`[39m[0m.[0m[33m`image`[39m[0m,[0m [33m`u0`[39m[0m.[0m[33m`password`[39m[0m,[0m [33m`f1`[39m[0m.[0m[33m`id`[39m [37m[1mas[22m[39m [33m`f1__id`[39m[0m,[0m [33m`f1`[39m[0m.[0m[33m`username`[39m [37m[1mas[22m[39m [33m`f1__username`[39m[0m,[0m [33m`f1`[39m[0m.[0m[33m`email`[39m [37m[1mas[22m[39m [33m`f1__email`[39m[0m,[0m [33m`f1`[39m[0m.[0m[33m`bio`[39m [37m[1mas[22m[39m [33m`f1__bio`[39m[0m,[0m [33m`f1`[39m[0m.[0m[33m`image`[39m [37m[1mas[22m[39m [33m`f1__image`[39m[0m,[0m [33m`f1`[39m[0m.[0m[33m`password`[39m [37m[1mas[22m[39m [33m`f1__password`[39m[0m,[0m [33m`f3`[39m[0m.[0m[33m`id`[39m [37m[1mas[22m[39m [33m`f3__id`[39m[0m,[0m [33m`f3`[39m[0m.[0m[33m`slug`[39m [37m[1mas[22m[39m [33m`f3__slug`[39m[0m,[0m [33m`f3`[39m[0m.[0m[33m`title`[39m [37m[1mas[22m[39m [33m`f3__title`[39m[0m,[0m [33m`f3`[39m[0m.[0m[33m`description`[39m [37m[1mas[22m[39m [33m`f3__description`[39m[0m,[0m [33m`f3`[39m[0m.[0m[33m`body`[39m [37m[1mas[22m[39m [33m`f3__body`[39m[0m,[0m [33m`f3`[39m[0m.[0m[33m`created_at`[39m [37m[1mas[22m[39m [33m`f3__created_at`[39m[0m,[0m [33m`f3`[39m[0m.[0m[33m`updated_at`[39m [37m[1mas[22m[39m [33m`f3__updated_at`[39m[0m,[0m [33m`f3`[39m[0m.[0m[33m`tag_list`[39m [37m[1mas[22m[39m [33m`f3__tag_list`[39m[0m,[0m [33m`f3`[39m[0m.[0m[33m`author_id`[39m [37m[1mas[22m[39m [33m`f3__author_id`[39m[0m,[0m [33m`f3`[39m[0m.[0m[33m`favorites_count`[39m [37m[1mas[22m[39m [33m`f3__favorites_count`[39m[0m,[0m [33m`c5`[39m[0m.[0m[33m`id`[39m [37m[1mas[22m[39m [33m`c5__id`[39m[0m,[0m [33m`c5`[39m[0m.[0m[33m`created_at`[39m [37m[1mas[22m[39m [33m`c5__created_at`[39m[0m,[0m [33m`c5`[39m[0m.[0m[33m`updated_at`[39m [37m[1mas[22m[39m [33m`c5__updated_at`[39m[0m,[0m [33m`c5`[39m[0m.[0m[33m`body`[39m [37m[1mas[22m[39m [33m`c5__body`[39m[0m,[0m [33m`c5`[39m[0m.[0m[33m`article_id`[39m [37m[1mas[22m[39m [33m`c5__article_id`[39m[0m,[0m [33m`c5`[39m[0m.[0m[33m`author_id`[39m [37m[1mas[22m[39m [33m`c5__author_id`[39m [37m[1mfrom[22m[39m [33m`user`[39m [37m[1mas[22m[39m [33m`u0`[39m [37m[1mleft join[22m[39m [33m`user_to_follower`[39m [37m[1mas[22m[39m [33m`u2`[39m [37m[1mon[22m[39m [33m`u0`[39m[0m.[0m[33m`id`[39m [0m=[0m [33m`u2`[39m[0m.[0m[33m`follower`[39m [37m[1mleft join[22m[39m [33m`user`[39m [37m[1mas[22m[39m [33m`f1`[39m [37m[1mon[22m[39m [33m`u2`[39m[0m.[0m[33m`following`[39m [0m=[0m [33m`f1`[39m[0m.[0m[33m`id`[39m [37m[1mleft join[22m[39m [33m`user_favorites`[39m [37m[1mas[22m[39m [33m`u4`[39m [37m[1mon[22m[39m [33m`u0`[39m[0m.[0m[33m`id`[39m [0m=[0m [33m`u4`[39m[0m.[0m[33m`user_id`[39m [37m[1mleft join[22m[39m [33m`article`[39m [37m[1mas[22m[39m [33m`f3`[39m [37m[1mon[22m[39m [33m`u4`[39m[0m.[0m[33m`article_id`[39m [0m=[0m [33m`f3`[39m[0m.[0m[33m`id`[39m [37m[1mleft join[22m[39m [33m`comment`[39m [37m[1mas[22m[39m [33m`c5`[39m [37m[1mon[22m[39m [33m`f3`[39m[0m.[0m[33m`id`[39m [0m=[0m [33m`c5`[39m[0m.[0m[33m`article_id`[39m [37m[1mwhere[22m[39m [33m`u0`[39m[0m.[0m[33m`id`[39m [0m=[0m [32m3[39m[90m [took 0 ms, 1 result][39m
[90m[query] [39m[37m[1mselect[22m[39m [33m`u0`[39m[0m.[0m[0m*[0m [37m[1mfrom[22m[39m [33m`user`[39m [37m[1mas[22m[39m [33m`u0`[39m [37m[1mwhere[22m[39m [33m`u0`[39m[0m.[0m[33m`username`[39m [0m=[0m [33m'John Costen'[39m [37m[1mlimit[22m[39m [32m1[39m[90m [took 1 ms, 1 result][39m
[90m[query] [39m[37m[1mselect[22m[39m [37m[1mcount[22m[39m([37m[1mdistinct[22m[39m [33m`a`[39m[0m.[0m[33m`id`[39m) [37m[1mas[22m[39m [33m`count`[39m [37m[1mfrom[22m[39m [33m`article`[39m [37m[1mas[22m[39m [33m`a`[39m [37m[1mleft join[22m[39m [33m`user`[39m [37m[1mas[22m[39m [33m`u`[39m [37m[1mon[22m[39m [33m`a`[39m[0m.[0m[33m`author_id`[39m [0m=[0m [33m`u`[39m[0m.[0m[33m`id`[39m [37m[1mwhere[22m[39m [33m`a`[39m[0m.[0m[33m`author_id`[39m [0m=[0m [32m3[39m [37m[1morder by[22m[39m [33m`a`[39m[0m.[0m[33m`created_at`[39m [37m[1mdesc[22m[39m[90m [took 1 ms][39m
[90m[query] [39m[37m[1mselect[22m[39m [33m`a`[39m[0m.[0m[0m*[0m [37m[1mfrom[22m[39m [33m`article`[39m [37m[1mas[22m[39m [33m`a`[39m [37m[1mleft join[22m[39m [33m`user`[39m [37m[1mas[22m[39m [33m`u`[39m [37m[1mon[22m[39m [33m`a`[39m[0m.[0m[33m`author_id`[39m [0m=[0m [33m`u`[39m[0m.[0m[33m`id`[39m [37m[1mwhere[22m[39m [33m`a`[39m[0m.[0m[33m`author_id`[39m [0m=[0m [32m3[39m [37m[1morder by[22m[39m [33m`a`[39m[0m.[0m[33m`created_at`[39m [37m[1mdesc[22m[39m [37m[1mlimit[22m[39m [32m10[39m[90m [took 1 ms, 0 result][39m
[90m[query] [39m[37m[1mselect[22m[39m [33m`a0`[39m[0m.[0m[33m`id`[39m[0m,[0m [33m`a0`[39m[0m.[0m[33m`slug`[39m[0m,[0m [33m`a0`[39m[0m.[0m[33m`title`[39m[0m,[0m [33m`a0`[39m[0m.[0m[33m`description`[39m[0m,[0m [33m`a0`[39m[0m.[0m[33m`body`[39m[0m,[0m [33m`a0`[39m[0m.[0m[33m`created_at`[39m[0m,[0m [33m`a0`[39m[0m.[0m[33m`updated_at`[39m[0m,[0m [33m`a0`[39m[0m.[0m[33m`tag_list`[39m[0m,[0m [33m`a0`[39m[0m.[0m[33m`author_id`[39m[0m,[0m [33m`a0`[39m[0m.[0m[33m`favorites_count`[39m[0m,[0m [33m`a1`[39m[0m.[0m[33m`id`[39m [37m[1mas[22m[39m [33m`a1__id`[39m[0m,[0m [33m`a1`[39m[0m.[0m[33m`username`[39m [37m[1mas[22m[39m [33m`a1__username`[39m[0m,[0m [33m`a1`[39m[0m.[0m[33m`email`[39m [37m[1mas[22m[39m [33m`a1__email`[39m[0m,[0m [33m`a1`[39m[0m.[0m[33m`bio`[39m [37m[1mas[22m[39m [33m`a1__bio`[39m[0m,[0m [33m`a1`[39m[0m.[0m[33m`image`[39m [37m[1mas[22m[39m [33m`a1__image`[39m[0m,[0m [33m`a1`[39m[0m.[0m[33m`password`[39m [37m[1mas[22m[39m [33m`a1__password`[39m[0m,[0m [33m`c2`[39m[0m.[0m[33m`id`[39m [37m[1mas[22m[39m [33m`c2__id`[39m[0m,[0m [33m`c2`[39m[0m.[0m[33m`created_at`[39m [37m[1mas[22m[39m [33m`c2__created_at`[39m[0m,[0m [33m`c2`[39m[0m.[0m[33m`updated_at`[39m [37m[1mas[22m[39m [33m`c2__updated_at`[39m[0m,[0m [33m`c2`[39m[0m.[0m[33m`body`[39m [37m[1mas[22m[39m [33m`c2__body`[39m[0m,[0m [33m`c2`[39m[0m.[0m[33m`article_id`[39m [37m[1mas[22m[39m [33m`c2__article_id`[39m[0m,[0m [33m`c2`[39m[0m.[0m[33m`author_id`[39m [37m[1mas[22m[39m [33m`c2__author_id`[39m [37m[1mfrom[22m[39m [33m`article`[39m [37m[1mas[22m[39m [33m`a0`[39m [37m[1mleft join[22m[39m [33m`user`[39m [37m[1mas[22m[39m [33m`a1`[39m [37m[1mon[22m[39m [33m`a0`[39m[0m.[0m[33m`author_id`[39m [0m=[0m [33m`a1`[39m[0m.[0m[33m`id`[39m [37m[1mleft join[22m[39m [33m`comment`[39m [37m[1mas[22m[39m [33m`c2`[39m [37m[1mon[22m[39m [33m`a0`[39m[0m.[0m[33m`id`[39m [0m=[0m [33m`c2`[39m[0m.[0m[33m`article_id`[39m [37m[1mwhere[22m[39m [32m1[39m [0m=[0m [32m0[39m[90m [took 0 ms, 0 result][39m
[90m[query] [39m[37m[1mselect[22m[39m [33m`u0`[39m[0m.[0m[33m`id`[39m[0m,[0m [33m`u0`[39m[0m.[0m[33m`username`[39m[0m,[0m [33m`u0`[39m[0m.[0m[33m`email`[39m[0m,[0m [33m`u0`[39m[0m.[0m[33m`bio`[39m[0m,[0m [33m`u0`[39m[0m.[0m[33m`image`[39m[0m,[0m [33m`u0`[39m[0m.[0m[33m`password`[39m[0m,[0m [33m`f1`[39m[0m.[0m[33m`id`[39m [37m[1mas[22m[39m [33m`f1__id`[39m[0m,[0m [33m`f1`[39m[0m.[0m[33m`username`[39m [37m[1mas[22m[39m [33m`f1__username`[39m[0m,[0m [33m`f1`[39m[0m.[0m[33m`email`[39m [37m[1mas[22m[39m [33m`f1__email`[39m[0m,[0m [33m`f1`[39m[0m.[0m[33m`bio`[39m [37m[1mas[22m[39m [33m`f1__bio`[39m[0m,[0m [33m`f1`[39m[0m.[0m[33m`image`[39m [37m[1mas[22m[39m [33m`f1__image`[39m[0m,[0m [33m`f1`[39m[0m.[0m[33m`password`[39m [37m[1mas[22m[39m [33m`f1__password`[39m [37m[1mfrom[22m[39m [33m`user`[39m [37m[1mas[22m[39m [33m`u0`[39m [37m[1mleft join[22m[39m [33m`user_to_follower`[39m [37m[1mas[22m[39m [33m`u2`[39m [37m[1mon[22m[39m [33m`u0`[39m[0m.[0m[33m`id`[39m [0m=[0m [33m`u2`[39m[0m.[0m[33m`follower`[39m [37m[1mleft join[22m[39m [33m`user`[39m [37m[1mas[22m[39m [33m`f1`[39m [37m[1mon[22m[39m [33m`u2`[39m[0m.[0m[33m`following`[39m [0m=[0m [33m`f1`[39m[0m.[0m[33m`id`[39m [37m[1mwhere[22m[39m [33m`u0`[39m[0m.[0m[33m`username`[39m [0m=[0m [33m'John Costen'[39m[90m [took 1 ms, 1 result][39m
[90m[query] [39m[37m[1mselect[22m[39m [33m`u0`[39m[0m.[0m[33m`id`[39m[0m,[0m [33m`u0`[39m[0m.[0m[33m`username`[39m[0m,[0m [33m`u0`[39m[0m.[0m[33m`email`[39m[0m,[0m [33m`u0`[39m[0m.[0m[33m`bio`[39m[0m,[0m [33m`u0`[39m[0m.[0m[33m`image`[39m[0m,[0m [33m`u0`[39m[0m.[0m[33m`password`[39m[0m,[0m [33m`f1`[39m[0m.[0m[33m`id`[39m [37m[1mas[22m[39m [33m`f1__id`[39m[0m,[0m [33m`f1`[39m[0m.[0m[33m`username`[39m [37m[1mas[22m[39m [33m`f1__username`[39m[0m,[0m [33m`f1`[39m[0m.[0m[33m`email`[39m [37m[1mas[22m[39m [33m`f1__email`[39m[0m,[0m [33m`f1`[39m[0m.[0m[33m`bio`[39m [37m[1mas[22m[39m [33m`f1__bio`[39m[0m,[0m [33m`f1`[39m[0m.[0m[33m`image`[39m [37m[1mas[22m[39m [33m`f1__image`[39m[0m,[0m [33m`f1`[39m[0m.[0m[33m`password`[39m [37m[1mas[22m[39m [33m`f1__password`[39m[0m,[0m [33m`f3`[39m[0m.[0m[33m`id`[39m [37m[1mas[22m[39m [33m`f3__id`[39m[0m,[0m [33m`f3`[39m[0m.[0m[33m`slug`[39m [37m[1mas[22m[39m [33m`f3__slug`[39m[0m,[0m [33m`f3`[39m[0m.[0m[33m`title`[39m [37m[1mas[22m[39m [33m`f3__title`[39m[0m,[0m [33m`f3`[39m[0m.[0m[33m`description`[39m [37m[1mas[22m[39m [33m`f3__description`[39m[0m,[0m [33m`f3`[39m[0m.[0m[33m`body`[39m [37m[1mas[22m[39m [33m`f3__body`[39m[0m,[0m [33m`f3`[39m[0m.[0m[33m`created_at`[39m [37m[1mas[22m[39m [33m`f3__created_at`[39m[0m,[0m [33m`f3`[39m[0m.[0m[33m`updated_at`[39m [37m[1mas[22m[39m [33m`f3__updated_at`[39m[0m,[0m [33m`f3`[39m[0m.[0m[33m`tag_list`[39m [37m[1mas[22m[39m [33m`f3__tag_list`[39m[0m,[0m [33m`f3`[39m[0m.[0m[33m`author_id`[39m [37m[1mas[22m[39m [33m`f3__author_id`[39m[0m,[0m [33m`f3`[39m[0m.[0m[33m`favorites_count`[39m [37m[1mas[22m[39m [33m`f3__favorites_count`[39m[0m,[0m [33m`c5`[39m[0m.[0m[33m`id`[39m [37m[1mas[22m[39m [33m`c5__id`[39m[0m,[0m [33m`c5`[39m[0m.[0m[33m`created_at`[39m [37m[1mas[22m[39m [33m`c5__created_at`[39m[0m,[0m [33m`c5`[39m[0m.[0m[33m`updated_at`[39m [37m[1mas[22m[39m [33m`c5__updated_at`[39m[0m,[0m [33m`c5`[39m[0m.[0m[33m`body`[39m [37m[1mas[22m[39m [33m`c5__body`[39m[0m,[0m [33m`c5`[39m[0m.[0m[33m`article_id`[39m [37m[1mas[22m[39m [33m`c5__article_id`[39m[0m,[0m [33m`c5`[39m[0m.[0m[33m`author_id`[39m [37m[1mas[22m[39m [33m`c5__author_id`[39m [37m[1mfrom[22m[39m [33m`user`[39m [37m[1mas[22m[39m [33m`u0`[39m [37m[1mleft join[22m[39m [33m`user_to_follower`[39m [37m[1mas[22m[39m [33m`u2`[39m [37m[1mon[22m[39m [33m`u0`[39m[0m.[0m[33m`id`[39m [0m=[0m [33m`u2`[39m[0m.[0m[33m`follower`[39m [37m[1mleft join[22m[39m [33m`user`[39m [37m[1mas[22m[39m [33m`f1`[39m [37m[1mon[22m[39m [33m`u2`[39m[0m.[0m[33m`following`[39m [0m=[0m [33m`f1`[39m[0m.[0m[33m`id`[39m [37m[1mleft join[22m[39m [33m`user_favorites`[39m [37m[1mas[22m[39m [33m`u4`[39m [37m[1mon[22m[39m [33m`u0`[39m[0m.[0m[33m`id`[39m [0m=[0m [33m`u4`[39m[0m.[0m[33m`user_id`[39m [37m[1mleft join[22m[39m [33m`article`[39m [37m[1mas[22m[39m [33m`f3`[39m [37m[1mon[22m[39m [33m`u4`[39m[0m.[0m[33m`article_id`[39m [0m=[0m [33m`f3`[39m[0m.[0m[33m`id`[39m [37m[1mleft join[22m[39m [33m`comment`[39m [37m[1mas[22m[39m [33m`c5`[39m [37m[1mon[22m[39m [33m`f3`[39m[0m.[0m[33m`id`[39m [0m=[0m [33m`c5`[39m[0m.[0m[33m`article_id`[39m [37m[1mwhere[22m[39m [33m`u0`[39m[0m.[0m[33m`id`[39m [0m=[0m [32m3[39m[90m [took 1 ms, 1 result][39m
[90m[query] [39m[37m[1mselect[22m[39m [33m`u0`[39m[0m.[0m[0m*[0m [37m[1mfrom[22m[39m [33m`user`[39m [37m[1mas[22m[39m [33m`u0`[39m [37m[1mwhere[22m[39m [33m`u0`[39m[0m.[0m[33m`username`[39m [0m=[0m [33m'John Costen'[39m [37m[1mlimit[22m[39m [32m1[39m[90m [took 0 ms, 1 result][39m
[90m[query] [39m[37m[1mselect[22m[39m [37m[1mcount[22m[39m([37m[1mdistinct[22m[39m [33m`a`[39m[0m.[0m[33m`id`[39m) [37m[1mas[22m[39m [33m`count`[39m [37m[1mfrom[22m[39m [33m`article`[39m [37m[1mas[22m[39m [33m`a`[39m [37m[1mleft join[22m[39m [33m`user`[39m [37m[1mas[22m[39m [33m`u`[39m [37m[1mon[22m[39m [33m`a`[39m[0m.[0m[33m`author_id`[39m [0m=[0m [33m`u`[39m[0m.[0m[33m`id`[39m [37m[1mwhere[22m[39m [33m`a`[39m[0m.[0m[33m`author_id`[39m [0m=[0m [32m3[39m [37m[1morder by[22m[39m [33m`a`[39m[0m.[0m[33m`created_at`[39m [37m[1mdesc[22m[39m[90m [took 2 ms][39m
[90m[query] [39m[37m[1mselect[22m[39m [33m`a`[39m[0m.[0m[0m*[0m [37m[1mfrom[22m[39m [33m`article`[39m [37m[1mas[22m[39m [33m`a`[39m [37m[1mleft join[22m[39m [33m`user`[39m [37m[1mas[22m[39m [33m`u`[39m [37m[1mon[22m[39m [33m`a`[39m[0m.[0m[33m`author_id`[39m [0m=[0m [33m`u`[39m[0m.[0m[33m`id`[39m [37m[1mwhere[22m[39m [33m`a`[39m[0m.[0m[33m`author_id`[39m [0m=[0m [32m3[39m [37m[1morder by[22m[39m [33m`a`[39m[0m.[0m[33m`created_at`[39m [37m[1mdesc[22m[39m [37m[1mlimit[22m[39m [32m10[39m[90m [took 0 ms, 0 result][39m
[90m[query] [39m[37m[1mselect[22m[39m [33m`a0`[39m[0m.[0m[33m`id`[39m[0m,[0m [33m`a0`[39m[0m.[0m[33m`slug`[39m[0m,[0m [33m`a0`[39m[0m.[0m[33m`title`[39m[0m,[0m [33m`a0`[39m[0m.[0m[33m`description`[39m[0m,[0m [33m`a0`[39m[0m.[0m[33m`body`[39m[0m,[0m [33m`a0`[39m[0m.[0m[33m`created_at`[39m[0m,[0m [33m`a0`[39m[0m.[0m[33m`updated_at`[39m[0m,[0m [33m`a0`[39m[0m.[0m[33m`tag_list`[39m[0m,[0m [33m`a0`[39m[0m.[0m[33m`author_id`[39m[0m,[0m [33m`a0`[39m[0m.[0m[33m`favorites_count`[39m[0m,[0m [33m`a1`[39m[0m.[0m[33m`id`[39m [37m[1mas[22m[39m [33m`a1__id`[39m[0m,[0m [33m`a1`[39m[0m.[0m[33m`username`[39m [37m[1mas[22m[39m [33m`a1__username`[39m[0m,[0m [33m`a1`[39m[0m.[0m[33m`email`[39m [37m[1mas[22m[39m [33m`a1__email`[39m[0m,[0m [33m`a1`[39m[0m.[0m[33m`bio`[39m [37m[1mas[22m[39m [33m`a1__bio`[39m[0m,[0m [33m`a1`[39m[0m.[0m[33m`image`[39m [37m[1mas[22m[39m [33m`a1__image`[39m[0m,[0m [33m`a1`[39m[0m.[0m[33m`password`[39m [37m[1mas[22m[39m [33m`a1__password`[39m[0m,[0m [33m`c2`[39m[0m.[0m[33m`id`[39m [37m[1mas[22m[39m [33m`c2__id`[39m[0m,[0m [33m`c2`[39m[0m.[0m[33m`created_at`[39m [37m[1mas[22m[39m [33m`c2__created_at`[39m[0m,[0m [33m`c2`[39m[0m.[0m[33m`updated_at`[39m [37m[1mas[22m[39m [33m`c2__updated_at`[39m[0m,[0m [33m`c2`[39m[0m.[0m[33m`body`[39m [37m[1mas[22m[39m [33m`c2__body`[39m[0m,[0m [33m`c2`[39m[0m.[0m[33m`article_id`[39m [37m[1mas[22m[39m [33m`c2__article_id`[39m[0m,[0m [33m`c2`[39m[0m.[0m[33m`author_id`[39m [37m[1mas[22m[39m [33m`c2__author_id`[39m [37m[1mfrom[22m[39m [33m`article`[39m [37m[1mas[22m[39m [33m`a0`[39m [37m[1mleft join[22m[39m [33m`user`[39m [37m[1mas[22m[39m [33m`a1`[39m [37m[1mon[22m[39m [33m`a0`[39m[0m.[0m[33m`author_id`[39m [0m=[0m [33m`a1`[39m[0m.[0m[33m`id`[39m [37m[1mleft join[22m[39m [33m`comment`[39m [37m[1mas[22m[39m [33m`c2`[39m [37m[1mon[22m[39m [33m`a0`[39m[0m.[0m[33m`id`[39m [0m=[0m [33m`c2`[39m[0m.[0m[33m`article_id`[39m [37m[1mwhere[22m[39m [32m1[39m [0m=[0m [32m0[39m[90m [took 2 ms, 0 result][39m
[90m[query] [39m[37m[1mselect[22m[39m [33m`u0`[39m[0m.[0m[0m*[0m [37m[1mfrom[22m[39m [33m`user`[39m [37m[1mas[22m[39m [33m`u0`[39m [37m[1mwhere[22m[39m [33m`u0`[39m[0m.[0m[33m`id`[39m [0m=[0m [32m3[39m [37m[1mlimit[22m[39m [32m1[39m[90m [took 0 ms, 1 result][39m
[90m[query] [39m[37m[1mselect[22m[39m [33m`u0`[39m[0m.[0m[33m`id`[39m[0m,[0m [33m`u0`[39m[0m.[0m[33m`username`[39m[0m,[0m [33m`u0`[39m[0m.[0m[33m`email`[39m[0m,[0m [33m`u0`[39m[0m.[0m[33m`bio`[39m[0m,[0m [33m`u0`[39m[0m.[0m[33m`image`[39m[0m,[0m [33m`u0`[39m[0m.[0m[33m`password`[39m[0m,[0m [33m`f1`[39m[0m.[0m[33m`id`[39m [37m[1mas[22m[39m [33m`f1__id`[39m[0m,[0m [33m`f1`[39m[0m.[0m[33m`username`[39m [37m[1mas[22m[39m [33m`f1__username`[39m[0m,[0m [33m`f1`[39m[0m.[0m[33m`email`[39m [37m[1mas[22m[39m [33m`f1__email`[39m[0m,[0m [33m`f1`[39m[0m.[0m[33m`bio`[39m [37m[1mas[22m[39m [33m`f1__bio`[39m[0m,[0m [33m`f1`[39m[0m.[0m[33m`image`[39m [37m[1mas[22m[39m [33m`f1__image`[39m[0m,[0m [33m`f1`[39m[0m.[0m[33m`password`[39m [37m[1mas[22m[39m [33m`f1__password`[39m[0m,[0m [33m`f3`[39m[0m.[0m[33m`id`[39m [37m[1mas[22m[39m [33m`f3__id`[39m[0m,[0m [33m`f3`[39m[0m.[0m[33m`slug`[39m [37m[1mas[22m[39m [33m`f3__slug`[39m[0m,[0m [33m`f3`[39m[0m.[0m[33m`title`[39m [37m[1mas[22m[39m [33m`f3__title`[39m[0m,[0m [33m`f3`[39m[0m.[0m[33m`description`[39m [37m[1mas[22m[39m [33m`f3__description`[39m[0m,[0m [33m`f3`[39m[0m.[0m[33m`body`[39m [37m[1mas[22m[39m [33m`f3__body`[39m[0m,[0m [33m`f3`[39m[0m.[0m[33m`created_at`[39m [37m[1mas[22m[39m [33m`f3__created_at`[39m[0m,[0m [33m`f3`[39m[0m.[0m[33m`updated_at`[39m [37m[1mas[22m[39m [33m`f3__updated_at`[39m[0m,[0m [33m`f3`[39m[0m.[0m[33m`tag_list`[39m [37m[1mas[22m[39m [33m`f3__tag_list`[39m[0m,[0m [33m`f3`[39m[0m.[0m[33m`author_id`[39m [37m[1mas[22m[39m [33m`f3__author_id`[39m[0m,[0m [33m`f3`[39m[0m.[0m[33m`favorites_count`[39m [37m[1mas[22m[39m [33m`f3__favorites_count`[39m[0m,[0m [33m`c5`[39m[0m.[0m[33m`id`[39m [37m[1mas[22m[39m [33m`c5__id`[39m[0m,[0m [33m`c5`[39m[0m.[0m[33m`created_at`[39m [37m[1mas[22m[39m [33m`c5__created_at`[39m[0m,[0m [33m`c5`[39m[0m.[0m[33m`updated_at`[39m [37m[1mas[22m[39m [33m`c5__updated_at`[39m[0m,[0m [33m`c5`[39m[0m.[0m[33m`body`[39m [37m[1mas[22m[39m [33m`c5__body`[39m[0m,[0m [33m`c5`[39m[0m.[0m[33m`article_id`[39m [37m[1mas[22m[39m [33m`c5__article_id`[39m[0m,[0m [33m`c5`[39m[0m.[0m[33m`author_id`[39m [37m[1mas[22m[39m [33m`c5__author_id`[39m [37m[1mfrom[22m[39m [33m`user`[39m [37m[1mas[22m[39m [33m`u0`[39m [37m[1mleft join[22m[39m [33m`user_to_follower`[39m [37m[1mas[22m[39m [33m`u2`[39m [37m[1mon[22m[39m [33m`u0`[39m[0m.[0m[33m`id`[39m [0m=[0m [33m`u2`[39m[0m.[0m[33m`follower`[39m [37m[1mleft join[22m[39m [33m`user`[39m [37m[1mas[22m[39m [33m`f1`[39m [37m[1mon[22m[39m [33m`u2`[39m[0m.[0m[33m`following`[39m [0m=[0m [33m`f1`[39m[0m.[0m[33m`id`[39m [37m[1mleft join[22m[39m [33m`user_favorites`[39m [37m[1mas[22m[39m [33m`u4`[39m [37m[1mon[22m[39m [33m`u0`[39m[0m.[0m[33m`id`[39m [0m=[0m [33m`u4`[39m[0m.[0m[33m`user_id`[39m [37m[1mleft join[22m[39m [33m`article`[39m [37m[1mas[22m[39m [33m`f3`[39m [37m[1mon[22m[39m [33m`u4`[39m[0m.[0m[33m`article_id`[39m [0m=[0m [33m`f3`[39m[0m.[0m[33m`id`[39m [37m[1mleft join[22m[39m [33m`comment`[39m [37m[1mas[22m[39m [33m`c5`[39m [37m[1mon[22m[39m [33m`f3`[39m[0m.[0m[33m`id`[39m [0m=[0m [33m`c5`[39m[0m.[0m[33m`article_id`[39m [37m[1mwhere[22m[39m [33m`u0`[39m[0m.[0m[33m`id`[39m [0m=[0m [32m3[39m[90m [took 1 ms, 1 result][39m
[90m[query] [39m[37m[1mselect[22m[39m [37m[1mcount[22m[39m([37m[1mdistinct[22m[39m [33m`a0`[39m[0m.[0m[33m`id`[39m) [37m[1mas[22m[39m [33m`count`[39m [37m[1mfrom[22m[39m [33m`article`[39m [37m[1mas[22m[39m [33m`a0`[39m [37m[1mleft join[22m[39m [33m`user`[39m [37m[1mas[22m[39m [33m`u1`[39m [37m[1mon[22m[39m [33m`a0`[39m[0m.[0m[33m`author_id`[39m [0m=[0m [33m`u1`[39m[0m.[0m[33m`id`[39m [37m[1mleft join[22m[39m [33m`user_to_follower`[39m [37m[1mas[22m[39m [33m`u2`[39m [37m[1mon[22m[39m [33m`u1`[39m[0m.[0m[33m`id`[39m [0m=[0m [33m`u2`[39m[0m.[0m[33m`follower`[39m [37m[1mwhere[22m[39m [33m`u2`[39m[0m.[0m[33m`following`[39m [0m=[0m [32m3[39m[90m [took 1 ms][39m
[90m[query] [39m[37m[1mselect[22m[39m [33m`a0`[39m[0m.[0m[33m`id`[39m[0m,[0m [33m`a0`[39m[0m.[0m[33m`slug`[39m[0m,[0m [33m`a0`[39m[0m.[0m[33m`title`[39m[0m,[0m [33m`a0`[39m[0m.[0m[33m`description`[39m[0m,[0m [33m`a0`[39m[0m.[0m[33m`body`[39m[0m,[0m [33m`a0`[39m[0m.[0m[33m`created_at`[39m[0m,[0m [33m`a0`[39m[0m.[0m[33m`updated_at`[39m[0m,[0m [33m`a0`[39m[0m.[0m[33m`tag_list`[39m[0m,[0m [33m`a0`[39m[0m.[0m[33m`author_id`[39m[0m,[0m [33m`a0`[39m[0m.[0m[33m`favorites_count`[39m[0m,[0m [33m`a1`[39m[0m.[0m[33m`id`[39m [37m[1mas[22m[39m [33m`a1__id`[39m[0m,[0m [33m`a1`[39m[0m.[0m[33m`username`[39m [37m[1mas[22m[39m [33m`a1__username`[39m[0m,[0m [33m`a1`[39m[0m.[0m[33m`email`[39m [37m[1mas[22m[39m [33m`a1__email`[39m[0m,[0m [33m`a1`[39m[0m.[0m[33m`bio`[39m [37m[1mas[22m[39m [33m`a1__bio`[39m[0m,[0m [33m`a1`[39m[0m.[0m[33m`image`[39m [37m[1mas[22m[39m [33m`a1__image`[39m[0m,[0m [33m`a1`[39m[0m.[0m[33m`password`[39m [37m[1mas[22m[39m [33m`a1__password`[39m[0m,[0m [33m`c2`[39m[0m.[0m[33m`id`[39m [37m[1mas[22m[39m [33m`c2__id`[39m[0m,[0m [33m`c2`[39m[0m.[0m[33m`created_at`[39m [37m[1mas[22m[39m [33m`c2__created_at`[39m[0m,[0m [33m`c2`[39m[0m.[0m[33m`updated_at`[39m [37m[1mas[22m[39m [33m`c2__updated_at`[39m[0m,[0m [33m`c2`[39m[0m.[0m[33m`body`[39m [37m[1mas[22m[39m [33m`c2__body`[39m[0m,[0m [33m`c2`[39m[0m.[0m[33m`article_id`[39m [37m[1mas[22m[39m [33m`c2__article_id`[39m[0m,[0m [33m`c2`[39m[0m.[0m[33m`author_id`[39m [37m[1mas[22m[39m [33m`c2__author_id`[39m [37m[1mfrom[22m[39m [33m`article`[39m [37m[1mas[22m[39m [33m`a0`[39m [37m[1mleft join[22m[39m [33m`user`[39m [37m[1mas[22m[39m [33m`a1`[39m [37m[1mon[22m[39m [33m`a0`[39m[0m.[0m[33m`author_id`[39m [0m=[0m [33m`a1`[39m[0m.[0m[33m`id`[39m [37m[1mleft join[22m[39m [33m`comment`[39m [37m[1mas[22m[39m [33m`c2`[39m [37m[1mon[22m[39m [33m`a0`[39m[0m.[0m[33m`id`[39m [0m=[0m [33m`c2`[39m[0m.[0m[33m`article_id`[39m [37m[1mleft join[22m[39m [33m`user_to_follower`[39m [37m[1mas[22m[39m [33m`u3`[39m [37m[1mon[22m[39m [33m`a1`[39m[0m.[0m[33m`id`[39m [0m=[0m [33m`u3`[39m[0m.[0m[33m`follower`[39m [37m[1mwhere[22m[39m [33m`a0`[39m[0m.[0m[33m`id`[39m [37m[1min[22m[39m ([37m[1mselect[22m[39m [33m`a0`[39m[0m.[0m[33m`id`[39m [37m[1mfrom[22m[39m ([37m[1mselect[22m[39m [33m`a0`[39m[0m.[0m[33m`id`[39m [37m[1mfrom[22m[39m [33m`article`[39m [37m[1mas[22m[39m [33m`a0`[39m [37m[1mleft join[22m[39m [33m`user`[39m [37m[1mas[22m[39m [33m`a1`[39m [37m[1mon[22m[39m [33m`a0`[39m[0m.[0m[33m`author_id`[39m [0m=[0m [33m`a1`[39m[0m.[0m[33m`id`[39m [37m[1mleft join[22m[39m [33m`comment`[39m [37m[1mas[22m[39m [33m`c2`[39m [37m[1mon[22m[39m [33m`a0`[39m[0m.[0m[33m`id`[39m [0m=[0m [33m`c2`[39m[0m.[0m[33m`article_id`[39m [37m[1mleft join[22m[39m [33m`user_to_follower`[39m [37m[1mas[22m[39m [33m`u3`[39m [37m[1mon[22m[39m [33m`a1`[39m[0m.[0m[33m`id`[39m [0m=[0m [33m`u3`[39m[0m.[0m[33m`follower`[39m [37m[1mwhere[22m[39m [33m`u3`[39m[0m.[0m[33m`following`[39m [0m=[0m [32m3[39m [37m[1mgroup by[22m[39m [33m`a0`[39m[0m.[0m[33m`id`[39m [37m[1morder by[22m[39m [37m[1mmin[22m[39m([33m`a0`[39m[0m.[0m[33m`created_at`[39m) [37m[1mdesc[22m[39m [37m[1mlimit[22m[39m [32m10[39m) [37m[1mas[22m[39m [33m`a0`[39m) [37m[1morder by[22m[39m [33m`a0`[39m[0m.[0m[33m`created_at`[39m [37m[1mdesc[22m[39m[90m [took 1 ms, 2 results][39m
findFeed {
  articles: [
    Article {
      id: 1,
      slug: 'how-to-do-something',
      title: 'How to do something',
      description: 'Lorem ipsum dolor sit amet',
      body: 'Lorem ipsum dolor sit amet, consectetur adipiscing elit. Sed euismod, diam id aliquam aliquam, nunc ipsum aliquet nunc, vitae aliq',
      createdAt: 2025-10-15T17:52:09.000Z,
      updatedAt: 2025-10-15T17:52:09.000Z,
      tagList: [Array],
      author: [User],
      favoritesCount: 3,
      comments: [Collection<Comment>]
    },
    Article {
      id: 2,
      slug: 'how-to-do-something-else',
      title: 'How to do something else',
      description: 'Sed euismod',
      body: 'Sed euismod, diam id aliquam aliquam, nunc i consectetur adipiscing elit. Sed euismod, diam id aliquam aliquam, nunc ipsum aliquet nunc, vitae aliq',
      createdAt: 2025-10-15T17:52:09.000Z,
      updatedAt: 2025-10-15T17:52:09.000Z,
      tagList: [Array],
      author: [User],
      favoritesCount: 7,
      comments: [Collection<Comment>]
    }
  ],
  articlesCount: 2
}
[90m[query] [39m[37m[1mselect[22m[39m [33m`t0`[39m[0m.[0m[0m*[0m [37m[1mfrom[22m[39m [33m`tag`[39m [37m[1mas[22m[39m [33m`t0`[39m[90m [took 1 ms, 4 results][39m
[90m[query] [39m[37m[1mselect[22m[39m [33m`u0`[39m[0m.[0m[0m*[0m [37m[1mfrom[22m[39m [33m`user`[39m [37m[1mas[22m[39m [33m`u0`[39m [37m[1mwhere[22m[39m [33m`u0`[39m[0m.[0m[33m`id`[39m [0m=[0m [32m3[39m [37m[1mlimit[22m[39m [32m1[39m[90m [took 1 ms, 1 result][39m
[90m[query] [39m[37m[1mselect[22m[39m [33m`u0`[39m[0m.[0m[33m`id`[39m[0m,[0m [33m`u0`[39m[0m.[0m[33m`username`[39m[0m,[0m [33m`u0`[39m[0m.[0m[33m`email`[39m[0m,[0m [33m`u0`[39m[0m.[0m[33m`bio`[39m[0m,[0m [33m`u0`[39m[0m.[0m[33m`image`[39m[0m,[0m [33m`u0`[39m[0m.[0m[33m`password`[39m[0m,[0m [33m`f1`[39m[0m.[0m[33m`id`[39m [37m[1mas[22m[39m [33m`f1__id`[39m[0m,[0m [33m`f1`[39m[0m.[0m[33m`username`[39m [37m[1mas[22m[39m [33m`f1__username`[39m[0m,[0m [33m`f1`[39m[0m.[0m[33m`email`[39m [37m[1mas[22m[39m [33m`f1__email`[39m[0m,[0m [33m`f1`[39m[0m.[0m[33m`bio`[39m [37m[1mas[22m[39m [33m`f1__bio`[39m[0m,[0m [33m`f1`[39m[0m.[0m[33m`image`[39m [37m[1mas[22m[39m [33m`f1__image`[39m[0m,[0m [33m`f1`[39m[0m.[0m[33m`password`[39m [37m[1mas[22m[39m [33m`f1__password`[39m[0m,[0m [33m`f3`[39m[0m.[0m[33m`id`[39m [37m[1mas[22m[39m [33m`f3__id`[39m[0m,[0m [33m`f3`[39m[0m.[0m[33m`slug`[39m [37m[1mas[22m[39m [33m`f3__slug`[39m[0m,[0m [33m`f3`[39m[0m.[0m[33m`title`[39m [37m[1mas[22m[39m [33m`f3__title`[39m[0m,[0m [33m`f3`[39m[0m.[0m[33m`description`[39m [37m[1mas[22m[39m [33m`f3__description`[39m[0m,[0m [33m`f3`[39m[0m.[0m[33m`body`[39m [37m[1mas[22m[39m [33m`f3__body`[39m[0m,[0m [33m`f3`[39m[0m.[0m[33m`created_at`[39m [37m[1mas[22m[39m [33m`f3__created_at`[39m[0m,[0m [33m`f3`[39m[0m.[0m[33m`updated_at`[39m [37m[1mas[22m[39m [33m`f3__updated_at`[39m[0m,[0m [33m`f3`[39m[0m.[0m[33m`tag_list`[39m [37m[1mas[22m[39m [33m`f3__tag_list`[39m[0m,[0m [33m`f3`[39m[0m.[0m[33m`author_id`[39m [37m[1mas[22m[39m [33m`f3__author_id`[39m[0m,[0m [33m`f3`[39m[0m.[0m[33m`favorites_count`[39m [37m[1mas[22m[39m [33m`f3__favorites_count`[39m[0m,[0m [33m`c5`[39m[0m.[0m[33m`id`[39m [37m[1mas[22m[39m [33m`c5__id`[39m[0m,[0m [33m`c5`[39m[0m.[0m[33m`created_at`[39m [37m[1mas[22m[39m [33m`c5__created_at`[39m[0m,[0m [33m`c5`[39m[0m.[0m[33m`updated_at`[39m [37m[1mas[22m[39m [33m`c5__updated_at`[39m[0m,[0m [33m`c5`[39m[0m.[0m[33m`body`[39m [37m[1mas[22m[39m [33m`c5__body`[39m[0m,[0m [33m`c5`[39m[0m.[0m[33m`article_id`[39m [37m[1mas[22m[39m [33m`c5__article_id`[39m[0m,[0m [33m`c5`[39m[0m.[0m[33m`author_id`[39m [37m[1mas[22m[39m [33m`c5__author_id`[39m [37m[1mfrom[22m[39m [33m`user`[39m [37m[1mas[22m[39m [33m`u0`[39m [37m[1mleft join[22m[39m [33m`user_to_follower`[39m [37m[1mas[22m[39m [33m`u2`[39m [37m[1mon[22m[39m [33m`u0`[39m[0m.[0m[33m`id`[39m [0m=[0m [33m`u2`[39m[0m.[0m[33m`follower`[39m [37m[1mleft join[22m[39m [33m`user`[39m [37m[1mas[22m[39m [33m`f1`[39m [37m[1mon[22m[39m [33m`u2`[39m[0m.[0m[33m`following`[39m [0m=[0m [33m`f1`[39m[0m.[0m[33m`id`[39m [37m[1mleft join[22m[39m [33m`user_favorites`[39m [37m[1mas[22m[39m [33m`u4`[39m [37m[1mon[22m[39m [33m`u0`[39m[0m.[0m[33m`id`[39m [0m=[0m [33m`u4`[39m[0m.[0m[33m`user_id`[39m [37m[1mleft join[22m[39m [33m`article`[39m [37m[1mas[22m[39m [33m`f3`[39m [37m[1mon[22m[39m [33m`u4`[39m[0m.[0m[33m`article_id`[39m [0m=[0m [33m`f3`[39m[0m.[0m[33m`id`[39m [37m[1mleft join[22m[39m [33m`comment`[39m [37m[1mas[22m[39m [33m`c5`[39m [37m[1mon[22m[39m [33m`f3`[39m[0m.[0m[33m`id`[39m [0m=[0m [33m`c5`[39m[0m.[0m[33m`article_id`[39m [37m[1mwhere[22m[39m [33m`u0`[39m[0m.[0m[33m`id`[39m [0m=[0m [32m3[39m[90m [took 0 ms, 1 result][39m
[90m[query] [39m[37m[1mselect[22m[39m [37m[1mcount[22m[39m([37m[1mdistinct[22m[39m [33m`a0`[39m[0m.[0m[33m`id`[39m) [37m[1mas[22m[39m [33m`count`[39m [37m[1mfrom[22m[39m [33m`article`[39m [37m[1mas[22m[39m [33m`a0`[39m [37m[1mleft join[22m[39m [33m`user`[39m [37m[1mas[22m[39m [33m`u1`[39m [37m[1mon[22m[39m [33m`a0`[39m[0m.[0m[33m`author_id`[39m [0m=[0m [33m`u1`[39m[0m.[0m[33m`id`[39m [37m[1mleft join[22m[39m [33m`user_to_follower`[39m [37m[1mas[22m[39m [33m`u2`[39m [37m[1mon[22m[39m [33m`u1`[39m[0m.[0m[33m`id`[39m [0m=[0m [33m`u2`[39m[0m.[0m[33m`follower`[39m [37m[1mwhere[22m[39m [33m`u2`[39m[0m.[0m[33m`following`[39m [0m=[0m [32m3[39m[90m [took 0 ms][39m
[90m[query] [39m[37m[1mselect[22m[39m [33m`a0`[39m[0m.[0m[33m`id`[39m[0m,[0m [33m`a0`[39m[0m.[0m[33m`slug`[39m[0m,[0m [33m`a0`[39m[0m.[0m[33m`title`[39m[0m,[0m [33m`a0`[39m[0m.[0m[33m`description`[39m[0m,[0m [33m`a0`[39m[0m.[0m[33m`body`[39m[0m,[0m [33m`a0`[39m[0m.[0m[33m`created_at`[39m[0m,[0m [33m`a0`[39m[0m.[0m[33m`updated_at`[39m[0m,[0m [33m`a0`[39m[0m.[0m[33m`tag_list`[39m[0m,[0m [33m`a0`[39m[0m.[0m[33m`author_id`[39m[0m,[0m [33m`a0`[39m[0m.[0m[33m`favorites_count`[39m[0m,[0m [33m`a1`[39m[0m.[0m[33m`id`[39m [37m[1mas[22m[39m [33m`a1__id`[39m[0m,[0m [33m`a1`[39m[0m.[0m[33m`username`[39m [37m[1mas[22m[39m [33m`a1__username`[39m[0m,[0m [33m`a1`[39m[0m.[0m[33m`email`[39m [37m[1mas[22m[39m [33m`a1__email`[39m[0m,[0m [33m`a1`[39m[0m.[0m[33m`bio`[39m [37m[1mas[22m[39m [33m`a1__bio`[39m[0m,[0m [33m`a1`[39m[0m.[0m[33m`image`[39m [37m[1mas[22m[39m [33m`a1__image`[39m[0m,[0m [33m`a1`[39m[0m.[0m[33m`password`[39m [37m[1mas[22m[39m [33m`a1__password`[39m[0m,[0m [33m`c2`[39m[0m.[0m[33m`id`[39m [37m[1mas[22m[39m [33m`c2__id`[39m[0m,[0m [33m`c2`[39m[0m.[0m[33m`created_at`[39m [37m[1mas[22m[39m [33m`c2__created_at`[39m[0m,[0m [33m`c2`[39m[0m.[0m[33m`updated_at`[39m [37m[1mas[22m[39m [33m`c2__updated_at`[39m[0m,[0m [33m`c2`[39m[0m.[0m[33m`body`[39m [37m[1mas[22m[39m [33m`c2__body`[39m[0m,[0m [33m`c2`[39m[0m.[0m[33m`article_id`[39m [37m[1mas[22m[39m [33m`c2__article_id`[39m[0m,[0m [33m`c2`[39m[0m.[0m[33m`author_id`[39m [37m[1mas[22m[39m [33m`c2__author_id`[39m [37m[1mfrom[22m[39m [33m`article`[39m [37m[1mas[22m[39m [33m`a0`[39m [37m[1mleft join[22m[39m [33m`user`[39m [37m[1mas[22m[39m [33m`a1`[39m [37m[1mon[22m[39m [33m`a0`[39m[0m.[0m[33m`author_id`[39m [0m=[0m [33m`a1`[39m[0m.[0m[33m`id`[39m [37m[1mleft join[22m[39m [33m`comment`[39m [37m[1mas[22m[39m [33m`c2`[39m [37m[1mon[22m[39m [33m`a0`[39m[0m.[0m[33m`id`[39m [0m=[0m [33m`c2`[39m[0m.[0m[33m`article_id`[39m [37m[1mleft join[22m[39m [33m`user_to_follower`[39m [37m[1mas[22m[39m [33m`u3`[39m [37m[1mon[22m[39m [33m`a1`[39m[0m.[0m[33m`id`[39m [0m=[0m [33m`u3`[39m[0m.[0m[33m`follower`[39m [37m[1mwhere[22m[39m [33m`a0`[39m[0m.[0m[33m`id`[39m [37m[1min[22m[39m ([37m[1mselect[22m[39m [33m`a0`[39m[0m.[0m[33m`id`[39m [37m[1mfrom[22m[39m ([37m[1mselect[22m[39m [33m`a0`[39m[0m.[0m[33m`id`[39m [37m[1mfrom[22m[39m [33m`article`[39m [37m[1mas[22m[39m [33m`a0`[39m [37m[1mleft join[22m[39m [33m`user`[39m [37m[1mas[22m[39m [33m`a1`[39m [37m[1mon[22m[39m [33m`a0`[39m[0m.[0m[33m`author_id`[39m [0m=[0m [33m`a1`[39m[0m.[0m[33m`id`[39m [37m[1mleft join[22m[39m [33m`comment`[39m [37m[1mas[22m[39m [33m`c2`[39m [37m[1mon[22m[39m [33m`a0`[39m[0m.[0m[33m`id`[39m [0m=[0m [33m`c2`[39m[0m.[0m[33m`article_id`[39m [37m[1mleft join[22m[39m [33m`user_to_follower`[39m [37m[1mas[22m[39m [33m`u3`[39m [37m[1mon[22m[39m [33m`a1`[39m[0m.[0m[33m`id`[39m [0m=[0m [33m`u3`[39m[0m.[0m[33m`follower`[39m [37m[1mwhere[22m[39m [33m`u3`[39m[0m.[0m[33m`following`[39m [0m=[0m [32m3[39m [37m[1mgroup by[22m[39m [33m`a0`[39m[0m.[0m[33m`id`[39m [37m[1morder by[22m[39m [37m[1mmin[22m[39m([33m`a0`[39m[0m.[0m[33m`created_at`[39m) [37m[1mdesc[22m[39m [37m[1mlimit[22m[39m [32m10[39m) [37m[1mas[22m[39m [33m`a0`[39m) [37m[1morder by[22m[39m [33m`a0`[39m[0m.[0m[33m`created_at`[39m [37m[1mdesc[22m[39m[90m [took 1 ms, 2 results][39m
findFeed {
  articles: [
    Article {
      id: 1,
      slug: 'how-to-do-something',
      title: 'How to do something',
      description: 'Lorem ipsum dolor sit amet',
      body: 'Lorem ipsum dolor sit amet, consectetur adipiscing elit. Sed euismod, diam id aliquam aliquam, nunc ipsum aliquet nunc, vitae aliq',
      createdAt: 2025-10-15T17:52:09.000Z,
      updatedAt: 2025-10-15T17:52:09.000Z,
      tagList: [Array],
      author: [User],
      favoritesCount: 3,
      comments: [Collection<Comment>]
    },
    Article {
      id: 2,
      slug: 'how-to-do-something-else',
      title: 'How to do something else',
      description: 'Sed euismod',
      body: 'Sed euismod, diam id aliquam aliquam, nunc i consectetur adipiscing elit. Sed euismod, diam id aliquam aliquam, nunc ipsum aliquet nunc, vitae aliq',
      createdAt: 2025-10-15T17:52:09.000Z,
      updatedAt: 2025-10-15T17:52:09.000Z,
      tagList: [Array],
      author: [User],
      favoritesCount: 7,
      comments: [Collection<Comment>]
    }
  ],
  articlesCount: 2
}
[90m[query] [39m[37m[1mselect[22m[39m [33m`t0`[39m[0m.[0m[0m*[0m [37m[1mfrom[22m[39m [33m`tag`[39m [37m[1mas[22m[39m [33m`t0`[39m[90m [took 0 ms, 4 results][39m
[90m[query] [39m[37m[1mselect[22m[39m [33m`u0`[39m[0m.[0m[33m`id`[39m[0m,[0m [33m`u0`[39m[0m.[0m[33m`username`[39m[0m,[0m [33m`u0`[39m[0m.[0m[33m`email`[39m[0m,[0m [33m`u0`[39m[0m.[0m[33m`bio`[39m[0m,[0m [33m`u0`[39m[0m.[0m[33m`image`[39m[0m,[0m [33m`u0`[39m[0m.[0m[33m`password`[39m[0m,[0m [33m`f1`[39m[0m.[0m[33m`id`[39m [37m[1mas[22m[39m [33m`f1__id`[39m[0m,[0m [33m`f1`[39m[0m.[0m[33m`username`[39m [37m[1mas[22m[39m [33m`f1__username`[39m[0m,[0m [33m`f1`[39m[0m.[0m[33m`email`[39m [37m[1mas[22m[39m [33m`f1__email`[39m[0m,[0m [33m`f1`[39m[0m.[0m[33m`bio`[39m [37m[1mas[22m[39m [33m`f1__bio`[39m[0m,[0m [33m`f1`[39m[0m.[0m[33m`image`[39m [37m[1mas[22m[39m [33m`f1__image`[39m[0m,[0m [33m`f1`[39m[0m.[0m[33m`password`[39m [37m[1mas[22m[39m [33m`f1__password`[39m [37m[1mfrom[22m[39m [33m`user`[39m [37m[1mas[22m[39m [33m`u0`[39m [37m[1mleft join[22m[39m [33m`user_to_follower`[39m [37m[1mas[22m[39m [33m`u2`[39m [37m[1mon[22m[39m [33m`u0`[39m[0m.[0m[33m`id`[39m [0m=[0m [33m`u2`[39m[0m.[0m[33m`follower`[39m [37m[1mleft join[22m[39m [33m`user`[39m [37m[1mas[22m[39m [33m`f1`[39m [37m[1mon[22m[39m [33m`u2`[39m[0m.[0m[33m`following`[39m [0m=[0m [33m`f1`[39m[0m.[0m[33m`id`[39m [37m[1mwhere[22m[39m [33m`u0`[39m[0m.[0m[33m`username`[39m [0m=[0m [33m'John Costen'[39m[90m [took 1 ms, 1 result][39m
[90m[query] [39m[37m[1mselect[22m[39m [33m`u0`[39m[0m.[0m[33m`id`[39m[0m,[0m [33m`u0`[39m[0m.[0m[33m`username`[39m[0m,[0m [33m`u0`[39m[0m.[0m[33m`email`[39m[0m,[0m [33m`u0`[39m[0m.[0m[33m`bio`[39m[0m,[0m [33m`u0`[39m[0m.[0m[33m`image`[39m[0m,[0m [33m`u0`[39m[0m.[0m[33m`password`[39m[0m,[0m [33m`f1`[39m[0m.[0m[33m`id`[39m [37m[1mas[22m[39m [33m`f1__id`[39m[0m,[0m [33m`f1`[39m[0m.[0m[33m`username`[39m [37m[1mas[22m[39m [33m`f1__username`[39m[0m,[0m [33m`f1`[39m[0m.[0m[33m`email`[39m [37m[1mas[22m[39m [33m`f1__email`[39m[0m,[0m [33m`f1`[39m[0m.[0m[33m`bio`[39m [37m[1mas[22m[39m [33m`f1__bio`[39m[0m,[0m [33m`f1`[39m[0m.[0m[33m`image`[39m [37m[1mas[22m[39m [33m`f1__image`[39m[0m,[0m [33m`f1`[39m[0m.[0m[33m`password`[39m [37m[1mas[22m[39m [33m`f1__password`[39m[0m,[0m [33m`f3`[39m[0m.[0m[33m`id`[39m [37m[1mas[22m[39m [33m`f3__id`[39m[0m,[0m [33m`f3`[39m[0m.[0m[33m`slug`[39m [37m[1mas[22m[39m [33m`f3__slug`[39m[0m,[0m [33m`f3`[39m[0m.[0m[33m`title`[39m [37m[1mas[22m[39m [33m`f3__title`[39m[0m,[0m [33m`f3`[39m[0m.[0m[33m`description`[39m [37m[1mas[22m[39m [33m`f3__description`[39m[0m,[0m [33m`f3`[39m[0m.[0m[33m`body`[39m [37m[1mas[22m[39m [33m`f3__body`[39m[0m,[0m [33m`f3`[39m[0m.[0m[33m`created_at`[39m [37m[1mas[22m[39m [33m`f3__created_at`[39m[0m,[0m [33m`f3`[39m[0m.[0m[33m`updated_at`[39m [37m[1mas[22m[39m [33m`f3__updated_at`[39m[0m,[0m [33m`f3`[39m[0m.[0m[33m`tag_list`[39m [37m[1mas[22m[39m [33m`f3__tag_list`[39m[0m,[0m [33m`f3`[39m[0m.[0m[33m`author_id`[39m [37m[1mas[22m[39m [33m`f3__author_id`[39m[0m,[0m [33m`f3`[39m[0m.[0m[33m`favorites_count`[39m [37m[1mas[22m[39m [33m`f3__favorites_count`[39m[0m,[0m [33m`c5`[39m[0m.[0m[33m`id`[39m [37m[1mas[22m[39m [33m`c5__id`[39m[0m,[0m [33m`c5`[39m[0m.[0m[33m`created_at`[39m [37m[1mas[22m[39m [33m`c5__created_at`[39m[0m,[0m [33m`c5`[39m[0m.[0m[33m`updated_at`[39m [37m[1mas[22m[39m [33m`c5__updated_at`[39m[0m,[0m [33m`c5`[39m[0m.[0m[33m`body`[39m [37m[1mas[22m[39m [33m`c5__body`[39m[0m,[0m [33m`c5`[39m[0m.[0m[33m`article_id`[39m [37m[1mas[22m[39m [33m`c5__article_id`[39m[0m,[0m [33m`c5`[39m[0m.[0m[33m`author_id`[39m [37m[1mas[22m[39m [33m`c5__author_id`[39m [37m[1mfrom[22m[39m [33m`user`[39m [37m[1mas[22m[39m [33m`u0`[39m [37m[1mleft join[22m[39m [33m`user_to_follower`[39m [37m[1mas[22m[39m [33m`u2`[39m [37m[1mon[22m[39m [33m`u0`[39m[0m.[0m[33m`id`[39m [0m=[0m [33m`u2`[39m[0m.[0m[33m`follower`[39m [37m[1mleft join[22m[39m [33m`user`[39m [37m[1mas[22m[39m [33m`f1`[39m [37m[1mon[22m[39m [33m`u2`[39m[0m.[0m[33m`following`[39m [0m=[0m [33m`f1`[39m[0m.[0m[33m`id`[39m [37m[1mleft join[22m[39m [33m`user_favorites`[39m [37m[1mas[22m[39m [33m`u4`[39m [37m[1mon[22m[39m [33m`u0`[39m[0m.[0m[33m`id`[39m [0m=[0m [33m`u4`[39m[0m.[0m[33m`user_id`[39m [37m[1mleft join[22m[39m [33m`article`[39m [37m[1mas[22m[39m [33m`f3`[39m [37m[1mon[22m[39m [33m`u4`[39m[0m.[0m[33m`article_id`[39m [0m=[0m [33m`f3`[39m[0m.[0m[33m`id`[39m [37m[1mleft join[22m[39m [33m`comment`[39m [37m[1mas[22m[39m [33m`c5`[39m [37m[1mon[22m[39m [33m`f3`[39m[0m.[0m[33m`id`[39m [0m=[0m [33m`c5`[39m[0m.[0m[33m`article_id`[39m [37m[1mwhere[22m[39m [33m`u0`[39m[0m.[0m[33m`id`[39m [0m=[0m [32m3[39m[90m [took 1 ms, 1 result][39m
[90m[query] [39m[37m[1mselect[22m[39m [33m`u0`[39m[0m.[0m[0m*[0m [37m[1mfrom[22m[39m [33m`user`[39m [37m[1mas[22m[39m [33m`u0`[39m [37m[1mwhere[22m[39m [33m`u0`[39m[0m.[0m[33m`username`[39m [0m=[0m [33m'John Costen'[39m [37m[1mlimit[22m[39m [32m1[39m[90m [took 0 ms, 1 result][39m
[90m[query] [39m[37m[1mselect[22m[39m [37m[1mcount[22m[39m([37m[1mdistinct[22m[39m [33m`a`[39m[0m.[0m[33m`id`[39m) [37m[1mas[22m[39m [33m`count`[39m [37m[1mfrom[22m[39m [33m`article`[39m [37m[1mas[22m[39m [33m`a`[39m [37m[1mleft join[22m[39m [33m`user`[39m [37m[1mas[22m[39m [33m`u`[39m [37m[1mon[22m[39m [33m`a`[39m[0m.[0m[33m`author_id`[39m [0m=[0m [33m`u`[39m[0m.[0m[33m`id`[39m [37m[1mwhere[22m[39m [33m`a`[39m[0m.[0m[33m`author_id`[39m [0m=[0m [32m3[39m [37m[1morder by[22m[39m [33m`a`[39m[0m.[0m[33m`created_at`[39m [37m[1mdesc[22m[39m[90m [took 1 ms][39m
[90m[query] [39m[37m[1mselect[22m[39m [33m`a`[39m[0m.[0m[0m*[0m [37m[1mfrom[22m[39m [33m`article`[39m [37m[1mas[22m[39m [33m`a`[39m [37m[1mleft join[22m[39m [33m`user`[39m [37m[1mas[22m[39m [33m`u`[39m [37m[1mon[22m[39m [33m`a`[39m[0m.[0m[33m`author_id`[39m [0m=[0m [33m`u`[39m[0m.[0m[33m`id`[39m [37m[1mwhere[22m[39m [33m`a`[39m[0m.[0m[33m`author_id`[39m [0m=[0m [32m3[39m [37m[1morder by[22m[39m [33m`a`[39m[0m.[0m[33m`created_at`[39m [37m[1mdesc[22m[39m [37m[1mlimit[22m[39m [32m10[39m[90m [took 1 ms, 0 result][39m
[90m[query] [39m[37m[1mselect[22m[39m [33m`a0`[39m[0m.[0m[33m`id`[39m[0m,[0m [33m`a0`[39m[0m.[0m[33m`slug`[39m[0m,[0m [33m`a0`[39m[0m.[0m[33m`title`[39m[0m,[0m [33m`a0`[39m[0m.[0m[33m`description`[39m[0m,[0m [33m`a0`[39m[0m.[0m[33m`body`[39m[0m,[0m [33m`a0`[39m[0m.[0m[33m`created_at`[39m[0m,[0m [33m`a0`[39m[0m.[0m[33m`updated_at`[39m[0m,[0m [33m`a0`[39m[0m.[0m[33m`tag_list`[39m[0m,[0m [33m`a0`[39m[0m.[0m[33m`author_id`[39m[0m,[0m [33m`a0`[39m[0m.[0m[33m`favorites_count`[39m[0m,[0m [33m`a1`[39m[0m.[0m[33m`id`[39m [37m[1mas[22m[39m [33m`a1__id`[39m[0m,[0m [33m`a1`[39m[0m.[0m[33m`username`[39m [37m[1mas[22m[39m [33m`a1__username`[39m[0m,[0m [33m`a1`[39m[0m.[0m[33m`email`[39m [37m[1mas[22m[39m [33m`a1__email`[39m[0m,[0m [33m`a1`[39m[0m.[0m[33m`bio`[39m [37m[1mas[22m[39m [33m`a1__bio`[39m[0m,[0m [33m`a1`[39m[0m.[0m[33m`image`[39m [37m[1mas[22m[39m [33m`a1__image`[39m[0m,[0m [33m`a1`[39m[0m.[0m[33m`password`[39m [37m[1mas[22m[39m [33m`a1__password`[39m[0m,[0m [33m`c2`[39m[0m.[0m[33m`id`[39m [37m[1mas[22m[39m [33m`c2__id`[39m[0m,[0m [33m`c2`[39m[0m.[0m[33m`created_at`[39m [37m[1mas[22m[39m [33m`c2__created_at`[39m[0m,[0m [33m`c2`[39m[0m.[0m[33m`updated_at`[39m [37m[1mas[22m[39m [33m`c2__updated_at`[39m[0m,[0m [33m`c2`[39m[0m.[0m[33m`body`[39m [37m[1mas[22m[39m [33m`c2__body`[39m[0m,[0m [33m`c2`[39m[0m.[0m[33m`article_id`[39m [37m[1mas[22m[39m [33m`c2__article_id`[39m[0m,[0m [33m`c2`[39m[0m.[0m[33m`author_id`[39m [37m[1mas[22m[39m [33m`c2__author_id`[39m [37m[1mfrom[22m[39m [33m`article`[39m [37m[1mas[22m[39m [33m`a0`[39m [37m[1mleft join[22m[39m [33m`user`[39m [37m[1mas[22m[39m [33m`a1`[39m [37m[1mon[22m[39m [33m`a0`[39m[0m.[0m[33m`author_id`[39m [0m=[0m [33m`a1`[39m[0m.[0m[33m`id`[39m [37m[1mleft join[22m[39m [33m`comment`[39m [37m[1mas[22m[39m [33m`c2`[39m [37m[1mon[22m[39m [33m`a0`[39m[0m.[0m[33m`id`[39m [0m=[0m [33m`c2`[39m[0m.[0m[33m`article_id`[39m [37m[1mwhere[22m[39m [32m1[39m [0m=[0m [32m0[39m[90m [took 2 ms, 0 result][39m
[90m[query] [39m[37m[1mselect[22m[39m [33m`u0`[39m[0m.[0m[0m*[0m [37m[1mfrom[22m[39m [33m`user`[39m [37m[1mas[22m[39m [33m`u0`[39m [37m[1mwhere[22m[39m [33m`u0`[39m[0m.[0m[33m`id`[39m [0m=[0m [32m3[39m [37m[1mlimit[22m[39m [32m1[39m[90m [took 1 ms, 1 result][39m
[31m[Nest] 43261  - [39m10/15/2025, 7:40:07 PM [31m  ERROR[39m [38;5;3m[ExceptionsHandler] [39m[31mCannot convert undefined or null to object[39m
TypeError: Cannot convert undefined or null to object
    at Function.keys (<anonymous>)
    at Function.assign (/workspace/backend/node_modules/@mikro-orm/core/entity/EntityAssigner.js:29:16)
    at WrappedEntity.assign (/workspace/backend/node_modules/@mikro-orm/core/entity/WrappedEntity.js:53:48)
    at UserService.update (/workspace/backend/src/user/user.service.ts:64:16)
    at processTicksAndRejections (node:internal/process/task_queues:105:5)
    at /workspace/backend/node_modules/@nestjs/core/router/router-execution-context.js:46:28
    at /workspace/backend/node_modules/@nestjs/core/router/router-proxy.js:9:17
[90m[query] [39m[37m[1mselect[22m[39m [33m`u0`[39m[0m.[0m[0m*[0m [37m[1mfrom[22m[39m [33m`user`[39m [37m[1mas[22m[39m [33m`u0`[39m [37m[1mwhere[22m[39m [33m`u0`[39m[0m.[0m[33m`id`[39m [0m=[0m [32m3[39m [37m[1mlimit[22m[39m [32m1[39m[90m [took 1 ms, 1 result][39m
[31m[Nest] 43261  - [39m10/15/2025, 7:40:10 PM [31m  ERROR[39m [38;5;3m[ExceptionsHandler] [39m[31mCannot convert undefined or null to object[39m
TypeError: Cannot convert undefined or null to object
    at Function.keys (<anonymous>)
    at Function.assign (/workspace/backend/node_modules/@mikro-orm/core/entity/EntityAssigner.js:29:16)
    at WrappedEntity.assign (/workspace/backend/node_modules/@mikro-orm/core/entity/WrappedEntity.js:53:48)
    at UserService.update (/workspace/backend/src/user/user.service.ts:64:16)
    at processTicksAndRejections (node:internal/process/task_queues:105:5)
    at /workspace/backend/node_modules/@nestjs/core/router/router-execution-context.js:46:28
    at /workspace/backend/node_modules/@nestjs/core/router/router-proxy.js:9:17
[90m[query] [39m[37m[1mselect[22m[39m [33m`u0`[39m[0m.[0m[0m*[0m [37m[1mfrom[22m[39m [33m`user`[39m [37m[1mas[22m[39m [33m`u0`[39m [37m[1mwhere[22m[39m [33m`u0`[39m[0m.[0m[33m`id`[39m [0m=[0m [32m3[39m [37m[1mlimit[22m[39m [32m1[39m[90m [took 1 ms, 1 result][39m
[31m[Nest] 43261  - [39m10/15/2025, 7:40:12 PM [31m  ERROR[39m [38;5;3m[ExceptionsHandler] [39m[31mCannot convert undefined or null to object[39m
TypeError: Cannot convert undefined or null to object
    at Function.keys (<anonymous>)
    at Function.assign (/workspace/backend/node_modules/@mikro-orm/core/entity/EntityAssigner.js:29:16)
    at WrappedEntity.assign (/workspace/backend/node_modules/@mikro-orm/core/entity/WrappedEntity.js:53:48)
    at UserService.update (/workspace/backend/src/user/user.service.ts:64:16)
    at processTicksAndRejections (node:internal/process/task_queues:105:5)
    at /workspace/backend/node_modules/@nestjs/core/router/router-execution-context.js:46:28
    at /workspace/backend/node_modules/@nestjs/core/router/router-proxy.js:9:17
[90m[query] [39m[37m[1mselect[22m[39m [33m`u0`[39m[0m.[0m[0m*[0m [37m[1mfrom[22m[39m [33m`user`[39m [37m[1mas[22m[39m [33m`u0`[39m [37m[1mwhere[22m[39m [33m`u0`[39m[0m.[0m[33m`id`[39m [0m=[0m [32m3[39m [37m[1mlimit[22m[39m [32m1[39m[90m [took 1 ms, 1 result][39m
[31m[Nest] 43261  - [39m10/15/2025, 7:40:34 PM [31m  ERROR[39m [38;5;3m[ExceptionsHandler] [39m[31mCannot convert undefined or null to object[39m
TypeError: Cannot convert undefined or null to object
    at Function.keys (<anonymous>)
    at Function.assign (/workspace/backend/node_modules/@mikro-orm/core/entity/EntityAssigner.js:29:16)
    at WrappedEntity.assign (/workspace/backend/node_modules/@mikro-orm/core/entity/WrappedEntity.js:53:48)
    at UserService.update (/workspace/backend/src/user/user.service.ts:64:16)
    at processTicksAndRejections (node:internal/process/task_queues:105:5)
    at /workspace/backend/node_modules/@nestjs/core/router/router-execution-context.js:46:28
    at /workspace/backend/node_modules/@nestjs/core/router/router-proxy.js:9:17
[90m[query] [39m[37m[1mselect[22m[39m [33m`u0`[39m[0m.[0m[0m*[0m [37m[1mfrom[22m[39m [33m`user`[39m [37m[1mas[22m[39m [33m`u0`[39m [37m[1mwhere[22m[39m [33m`u0`[39m[0m.[0m[33m`id`[39m [0m=[0m [32m3[39m [37m[1mlimit[22m[39m [32m1[39m[90m [took 1 ms, 1 result][39m
[31m[Nest] 43261  - [39m10/15/2025, 7:40:35 PM [31m  ERROR[39m [38;5;3m[ExceptionsHandler] [39m[31mCannot convert undefined or null to object[39m
TypeError: Cannot convert undefined or null to object
    at Function.keys (<anonymous>)
    at Function.assign (/workspace/backend/node_modules/@mikro-orm/core/entity/EntityAssigner.js:29:16)
    at WrappedEntity.assign (/workspace/backend/node_modules/@mikro-orm/core/entity/WrappedEntity.js:53:48)
    at UserService.update (/workspace/backend/src/user/user.service.ts:64:16)
    at processTicksAndRejections (node:internal/process/task_queues:105:5)
    at /workspace/backend/node_modules/@nestjs/core/router/router-execution-context.js:46:28
    at /workspace/backend/node_modules/@nestjs/core/router/router-proxy.js:9:17
[90m[query] [39m[37m[1mselect[22m[39m [33m`u0`[39m[0m.[0m[33m`id`[39m[0m,[0m [33m`u0`[39m[0m.[0m[33m`username`[39m[0m,[0m [33m`u0`[39m[0m.[0m[33m`email`[39m[0m,[0m [33m`u0`[39m[0m.[0m[33m`bio`[39m[0m,[0m [33m`u0`[39m[0m.[0m[33m`image`[39m[0m,[0m [33m`u0`[39m[0m.[0m[33m`password`[39m[0m,[0m [33m`f1`[39m[0m.[0m[33m`id`[39m [37m[1mas[22m[39m [33m`f1__id`[39m[0m,[0m [33m`f1`[39m[0m.[0m[33m`username`[39m [37m[1mas[22m[39m [33m`f1__username`[39m[0m,[0m [33m`f1`[39m[0m.[0m[33m`email`[39m [37m[1mas[22m[39m [33m`f1__email`[39m[0m,[0m [33m`f1`[39m[0m.[0m[33m`bio`[39m [37m[1mas[22m[39m [33m`f1__bio`[39m[0m,[0m [33m`f1`[39m[0m.[0m[33m`image`[39m [37m[1mas[22m[39m [33m`f1__image`[39m[0m,[0m [33m`f1`[39m[0m.[0m[33m`password`[39m [37m[1mas[22m[39m [33m`f1__password`[39m [37m[1mfrom[22m[39m [33m`user`[39m [37m[1mas[22m[39m [33m`u0`[39m [37m[1mleft join[22m[39m [33m`user_to_follower`[39m [37m[1mas[22m[39m [33m`u2`[39m [37m[1mon[22m[39m [33m`u0`[39m[0m.[0m[33m`id`[39m [0m=[0m [33m`u2`[39m[0m.[0m[33m`follower`[39m [37m[1mleft join[22m[39m [33m`user`[39m [37m[1mas[22m[39m [33m`f1`[39m [37m[1mon[22m[39m [33m`u2`[39m[0m.[0m[33m`following`[39m [0m=[0m [33m`f1`[39m[0m.[0m[33m`id`[39m [37m[1mwhere[22m[39m [33m`u0`[39m[0m.[0m[33m`username`[39m [0m=[0m [33m'John Costen'[39m[90m [took 1 ms, 1 result][39m
[90m[query] [39m[37m[1mselect[22m[39m [33m`u0`[39m[0m.[0m[33m`id`[39m[0m,[0m [33m`u0`[39m[0m.[0m[33m`username`[39m[0m,[0m [33m`u0`[39m[0m.[0m[33m`email`[39m[0m,[0m [33m`u0`[39m[0m.[0m[33m`bio`[39m[0m,[0m [33m`u0`[39m[0m.[0m[33m`image`[39m[0m,[0m [33m`u0`[39m[0m.[0m[33m`password`[39m[0m,[0m [33m`f1`[39m[0m.[0m[33m`id`[39m [37m[1mas[22m[39m [33m`f1__id`[39m[0m,[0m [33m`f1`[39m[0m.[0m[33m`username`[39m [37m[1mas[22m[39m [33m`f1__username`[39m[0m,[0m [33m`f1`[39m[0m.[0m[33m`email`[39m [37m[1mas[22m[39m [33m`f1__email`[39m[0m,[0m [33m`f1`[39m[0m.[0m[33m`bio`[39m [37m[1mas[22m[39m [33m`f1__bio`[39m[0m,[0m [33m`f1`[39m[0m.[0m[33m`image`[39m [37m[1mas[22m[39m [33m`f1__image`[39m[0m,[0m [33m`f1`[39m[0m.[0m[33m`password`[39m [37m[1mas[22m[39m [33m`f1__password`[39m[0m,[0m [33m`f3`[39m[0m.[0m[33m`id`[39m [37m[1mas[22m[39m [33m`f3__id`[39m[0m,[0m [33m`f3`[39m[0m.[0m[33m`slug`[39m [37m[1mas[22m[39m [33m`f3__slug`[39m[0m,[0m [33m`f3`[39m[0m.[0m[33m`title`[39m [37m[1mas[22m[39m [33m`f3__title`[39m[0m,[0m [33m`f3`[39m[0m.[0m[33m`description`[39m [37m[1mas[22m[39m [33m`f3__description`[39m[0m,[0m [33m`f3`[39m[0m.[0m[33m`body`[39m [37m[1mas[22m[39m [33m`f3__body`[39m[0m,[0m [33m`f3`[39m[0m.[0m[33m`created_at`[39m [37m[1mas[22m[39m [33m`f3__created_at`[39m[0m,[0m [33m`f3`[39m[0m.[0m[33m`updated_at`[39m [37m[1mas[22m[39m [33m`f3__updated_at`[39m[0m,[0m [33m`f3`[39m[0m.[0m[33m`tag_list`[39m [37m[1mas[22m[39m [33m`f3__tag_list`[39m[0m,[0m [33m`f3`[39m[0m.[0m[33m`author_id`[39m [37m[1mas[22m[39m [33m`f3__author_id`[39m[0m,[0m [33m`f3`[39m[0m.[0m[33m`favorites_count`[39m [37m[1mas[22m[39m [33m`f3__favorites_count`[39m[0m,[0m [33m`c5`[39m[0m.[0m[33m`id`[39m [37m[1mas[22m[39m [33m`c5__id`[39m[0m,[0m [33m`c5`[39m[0m.[0m[33m`created_at`[39m [37m[1mas[22m[39m [33m`c5__created_at`[39m[0m,[0m [33m`c5`[39m[0m.[0m[33m`updated_at`[39m [37m[1mas[22m[39m [33m`c5__updated_at`[39m[0m,[0m [33m`c5`[39m[0m.[0m[33m`body`[39m [37m[1mas[22m[39m [33m`c5__body`[39m[0m,[0m [33m`c5`[39m[0m.[0m[33m`article_id`[39m [37m[1mas[22m[39m [33m`c5__article_id`[39m[0m,[0m [33m`c5`[39m[0m.[0m[33m`author_id`[39m [37m[1mas[22m[39m [33m`c5__author_id`[39m [37m[1mfrom[22m[39m [33m`user`[39m [37m[1mas[22m[39m [33m`u0`[39m [37m[1mleft join[22m[39m [33m`user_to_follower`[39m [37m[1mas[22m[39m [33m`u2`[39m [37m[1mon[22m[39m [33m`u0`[39m[0m.[0m[33m`id`[39m [0m=[0m [33m`u2`[39m[0m.[0m[33m`follower`[39m [37m[1mleft join[22m[39m [33m`user`[39m [37m[1mas[22m[39m [33m`f1`[39m [37m[1mon[22m[39m [33m`u2`[39m[0m.[0m[33m`following`[39m [0m=[0m [33m`f1`[39m[0m.[0m[33m`id`[39m [37m[1mleft join[22m[39m [33m`user_favorites`[39m [37m[1mas[22m[39m [33m`u4`[39m [37m[1mon[22m[39m [33m`u0`[39m[0m.[0m[33m`id`[39m [0m=[0m [33m`u4`[39m[0m.[0m[33m`user_id`[39m [37m[1mleft join[22m[39m [33m`article`[39m [37m[1mas[22m[39m [33m`f3`[39m [37m[1mon[22m[39m [33m`u4`[39m[0m.[0m[33m`article_id`[39m [0m=[0m [33m`f3`[39m[0m.[0m[33m`id`[39m [37m[1mleft join[22m[39m [33m`comment`[39m [37m[1mas[22m[39m [33m`c5`[39m [37m[1mon[22m[39m [33m`f3`[39m[0m.[0m[33m`id`[39m [0m=[0m [33m`c5`[39m[0m.[0m[33m`article_id`[39m [37m[1mwhere[22m[39m [33m`u0`[39m[0m.[0m[33m`id`[39m [0m=[0m [32m3[39m[90m [took 1 ms, 1 result][39m
[90m[query] [39m[37m[1mselect[22m[39m [33m`u0`[39m[0m.[0m[0m*[0m [37m[1mfrom[22m[39m [33m`user`[39m [37m[1mas[22m[39m [33m`u0`[39m [37m[1mwhere[22m[39m [33m`u0`[39m[0m.[0m[33m`username`[39m [0m=[0m [33m'John Costen'[39m [37m[1mlimit[22m[39m [32m1[39m[90m [took 0 ms, 1 result][39m
[90m[query] [39m[37m[1mselect[22m[39m [37m[1mcount[22m[39m([37m[1mdistinct[22m[39m [33m`a`[39m[0m.[0m[33m`id`[39m) [37m[1mas[22m[39m [33m`count`[39m [37m[1mfrom[22m[39m [33m`article`[39m [37m[1mas[22m[39m [33m`a`[39m [37m[1mleft join[22m[39m [33m`user`[39m [37m[1mas[22m[39m [33m`u`[39m [37m[1mon[22m[39m [33m`a`[39m[0m.[0m[33m`author_id`[39m [0m=[0m [33m`u`[39m[0m.[0m[33m`id`[39m [37m[1mwhere[22m[39m [33m`a`[39m[0m.[0m[33m`author_id`[39m [0m=[0m [32m3[39m [37m[1morder by[22m[39m [33m`a`[39m[0m.[0m[33m`created_at`[39m [37m[1mdesc[22m[39m[90m [took 0 ms][39m
[90m[query] [39m[37m[1mselect[22m[39m [33m`a`[39m[0m.[0m[0m*[0m [37m[1mfrom[22m[39m [33m`article`[39m [37m[1mas[22m[39m [33m`a`[39m [37m[1mleft join[22m[39m [33m`user`[39m [37m[1mas[22m[39m [33m`u`[39m [37m[1mon[22m[39m [33m`a`[39m[0m.[0m[33m`author_id`[39m [0m=[0m [33m`u`[39m[0m.[0m[33m`id`[39m [37m[1mwhere[22m[39m [33m`a`[39m[0m.[0m[33m`author_id`[39m [0m=[0m [32m3[39m [37m[1morder by[22m[39m [33m`a`[39m[0m.[0m[33m`created_at`[39m [37m[1mdesc[22m[39m [37m[1mlimit[22m[39m [32m10[39m[90m [took 0 ms, 0 result][39m
[90m[query] [39m[37m[1mselect[22m[39m [33m`a0`[39m[0m.[0m[33m`id`[39m[0m,[0m [33m`a0`[39m[0m.[0m[33m`slug`[39m[0m,[0m [33m`a0`[39m[0m.[0m[33m`title`[39m[0m,[0m [33m`a0`[39m[0m.[0m[33m`description`[39m[0m,[0m [33m`a0`[39m[0m.[0m[33m`body`[39m[0m,[0m [33m`a0`[39m[0m.[0m[33m`created_at`[39m[0m,[0m [33m`a0`[39m[0m.[0m[33m`updated_at`[39m[0m,[0m [33m`a0`[39m[0m.[0m[33m`tag_list`[39m[0m,[0m [33m`a0`[39m[0m.[0m[33m`author_id`[39m[0m,[0m [33m`a0`[39m[0m.[0m[33m`favorites_count`[39m[0m,[0m [33m`a1`[39m[0m.[0m[33m`id`[39m [37m[1mas[22m[39m [33m`a1__id`[39m[0m,[0m [33m`a1`[39m[0m.[0m[33m`username`[39m [37m[1mas[22m[39m [33m`a1__username`[39m[0m,[0m [33m`a1`[39m[0m.[0m[33m`email`[39m [37m[1mas[22m[39m [33m`a1__email`[39m[0m,[0m [33m`a1`[39m[0m.[0m[33m`bio`[39m [37m[1mas[22m[39m [33m`a1__bio`[39m[0m,[0m [33m`a1`[39m[0m.[0m[33m`image`[39m [37m[1mas[22m[39m [33m`a1__image`[39m[0m,[0m [33m`a1`[39m[0m.[0m[33m`password`[39m [37m[1mas[22m[39m [33m`a1__password`[39m[0m,[0m [33m`c2`[39m[0m.[0m[33m`id`[39m [37m[1mas[22m[39m [33m`c2__id`[39m[0m,[0m [33m`c2`[39m[0m.[0m[33m`created_at`[39m [37m[1mas[22m[39m [33m`c2__created_at`[39m[0m,[0m [33m`c2`[39m[0m.[0m[33m`updated_at`[39m [37m[1mas[22m[39m [33m`c2__updated_at`[39m[0m,[0m [33m`c2`[39m[0m.[0m[33m`body`[39m [37m[1mas[22m[39m [33m`c2__body`[39m[0m,[0m [33m`c2`[39m[0m.[0m[33m`article_id`[39m [37m[1mas[22m[39m [33m`c2__article_id`[39m[0m,[0m [33m`c2`[39m[0m.[0m[33m`author_id`[39m [37m[1mas[22m[39m [33m`c2__author_id`[39m [37m[1mfrom[22m[39m [33m`article`[39m [37m[1mas[22m[39m [33m`a0`[39m [37m[1mleft join[22m[39m [33m`user`[39m [37m[1mas[22m[39m [33m`a1`[39m [37m[1mon[22m[39m [33m`a0`[39m[0m.[0m[33m`author_id`[39m [0m=[0m [33m`a1`[39m[0m.[0m[33m`id`[39m [37m[1mleft join[22m[39m [33m`comment`[39m [37m[1mas[22m[39m [33m`c2`[39m [37m[1mon[22m[39m [33m`a0`[39m[0m.[0m[33m`id`[39m [0m=[0m [33m`c2`[39m[0m.[0m[33m`article_id`[39m [37m[1mwhere[22m[39m [32m1[39m [0m=[0m [32m0[39m[90m [took 0 ms, 0 result][39m
[90m[query] [39m[37m[1mselect[22m[39m [33m`u0`[39m[0m.[0m[0m*[0m [37m[1mfrom[22m[39m [33m`user`[39m [37m[1mas[22m[39m [33m`u0`[39m [37m[1mwhere[22m[39m [33m`u0`[39m[0m.[0m[33m`id`[39m [0m=[0m [32m3[39m [37m[1mlimit[22m[39m [32m1[39m[90m [took 1 ms, 1 result][39m
[31m[Nest] 43261  - [39m10/15/2025, 7:40:45 PM [31m  ERROR[39m [38;5;3m[ExceptionsHandler] [39m[31mCannot convert undefined or null to object[39m
TypeError: Cannot convert undefined or null to object
    at Function.keys (<anonymous>)
    at Function.assign (/workspace/backend/node_modules/@mikro-orm/core/entity/EntityAssigner.js:29:16)
    at WrappedEntity.assign (/workspace/backend/node_modules/@mikro-orm/core/entity/WrappedEntity.js:53:48)
    at UserService.update (/workspace/backend/src/user/user.service.ts:64:16)
    at processTicksAndRejections (node:internal/process/task_queues:105:5)
    at /workspace/backend/node_modules/@nestjs/core/router/router-execution-context.js:46:28
    at /workspace/backend/node_modules/@nestjs/core/router/router-proxy.js:9:17
[90m[query] [39m[37m[1mselect[22m[39m [33m`u0`[39m[0m.[0m[0m*[0m [37m[1mfrom[22m[39m [33m`user`[39m [37m[1mas[22m[39m [33m`u0`[39m [37m[1mwhere[22m[39m [33m`u0`[39m[0m.[0m[33m`id`[39m [0m=[0m [32m3[39m [37m[1mlimit[22m[39m [32m1[39m[90m [took 0 ms, 1 result][39m
[31m[Nest] 43261  - [39m10/15/2025, 7:40:49 PM [31m  ERROR[39m [38;5;3m[ExceptionsHandler] [39m[31mCannot convert undefined or null to object[39m
TypeError: Cannot convert undefined or null to object
    at Function.keys (<anonymous>)
    at Function.assign (/workspace/backend/node_modules/@mikro-orm/core/entity/EntityAssigner.js:29:16)
    at WrappedEntity.assign (/workspace/backend/node_modules/@mikro-orm/core/entity/WrappedEntity.js:53:48)
    at UserService.update (/workspace/backend/src/user/user.service.ts:64:16)
    at processTicksAndRejections (node:internal/process/task_queues:105:5)
    at /workspace/backend/node_modules/@nestjs/core/router/router-execution-context.js:46:28
    at /workspace/backend/node_modules/@nestjs/core/router/router-proxy.js:9:17
